
Collecting usage statistics. To deactivate, set browser.gatherUsageStats to false.

2026-09-12 20:25:17.672 Uvicorn server started on :::8501

  You can now view your Streamlit app in your browser.

  Local URL: http://localhost:8501
  Network URL: http://192.168.88.178:8501
  External URL: http://14.169.40.148:8501

  For better performance, install the Watchdog module:

  $ xcode-select --install
  $ pip install watchdog
            
Loading weights:   0%|          | 0/199 [00:00<?, ?it/s]Loading weights: 100%|██████████| 199/199 [00:00<00:00, 24339.98it/s]
2026-09-12 20:25:54.968 Examining the path of transformers.models.aria.image_processing_aria_fast raised:
Traceback (most recent call last):
  File "/Users/win-win/Documents/workspace-tbs/UIT/Python-ML/uit-vietnamese-mrc/.venv/lib/python3.12/site-packages/streamlit/watcher/local_sources_watcher.py", line 340, in get_module_paths
    potential_paths = extract_paths(module)
                      ^^^^^^^^^^^^^^^^^^^^^
  File "/Users/win-win/Documents/workspace-tbs/UIT/Python-ML/uit-vietnamese-mrc/.venv/lib/python3.12/site-packages/streamlit/watcher/local_sources_watcher.py", line 327, in <lambda>
    if hasattr(m, "__path__")
       ^^^^^^^^^^^^^^^^^^^^^^
  File "/Users/win-win/Documents/workspace-tbs/UIT/Python-ML/uit-vietnamese-mrc/.venv/lib/python3.12/site-packages/transformers/__init__.py", line 867, in _getattr
    return getattr(importlib.import_module(target, __name__), name)
                   ^^^^^^^^^^^^^^^^^^^^^^^^^^^^^^^^^^^^^^^^^
  File "/Users/win-win/.local/share/uv/python/cpython-3.12.13-macos-aarch64-none/lib/python3.12/importlib/__init__.py", line 90, in import_module
    return _bootstrap._gcd_import(name[level:], package, level)
           ^^^^^^^^^^^^^^^^^^^^^^^^^^^^^^^^^^^^^^^^^^^^^^^^^^^^
  File "<frozen importlib._bootstrap>", line 1387, in _gcd_import
  File "<frozen importlib._bootstrap>", line 1360, in _find_and_load
  File "<frozen importlib._bootstrap>", line 1331, in _find_and_load_unlocked
  File "<frozen importlib._bootstrap>", line 935, in _load_unlocked
  File "<frozen importlib._bootstrap_external>", line 999, in exec_module
  File "<frozen importlib._bootstrap>", line 488, in _call_with_frames_removed
  File "/Users/win-win/Documents/workspace-tbs/UIT/Python-ML/uit-vietnamese-mrc/.venv/lib/python3.12/site-packages/transformers/models/aria/image_processing_aria.py", line 23, in <module>
    from torchvision.transforms.v2 import functional as tvF
ModuleNotFoundError: No module named 'torchvision'
2026-09-12 20:25:54.975 Examining the path of transformers.models.beit.image_processing_beit_fast raised:
Traceback (most recent call last):
  File "/Users/win-win/Documents/workspace-tbs/UIT/Python-ML/uit-vietnamese-mrc/.venv/lib/python3.12/site-packages/streamlit/watcher/local_sources_watcher.py", line 340, in get_module_paths
    potential_paths = extract_paths(module)
                      ^^^^^^^^^^^^^^^^^^^^^
  File "/Users/win-win/Documents/workspace-tbs/UIT/Python-ML/uit-vietnamese-mrc/.venv/lib/python3.12/site-packages/streamlit/watcher/local_sources_watcher.py", line 327, in <lambda>
    if hasattr(m, "__path__")
       ^^^^^^^^^^^^^^^^^^^^^^
  File "/Users/win-win/Documents/workspace-tbs/UIT/Python-ML/uit-vietnamese-mrc/.venv/lib/python3.12/site-packages/transformers/__init__.py", line 867, in _getattr
    return getattr(importlib.import_module(target, __name__), name)
                   ^^^^^^^^^^^^^^^^^^^^^^^^^^^^^^^^^^^^^^^^^
  File "/Users/win-win/.local/share/uv/python/cpython-3.12.13-macos-aarch64-none/lib/python3.12/importlib/__init__.py", line 90, in import_module
    return _bootstrap._gcd_import(name[level:], package, level)
           ^^^^^^^^^^^^^^^^^^^^^^^^^^^^^^^^^^^^^^^^^^^^^^^^^^^^
  File "<frozen importlib._bootstrap>", line 1387, in _gcd_import
  File "<frozen importlib._bootstrap>", line 1360, in _find_and_load
  File "<frozen importlib._bootstrap>", line 1331, in _find_and_load_unlocked
  File "<frozen importlib._bootstrap>", line 935, in _load_unlocked
  File "<frozen importlib._bootstrap_external>", line 999, in exec_module
  File "<frozen importlib._bootstrap>", line 488, in _call_with_frames_removed
  File "/Users/win-win/Documents/workspace-tbs/UIT/Python-ML/uit-vietnamese-mrc/.venv/lib/python3.12/site-packages/transformers/models/beit/image_processing_beit.py", line 20, in <module>
    from torchvision.transforms.v2 import functional as tvF
ModuleNotFoundError: No module named 'torchvision'
2026-09-12 20:25:54.987 Examining the path of transformers.models.bridgetower.image_processing_bridgetower_fast raised:
Traceback (most recent call last):
  File "/Users/win-win/Documents/workspace-tbs/UIT/Python-ML/uit-vietnamese-mrc/.venv/lib/python3.12/site-packages/streamlit/watcher/local_sources_watcher.py", line 340, in get_module_paths
    potential_paths = extract_paths(module)
                      ^^^^^^^^^^^^^^^^^^^^^
  File "/Users/win-win/Documents/workspace-tbs/UIT/Python-ML/uit-vietnamese-mrc/.venv/lib/python3.12/site-packages/streamlit/watcher/local_sources_watcher.py", line 327, in <lambda>
    if hasattr(m, "__path__")
       ^^^^^^^^^^^^^^^^^^^^^^
  File "/Users/win-win/Documents/workspace-tbs/UIT/Python-ML/uit-vietnamese-mrc/.venv/lib/python3.12/site-packages/transformers/__init__.py", line 867, in _getattr
    return getattr(importlib.import_module(target, __name__), name)
                   ^^^^^^^^^^^^^^^^^^^^^^^^^^^^^^^^^^^^^^^^^
  File "/Users/win-win/.local/share/uv/python/cpython-3.12.13-macos-aarch64-none/lib/python3.12/importlib/__init__.py", line 90, in import_module
    return _bootstrap._gcd_import(name[level:], package, level)
           ^^^^^^^^^^^^^^^^^^^^^^^^^^^^^^^^^^^^^^^^^^^^^^^^^^^^
  File "<frozen importlib._bootstrap>", line 1387, in _gcd_import
  File "<frozen importlib._bootstrap>", line 1360, in _find_and_load
  File "<frozen importlib._bootstrap>", line 1331, in _find_and_load_unlocked
  File "<frozen importlib._bootstrap>", line 935, in _load_unlocked
  File "<frozen importlib._bootstrap_external>", line 999, in exec_module
  File "<frozen importlib._bootstrap>", line 488, in _call_with_frames_removed
  File "/Users/win-win/Documents/workspace-tbs/UIT/Python-ML/uit-vietnamese-mrc/.venv/lib/python3.12/site-packages/transformers/models/bridgetower/image_processing_bridgetower.py", line 20, in <module>
    from torchvision.transforms.v2 import functional as tvF
ModuleNotFoundError: No module named 'torchvision'
2026-09-12 20:25:54.996 Examining the path of transformers.models.chmv2.image_processing_chmv2_fast raised:
Traceback (most recent call last):
  File "/Users/win-win/Documents/workspace-tbs/UIT/Python-ML/uit-vietnamese-mrc/.venv/lib/python3.12/site-packages/streamlit/watcher/local_sources_watcher.py", line 340, in get_module_paths
    potential_paths = extract_paths(module)
                      ^^^^^^^^^^^^^^^^^^^^^
  File "/Users/win-win/Documents/workspace-tbs/UIT/Python-ML/uit-vietnamese-mrc/.venv/lib/python3.12/site-packages/streamlit/watcher/local_sources_watcher.py", line 327, in <lambda>
    if hasattr(m, "__path__")
       ^^^^^^^^^^^^^^^^^^^^^^
  File "/Users/win-win/Documents/workspace-tbs/UIT/Python-ML/uit-vietnamese-mrc/.venv/lib/python3.12/site-packages/transformers/__init__.py", line 867, in _getattr
    return getattr(importlib.import_module(target, __name__), name)
                   ^^^^^^^^^^^^^^^^^^^^^^^^^^^^^^^^^^^^^^^^^
  File "/Users/win-win/.local/share/uv/python/cpython-3.12.13-macos-aarch64-none/lib/python3.12/importlib/__init__.py", line 90, in import_module
    return _bootstrap._gcd_import(name[level:], package, level)
           ^^^^^^^^^^^^^^^^^^^^^^^^^^^^^^^^^^^^^^^^^^^^^^^^^^^^
  File "<frozen importlib._bootstrap>", line 1387, in _gcd_import
  File "<frozen importlib._bootstrap>", line 1360, in _find_and_load
  File "<frozen importlib._bootstrap>", line 1331, in _find_and_load_unlocked
  File "<frozen importlib._bootstrap>", line 935, in _load_unlocked
  File "<frozen importlib._bootstrap_external>", line 999, in exec_module
  File "<frozen importlib._bootstrap>", line 488, in _call_with_frames_removed
  File "/Users/win-win/Documents/workspace-tbs/UIT/Python-ML/uit-vietnamese-mrc/.venv/lib/python3.12/site-packages/transformers/models/chmv2/image_processing_chmv2.py", line 27, in <module>
    from torchvision.transforms.v2 import functional as tvF
ModuleNotFoundError: No module named 'torchvision'
2026-09-12 20:25:55.000 Examining the path of transformers.models.cohere2_vision.image_processing_cohere2_vision_fast raised:
Traceback (most recent call last):
  File "/Users/win-win/Documents/workspace-tbs/UIT/Python-ML/uit-vietnamese-mrc/.venv/lib/python3.12/site-packages/streamlit/watcher/local_sources_watcher.py", line 340, in get_module_paths
    potential_paths = extract_paths(module)
                      ^^^^^^^^^^^^^^^^^^^^^
  File "/Users/win-win/Documents/workspace-tbs/UIT/Python-ML/uit-vietnamese-mrc/.venv/lib/python3.12/site-packages/streamlit/watcher/local_sources_watcher.py", line 327, in <lambda>
    if hasattr(m, "__path__")
       ^^^^^^^^^^^^^^^^^^^^^^
  File "/Users/win-win/Documents/workspace-tbs/UIT/Python-ML/uit-vietnamese-mrc/.venv/lib/python3.12/site-packages/transformers/__init__.py", line 867, in _getattr
    return getattr(importlib.import_module(target, __name__), name)
                   ^^^^^^^^^^^^^^^^^^^^^^^^^^^^^^^^^^^^^^^^^
  File "/Users/win-win/.local/share/uv/python/cpython-3.12.13-macos-aarch64-none/lib/python3.12/importlib/__init__.py", line 90, in import_module
    return _bootstrap._gcd_import(name[level:], package, level)
           ^^^^^^^^^^^^^^^^^^^^^^^^^^^^^^^^^^^^^^^^^^^^^^^^^^^^
  File "<frozen importlib._bootstrap>", line 1387, in _gcd_import
  File "<frozen importlib._bootstrap>", line 1360, in _find_and_load
  File "<frozen importlib._bootstrap>", line 1331, in _find_and_load_unlocked
  File "<frozen importlib._bootstrap>", line 935, in _load_unlocked
  File "<frozen importlib._bootstrap_external>", line 999, in exec_module
  File "<frozen importlib._bootstrap>", line 488, in _call_with_frames_removed
  File "/Users/win-win/Documents/workspace-tbs/UIT/Python-ML/uit-vietnamese-mrc/.venv/lib/python3.12/site-packages/transformers/models/cohere2_vision/image_processing_cohere2_vision.py", line 25, in <module>
    from torchvision.transforms.v2 import functional as tvF
ModuleNotFoundError: No module named 'torchvision'
2026-09-12 20:25:55.002 Examining the path of transformers.models.cohere_compass.image_processing_cohere_compass_fast raised:
Traceback (most recent call last):
  File "/Users/win-win/Documents/workspace-tbs/UIT/Python-ML/uit-vietnamese-mrc/.venv/lib/python3.12/site-packages/streamlit/watcher/local_sources_watcher.py", line 340, in get_module_paths
    potential_paths = extract_paths(module)
                      ^^^^^^^^^^^^^^^^^^^^^
  File "/Users/win-win/Documents/workspace-tbs/UIT/Python-ML/uit-vietnamese-mrc/.venv/lib/python3.12/site-packages/streamlit/watcher/local_sources_watcher.py", line 327, in <lambda>
    if hasattr(m, "__path__")
       ^^^^^^^^^^^^^^^^^^^^^^
  File "/Users/win-win/Documents/workspace-tbs/UIT/Python-ML/uit-vietnamese-mrc/.venv/lib/python3.12/site-packages/transformers/__init__.py", line 867, in _getattr
    return getattr(importlib.import_module(target, __name__), name)
                   ^^^^^^^^^^^^^^^^^^^^^^^^^^^^^^^^^^^^^^^^^
  File "/Users/win-win/.local/share/uv/python/cpython-3.12.13-macos-aarch64-none/lib/python3.12/importlib/__init__.py", line 90, in import_module
    return _bootstrap._gcd_import(name[level:], package, level)
           ^^^^^^^^^^^^^^^^^^^^^^^^^^^^^^^^^^^^^^^^^^^^^^^^^^^^
  File "<frozen importlib._bootstrap>", line 1387, in _gcd_import
  File "<frozen importlib._bootstrap>", line 1360, in _find_and_load
  File "<frozen importlib._bootstrap>", line 1331, in _find_and_load_unlocked
  File "<frozen importlib._bootstrap>", line 935, in _load_unlocked
  File "<frozen importlib._bootstrap_external>", line 999, in exec_module
  File "<frozen importlib._bootstrap>", line 488, in _call_with_frames_removed
  File "/Users/win-win/Documents/workspace-tbs/UIT/Python-ML/uit-vietnamese-mrc/.venv/lib/python3.12/site-packages/transformers/models/cohere_compass/image_processing_cohere_compass.py", line 25, in <module>
    from torchvision.transforms.v2 import functional as tvF
ModuleNotFoundError: No module named 'torchvision'
2026-09-12 20:25:55.011 Examining the path of transformers.models.conditional_detr.image_processing_conditional_detr_fast raised:
Traceback (most recent call last):
  File "/Users/win-win/Documents/workspace-tbs/UIT/Python-ML/uit-vietnamese-mrc/.venv/lib/python3.12/site-packages/streamlit/watcher/local_sources_watcher.py", line 340, in get_module_paths
    potential_paths = extract_paths(module)
                      ^^^^^^^^^^^^^^^^^^^^^
  File "/Users/win-win/Documents/workspace-tbs/UIT/Python-ML/uit-vietnamese-mrc/.venv/lib/python3.12/site-packages/streamlit/watcher/local_sources_watcher.py", line 327, in <lambda>
    if hasattr(m, "__path__")
       ^^^^^^^^^^^^^^^^^^^^^^
  File "/Users/win-win/Documents/workspace-tbs/UIT/Python-ML/uit-vietnamese-mrc/.venv/lib/python3.12/site-packages/transformers/__init__.py", line 867, in _getattr
    return getattr(importlib.import_module(target, __name__), name)
                   ^^^^^^^^^^^^^^^^^^^^^^^^^^^^^^^^^^^^^^^^^
  File "/Users/win-win/.local/share/uv/python/cpython-3.12.13-macos-aarch64-none/lib/python3.12/importlib/__init__.py", line 90, in import_module
    return _bootstrap._gcd_import(name[level:], package, level)
           ^^^^^^^^^^^^^^^^^^^^^^^^^^^^^^^^^^^^^^^^^^^^^^^^^^^^
  File "<frozen importlib._bootstrap>", line 1387, in _gcd_import
  File "<frozen importlib._bootstrap>", line 1360, in _find_and_load
  File "<frozen importlib._bootstrap>", line 1331, in _find_and_load_unlocked
  File "<frozen importlib._bootstrap>", line 935, in _load_unlocked
  File "<frozen importlib._bootstrap_external>", line 999, in exec_module
  File "<frozen importlib._bootstrap>", line 488, in _call_with_frames_removed
  File "/Users/win-win/Documents/workspace-tbs/UIT/Python-ML/uit-vietnamese-mrc/.venv/lib/python3.12/site-packages/transformers/models/conditional_detr/image_processing_conditional_detr.py", line 27, in <module>
    from torchvision.io import read_image
ModuleNotFoundError: No module named 'torchvision'
2026-09-12 20:25:55.018 Examining the path of transformers.models.convnext.image_processing_convnext_fast raised:
Traceback (most recent call last):
  File "/Users/win-win/Documents/workspace-tbs/UIT/Python-ML/uit-vietnamese-mrc/.venv/lib/python3.12/site-packages/streamlit/watcher/local_sources_watcher.py", line 340, in get_module_paths
    potential_paths = extract_paths(module)
                      ^^^^^^^^^^^^^^^^^^^^^
  File "/Users/win-win/Documents/workspace-tbs/UIT/Python-ML/uit-vietnamese-mrc/.venv/lib/python3.12/site-packages/streamlit/watcher/local_sources_watcher.py", line 327, in <lambda>
    if hasattr(m, "__path__")
       ^^^^^^^^^^^^^^^^^^^^^^
  File "/Users/win-win/Documents/workspace-tbs/UIT/Python-ML/uit-vietnamese-mrc/.venv/lib/python3.12/site-packages/transformers/__init__.py", line 867, in _getattr
    return getattr(importlib.import_module(target, __name__), name)
                   ^^^^^^^^^^^^^^^^^^^^^^^^^^^^^^^^^^^^^^^^^
  File "/Users/win-win/.local/share/uv/python/cpython-3.12.13-macos-aarch64-none/lib/python3.12/importlib/__init__.py", line 90, in import_module
    return _bootstrap._gcd_import(name[level:], package, level)
           ^^^^^^^^^^^^^^^^^^^^^^^^^^^^^^^^^^^^^^^^^^^^^^^^^^^^
  File "<frozen importlib._bootstrap>", line 1387, in _gcd_import
  File "<frozen importlib._bootstrap>", line 1360, in _find_and_load
  File "<frozen importlib._bootstrap>", line 1331, in _find_and_load_unlocked
  File "<frozen importlib._bootstrap>", line 935, in _load_unlocked
  File "<frozen importlib._bootstrap_external>", line 999, in exec_module
  File "<frozen importlib._bootstrap>", line 488, in _call_with_frames_removed
  File "/Users/win-win/Documents/workspace-tbs/UIT/Python-ML/uit-vietnamese-mrc/.venv/lib/python3.12/site-packages/transformers/models/convnext/image_processing_convnext.py", line 17, in <module>
    from torchvision.transforms.v2 import functional as tvF
ModuleNotFoundError: No module named 'torchvision'
2026-09-12 20:25:55.021 Examining the path of transformers.models.cosmos3_edge.image_processing_cosmos3_edge_fast raised:
Traceback (most recent call last):
  File "/Users/win-win/Documents/workspace-tbs/UIT/Python-ML/uit-vietnamese-mrc/.venv/lib/python3.12/site-packages/streamlit/watcher/local_sources_watcher.py", line 340, in get_module_paths
    potential_paths = extract_paths(module)
                      ^^^^^^^^^^^^^^^^^^^^^
  File "/Users/win-win/Documents/workspace-tbs/UIT/Python-ML/uit-vietnamese-mrc/.venv/lib/python3.12/site-packages/streamlit/watcher/local_sources_watcher.py", line 327, in <lambda>
    if hasattr(m, "__path__")
       ^^^^^^^^^^^^^^^^^^^^^^
  File "/Users/win-win/Documents/workspace-tbs/UIT/Python-ML/uit-vietnamese-mrc/.venv/lib/python3.12/site-packages/transformers/__init__.py", line 867, in _getattr
    return getattr(importlib.import_module(target, __name__), name)
                   ^^^^^^^^^^^^^^^^^^^^^^^^^^^^^^^^^^^^^^^^^
  File "/Users/win-win/.local/share/uv/python/cpython-3.12.13-macos-aarch64-none/lib/python3.12/importlib/__init__.py", line 90, in import_module
    return _bootstrap._gcd_import(name[level:], package, level)
           ^^^^^^^^^^^^^^^^^^^^^^^^^^^^^^^^^^^^^^^^^^^^^^^^^^^^
  File "<frozen importlib._bootstrap>", line 1387, in _gcd_import
  File "<frozen importlib._bootstrap>", line 1360, in _find_and_load
  File "<frozen importlib._bootstrap>", line 1331, in _find_and_load_unlocked
  File "<frozen importlib._bootstrap>", line 935, in _load_unlocked
  File "<frozen importlib._bootstrap_external>", line 999, in exec_module
  File "<frozen importlib._bootstrap>", line 488, in _call_with_frames_removed
  File "/Users/win-win/Documents/workspace-tbs/UIT/Python-ML/uit-vietnamese-mrc/.venv/lib/python3.12/site-packages/transformers/models/cosmos3_edge/image_processing_cosmos3_edge.py", line 23, in <module>
    from torchvision.transforms.v2 import functional as tvF
ModuleNotFoundError: No module named 'torchvision'
2026-09-12 20:25:55.027 Examining the path of transformers.models.deepseek_ocr2.image_processing_deepseek_ocr2_fast raised:
Traceback (most recent call last):
  File "/Users/win-win/Documents/workspace-tbs/UIT/Python-ML/uit-vietnamese-mrc/.venv/lib/python3.12/site-packages/streamlit/watcher/local_sources_watcher.py", line 340, in get_module_paths
    potential_paths = extract_paths(module)
                      ^^^^^^^^^^^^^^^^^^^^^
  File "/Users/win-win/Documents/workspace-tbs/UIT/Python-ML/uit-vietnamese-mrc/.venv/lib/python3.12/site-packages/streamlit/watcher/local_sources_watcher.py", line 327, in <lambda>
    if hasattr(m, "__path__")
       ^^^^^^^^^^^^^^^^^^^^^^
  File "/Users/win-win/Documents/workspace-tbs/UIT/Python-ML/uit-vietnamese-mrc/.venv/lib/python3.12/site-packages/transformers/__init__.py", line 867, in _getattr
    return getattr(importlib.import_module(target, __name__), name)
                   ^^^^^^^^^^^^^^^^^^^^^^^^^^^^^^^^^^^^^^^^^
  File "/Users/win-win/.local/share/uv/python/cpython-3.12.13-macos-aarch64-none/lib/python3.12/importlib/__init__.py", line 90, in import_module
    return _bootstrap._gcd_import(name[level:], package, level)
           ^^^^^^^^^^^^^^^^^^^^^^^^^^^^^^^^^^^^^^^^^^^^^^^^^^^^
  File "<frozen importlib._bootstrap>", line 1387, in _gcd_import
  File "<frozen importlib._bootstrap>", line 1360, in _find_and_load
  File "<frozen importlib._bootstrap>", line 1331, in _find_and_load_unlocked
  File "<frozen importlib._bootstrap>", line 935, in _load_unlocked
  File "<frozen importlib._bootstrap_external>", line 999, in exec_module
  File "<frozen importlib._bootstrap>", line 488, in _call_with_frames_removed
  File "/Users/win-win/Documents/workspace-tbs/UIT/Python-ML/uit-vietnamese-mrc/.venv/lib/python3.12/site-packages/transformers/models/deepseek_ocr2/image_processing_deepseek_ocr2.py", line 24, in <module>
    from torchvision.transforms.v2 import functional as tvF
ModuleNotFoundError: No module named 'torchvision'
2026-09-12 20:25:55.030 Examining the path of transformers.models.deepseek_vl.image_processing_deepseek_vl_fast raised:
Traceback (most recent call last):
  File "/Users/win-win/Documents/workspace-tbs/UIT/Python-ML/uit-vietnamese-mrc/.venv/lib/python3.12/site-packages/streamlit/watcher/local_sources_watcher.py", line 340, in get_module_paths
    potential_paths = extract_paths(module)
                      ^^^^^^^^^^^^^^^^^^^^^
  File "/Users/win-win/Documents/workspace-tbs/UIT/Python-ML/uit-vietnamese-mrc/.venv/lib/python3.12/site-packages/streamlit/watcher/local_sources_watcher.py", line 327, in <lambda>
    if hasattr(m, "__path__")
       ^^^^^^^^^^^^^^^^^^^^^^
  File "/Users/win-win/Documents/workspace-tbs/UIT/Python-ML/uit-vietnamese-mrc/.venv/lib/python3.12/site-packages/transformers/__init__.py", line 867, in _getattr
    return getattr(importlib.import_module(target, __name__), name)
                   ^^^^^^^^^^^^^^^^^^^^^^^^^^^^^^^^^^^^^^^^^
  File "/Users/win-win/.local/share/uv/python/cpython-3.12.13-macos-aarch64-none/lib/python3.12/importlib/__init__.py", line 90, in import_module
    return _bootstrap._gcd_import(name[level:], package, level)
           ^^^^^^^^^^^^^^^^^^^^^^^^^^^^^^^^^^^^^^^^^^^^^^^^^^^^
  File "<frozen importlib._bootstrap>", line 1387, in _gcd_import
  File "<frozen importlib._bootstrap>", line 1360, in _find_and_load
  File "<frozen importlib._bootstrap>", line 1331, in _find_and_load_unlocked
  File "<frozen importlib._bootstrap>", line 935, in _load_unlocked
  File "<frozen importlib._bootstrap_external>", line 999, in exec_module
  File "<frozen importlib._bootstrap>", line 488, in _call_with_frames_removed
  File "/Users/win-win/Documents/workspace-tbs/UIT/Python-ML/uit-vietnamese-mrc/.venv/lib/python3.12/site-packages/transformers/models/deepseek_vl/image_processing_deepseek_vl.py", line 23, in <module>
    import torchvision.transforms.v2.functional as tvF
ModuleNotFoundError: No module named 'torchvision'
2026-09-12 20:25:55.034 Examining the path of transformers.models.deepseek_vl_hybrid.image_processing_deepseek_vl_hybrid_fast raised:
Traceback (most recent call last):
  File "/Users/win-win/Documents/workspace-tbs/UIT/Python-ML/uit-vietnamese-mrc/.venv/lib/python3.12/site-packages/streamlit/watcher/local_sources_watcher.py", line 340, in get_module_paths
    potential_paths = extract_paths(module)
                      ^^^^^^^^^^^^^^^^^^^^^
  File "/Users/win-win/Documents/workspace-tbs/UIT/Python-ML/uit-vietnamese-mrc/.venv/lib/python3.12/site-packages/streamlit/watcher/local_sources_watcher.py", line 327, in <lambda>
    if hasattr(m, "__path__")
       ^^^^^^^^^^^^^^^^^^^^^^
  File "/Users/win-win/Documents/workspace-tbs/UIT/Python-ML/uit-vietnamese-mrc/.venv/lib/python3.12/site-packages/transformers/__init__.py", line 867, in _getattr
    return getattr(importlib.import_module(target, __name__), name)
                   ^^^^^^^^^^^^^^^^^^^^^^^^^^^^^^^^^^^^^^^^^
  File "/Users/win-win/.local/share/uv/python/cpython-3.12.13-macos-aarch64-none/lib/python3.12/importlib/__init__.py", line 90, in import_module
    return _bootstrap._gcd_import(name[level:], package, level)
           ^^^^^^^^^^^^^^^^^^^^^^^^^^^^^^^^^^^^^^^^^^^^^^^^^^^^
  File "<frozen importlib._bootstrap>", line 1387, in _gcd_import
  File "<frozen importlib._bootstrap>", line 1360, in _find_and_load
  File "<frozen importlib._bootstrap>", line 1331, in _find_and_load_unlocked
  File "<frozen importlib._bootstrap>", line 935, in _load_unlocked
  File "<frozen importlib._bootstrap_external>", line 999, in exec_module
  File "<frozen importlib._bootstrap>", line 488, in _call_with_frames_removed
  File "/Users/win-win/Documents/workspace-tbs/UIT/Python-ML/uit-vietnamese-mrc/.venv/lib/python3.12/site-packages/transformers/models/deepseek_vl_hybrid/image_processing_deepseek_vl_hybrid.py", line 25, in <module>
    import torchvision.transforms.v2.functional as tvF
ModuleNotFoundError: No module named 'torchvision'
2026-09-12 20:25:55.040 Examining the path of transformers.models.deformable_detr.image_processing_deformable_detr_fast raised:
Traceback (most recent call last):
  File "/Users/win-win/Documents/workspace-tbs/UIT/Python-ML/uit-vietnamese-mrc/.venv/lib/python3.12/site-packages/streamlit/watcher/local_sources_watcher.py", line 340, in get_module_paths
    potential_paths = extract_paths(module)
                      ^^^^^^^^^^^^^^^^^^^^^
  File "/Users/win-win/Documents/workspace-tbs/UIT/Python-ML/uit-vietnamese-mrc/.venv/lib/python3.12/site-packages/streamlit/watcher/local_sources_watcher.py", line 327, in <lambda>
    if hasattr(m, "__path__")
       ^^^^^^^^^^^^^^^^^^^^^^
  File "/Users/win-win/Documents/workspace-tbs/UIT/Python-ML/uit-vietnamese-mrc/.venv/lib/python3.12/site-packages/transformers/__init__.py", line 867, in _getattr
    return getattr(importlib.import_module(target, __name__), name)
                   ^^^^^^^^^^^^^^^^^^^^^^^^^^^^^^^^^^^^^^^^^
  File "/Users/win-win/.local/share/uv/python/cpython-3.12.13-macos-aarch64-none/lib/python3.12/importlib/__init__.py", line 90, in import_module
    return _bootstrap._gcd_import(name[level:], package, level)
           ^^^^^^^^^^^^^^^^^^^^^^^^^^^^^^^^^^^^^^^^^^^^^^^^^^^^
  File "<frozen importlib._bootstrap>", line 1387, in _gcd_import
  File "<frozen importlib._bootstrap>", line 1360, in _find_and_load
  File "<frozen importlib._bootstrap>", line 1331, in _find_and_load_unlocked
  File "<frozen importlib._bootstrap>", line 935, in _load_unlocked
  File "<frozen importlib._bootstrap_external>", line 999, in exec_module
  File "<frozen importlib._bootstrap>", line 488, in _call_with_frames_removed
  File "/Users/win-win/Documents/workspace-tbs/UIT/Python-ML/uit-vietnamese-mrc/.venv/lib/python3.12/site-packages/transformers/models/deformable_detr/image_processing_deformable_detr.py", line 25, in <module>
    from torchvision.io import read_image
ModuleNotFoundError: No module named 'torchvision'
2026-09-12 20:25:55.047 Examining the path of transformers.models.depth_pro.image_processing_depth_pro_fast raised:
Traceback (most recent call last):
  File "/Users/win-win/Documents/workspace-tbs/UIT/Python-ML/uit-vietnamese-mrc/.venv/lib/python3.12/site-packages/streamlit/watcher/local_sources_watcher.py", line 340, in get_module_paths
    potential_paths = extract_paths(module)
                      ^^^^^^^^^^^^^^^^^^^^^
  File "/Users/win-win/Documents/workspace-tbs/UIT/Python-ML/uit-vietnamese-mrc/.venv/lib/python3.12/site-packages/streamlit/watcher/local_sources_watcher.py", line 327, in <lambda>
    if hasattr(m, "__path__")
       ^^^^^^^^^^^^^^^^^^^^^^
  File "/Users/win-win/Documents/workspace-tbs/UIT/Python-ML/uit-vietnamese-mrc/.venv/lib/python3.12/site-packages/transformers/__init__.py", line 867, in _getattr
    return getattr(importlib.import_module(target, __name__), name)
                   ^^^^^^^^^^^^^^^^^^^^^^^^^^^^^^^^^^^^^^^^^
  File "/Users/win-win/.local/share/uv/python/cpython-3.12.13-macos-aarch64-none/lib/python3.12/importlib/__init__.py", line 90, in import_module
    return _bootstrap._gcd_import(name[level:], package, level)
           ^^^^^^^^^^^^^^^^^^^^^^^^^^^^^^^^^^^^^^^^^^^^^^^^^^^^
  File "<frozen importlib._bootstrap>", line 1387, in _gcd_import
  File "<frozen importlib._bootstrap>", line 1360, in _find_and_load
  File "<frozen importlib._bootstrap>", line 1331, in _find_and_load_unlocked
  File "<frozen importlib._bootstrap>", line 935, in _load_unlocked
  File "<frozen importlib._bootstrap_external>", line 999, in exec_module
  File "<frozen importlib._bootstrap>", line 488, in _call_with_frames_removed
  File "/Users/win-win/Documents/workspace-tbs/UIT/Python-ML/uit-vietnamese-mrc/.venv/lib/python3.12/site-packages/transformers/models/depth_pro/image_processing_depth_pro.py", line 19, in <module>
    from torchvision.transforms.v2 import functional as tvF
ModuleNotFoundError: No module named 'torchvision'
2026-09-12 20:25:55.051 Examining the path of transformers.models.detr.image_processing_detr_fast raised:
Traceback (most recent call last):
  File "/Users/win-win/Documents/workspace-tbs/UIT/Python-ML/uit-vietnamese-mrc/.venv/lib/python3.12/site-packages/streamlit/watcher/local_sources_watcher.py", line 340, in get_module_paths
    potential_paths = extract_paths(module)
                      ^^^^^^^^^^^^^^^^^^^^^
  File "/Users/win-win/Documents/workspace-tbs/UIT/Python-ML/uit-vietnamese-mrc/.venv/lib/python3.12/site-packages/streamlit/watcher/local_sources_watcher.py", line 327, in <lambda>
    if hasattr(m, "__path__")
       ^^^^^^^^^^^^^^^^^^^^^^
  File "/Users/win-win/Documents/workspace-tbs/UIT/Python-ML/uit-vietnamese-mrc/.venv/lib/python3.12/site-packages/transformers/__init__.py", line 867, in _getattr
    return getattr(importlib.import_module(target, __name__), name)
                   ^^^^^^^^^^^^^^^^^^^^^^^^^^^^^^^^^^^^^^^^^
  File "/Users/win-win/.local/share/uv/python/cpython-3.12.13-macos-aarch64-none/lib/python3.12/importlib/__init__.py", line 90, in import_module
    return _bootstrap._gcd_import(name[level:], package, level)
           ^^^^^^^^^^^^^^^^^^^^^^^^^^^^^^^^^^^^^^^^^^^^^^^^^^^^
  File "<frozen importlib._bootstrap>", line 1387, in _gcd_import
  File "<frozen importlib._bootstrap>", line 1360, in _find_and_load
  File "<frozen importlib._bootstrap>", line 1331, in _find_and_load_unlocked
  File "<frozen importlib._bootstrap>", line 935, in _load_unlocked
  File "<frozen importlib._bootstrap_external>", line 999, in exec_module
  File "<frozen importlib._bootstrap>", line 488, in _call_with_frames_removed
  File "/Users/win-win/Documents/workspace-tbs/UIT/Python-ML/uit-vietnamese-mrc/.venv/lib/python3.12/site-packages/transformers/models/detr/image_processing_detr.py", line 22, in <module>
    from torchvision.io import read_image
ModuleNotFoundError: No module named 'torchvision'
2026-09-12 20:25:55.057 Examining the path of transformers.models.dinov3_vit.image_processing_dinov3_vit_fast raised:
Traceback (most recent call last):
  File "/Users/win-win/Documents/workspace-tbs/UIT/Python-ML/uit-vietnamese-mrc/.venv/lib/python3.12/site-packages/streamlit/watcher/local_sources_watcher.py", line 340, in get_module_paths
    potential_paths = extract_paths(module)
                      ^^^^^^^^^^^^^^^^^^^^^
  File "/Users/win-win/Documents/workspace-tbs/UIT/Python-ML/uit-vietnamese-mrc/.venv/lib/python3.12/site-packages/streamlit/watcher/local_sources_watcher.py", line 327, in <lambda>
    if hasattr(m, "__path__")
       ^^^^^^^^^^^^^^^^^^^^^^
  File "/Users/win-win/Documents/workspace-tbs/UIT/Python-ML/uit-vietnamese-mrc/.venv/lib/python3.12/site-packages/transformers/__init__.py", line 867, in _getattr
    return getattr(importlib.import_module(target, __name__), name)
                   ^^^^^^^^^^^^^^^^^^^^^^^^^^^^^^^^^^^^^^^^^
  File "/Users/win-win/.local/share/uv/python/cpython-3.12.13-macos-aarch64-none/lib/python3.12/importlib/__init__.py", line 90, in import_module
    return _bootstrap._gcd_import(name[level:], package, level)
           ^^^^^^^^^^^^^^^^^^^^^^^^^^^^^^^^^^^^^^^^^^^^^^^^^^^^
  File "<frozen importlib._bootstrap>", line 1387, in _gcd_import
  File "<frozen importlib._bootstrap>", line 1360, in _find_and_load
  File "<frozen importlib._bootstrap>", line 1331, in _find_and_load_unlocked
  File "<frozen importlib._bootstrap>", line 935, in _load_unlocked
  File "<frozen importlib._bootstrap_external>", line 999, in exec_module
  File "<frozen importlib._bootstrap>", line 488, in _call_with_frames_removed
  File "/Users/win-win/Documents/workspace-tbs/UIT/Python-ML/uit-vietnamese-mrc/.venv/lib/python3.12/site-packages/transformers/models/dinov3_vit/image_processing_dinov3_vit.py", line 17, in <module>
    from torchvision.transforms.v2 import functional as tvF
ModuleNotFoundError: No module named 'torchvision'
2026-09-12 20:25:55.059 Examining the path of transformers.models.donut.image_processing_donut_fast raised:
Traceback (most recent call last):
  File "/Users/win-win/Documents/workspace-tbs/UIT/Python-ML/uit-vietnamese-mrc/.venv/lib/python3.12/site-packages/streamlit/watcher/local_sources_watcher.py", line 340, in get_module_paths
    potential_paths = extract_paths(module)
                      ^^^^^^^^^^^^^^^^^^^^^
  File "/Users/win-win/Documents/workspace-tbs/UIT/Python-ML/uit-vietnamese-mrc/.venv/lib/python3.12/site-packages/streamlit/watcher/local_sources_watcher.py", line 327, in <lambda>
    if hasattr(m, "__path__")
       ^^^^^^^^^^^^^^^^^^^^^^
  File "/Users/win-win/Documents/workspace-tbs/UIT/Python-ML/uit-vietnamese-mrc/.venv/lib/python3.12/site-packages/transformers/__init__.py", line 867, in _getattr
    return getattr(importlib.import_module(target, __name__), name)
                   ^^^^^^^^^^^^^^^^^^^^^^^^^^^^^^^^^^^^^^^^^
  File "/Users/win-win/.local/share/uv/python/cpython-3.12.13-macos-aarch64-none/lib/python3.12/importlib/__init__.py", line 90, in import_module
    return _bootstrap._gcd_import(name[level:], package, level)
           ^^^^^^^^^^^^^^^^^^^^^^^^^^^^^^^^^^^^^^^^^^^^^^^^^^^^
  File "<frozen importlib._bootstrap>", line 1387, in _gcd_import
  File "<frozen importlib._bootstrap>", line 1360, in _find_and_load
  File "<frozen importlib._bootstrap>", line 1331, in _find_and_load_unlocked
  File "<frozen importlib._bootstrap>", line 935, in _load_unlocked
  File "<frozen importlib._bootstrap_external>", line 999, in exec_module
  File "<frozen importlib._bootstrap>", line 488, in _call_with_frames_removed
  File "/Users/win-win/Documents/workspace-tbs/UIT/Python-ML/uit-vietnamese-mrc/.venv/lib/python3.12/site-packages/transformers/models/donut/image_processing_donut.py", line 17, in <module>
    from torchvision.transforms.v2 import functional as tvF
ModuleNotFoundError: No module named 'torchvision'
2026-09-12 20:25:55.063 Examining the path of transformers.models.dpt.image_processing_dpt_fast raised:
Traceback (most recent call last):
  File "/Users/win-win/Documents/workspace-tbs/UIT/Python-ML/uit-vietnamese-mrc/.venv/lib/python3.12/site-packages/streamlit/watcher/local_sources_watcher.py", line 340, in get_module_paths
    potential_paths = extract_paths(module)
                      ^^^^^^^^^^^^^^^^^^^^^
  File "/Users/win-win/Documents/workspace-tbs/UIT/Python-ML/uit-vietnamese-mrc/.venv/lib/python3.12/site-packages/streamlit/watcher/local_sources_watcher.py", line 327, in <lambda>
    if hasattr(m, "__path__")
       ^^^^^^^^^^^^^^^^^^^^^^
  File "/Users/win-win/Documents/workspace-tbs/UIT/Python-ML/uit-vietnamese-mrc/.venv/lib/python3.12/site-packages/transformers/__init__.py", line 867, in _getattr
    return getattr(importlib.import_module(target, __name__), name)
                   ^^^^^^^^^^^^^^^^^^^^^^^^^^^^^^^^^^^^^^^^^
  File "/Users/win-win/.local/share/uv/python/cpython-3.12.13-macos-aarch64-none/lib/python3.12/importlib/__init__.py", line 90, in import_module
    return _bootstrap._gcd_import(name[level:], package, level)
           ^^^^^^^^^^^^^^^^^^^^^^^^^^^^^^^^^^^^^^^^^^^^^^^^^^^^
  File "<frozen importlib._bootstrap>", line 1387, in _gcd_import
  File "<frozen importlib._bootstrap>", line 1360, in _find_and_load
  File "<frozen importlib._bootstrap>", line 1331, in _find_and_load_unlocked
  File "<frozen importlib._bootstrap>", line 935, in _load_unlocked
  File "<frozen importlib._bootstrap_external>", line 999, in exec_module
  File "<frozen importlib._bootstrap>", line 488, in _call_with_frames_removed
  File "/Users/win-win/Documents/workspace-tbs/UIT/Python-ML/uit-vietnamese-mrc/.venv/lib/python3.12/site-packages/transformers/models/dpt/image_processing_dpt.py", line 28, in <module>
    from torchvision.transforms.v2 import functional as tvF
ModuleNotFoundError: No module named 'torchvision'
2026-09-12 20:25:56.508 Examining the path of transformers.models.efficientloftr.image_processing_efficientloftr_fast raised:
Traceback (most recent call last):
  File "/Users/win-win/Documents/workspace-tbs/UIT/Python-ML/uit-vietnamese-mrc/.venv/lib/python3.12/site-packages/streamlit/watcher/local_sources_watcher.py", line 340, in get_module_paths
    potential_paths = extract_paths(module)
                      ^^^^^^^^^^^^^^^^^^^^^
  File "/Users/win-win/Documents/workspace-tbs/UIT/Python-ML/uit-vietnamese-mrc/.venv/lib/python3.12/site-packages/streamlit/watcher/local_sources_watcher.py", line 327, in <lambda>
    if hasattr(m, "__path__")
       ^^^^^^^^^^^^^^^^^^^^^^
  File "/Users/win-win/Documents/workspace-tbs/UIT/Python-ML/uit-vietnamese-mrc/.venv/lib/python3.12/site-packages/transformers/__init__.py", line 867, in _getattr
    return getattr(importlib.import_module(target, __name__), name)
                   ^^^^^^^^^^^^^^^^^^^^^^^^^^^^^^^^^^^^^^^^^
  File "/Users/win-win/.local/share/uv/python/cpython-3.12.13-macos-aarch64-none/lib/python3.12/importlib/__init__.py", line 90, in import_module
    return _bootstrap._gcd_import(name[level:], package, level)
           ^^^^^^^^^^^^^^^^^^^^^^^^^^^^^^^^^^^^^^^^^^^^^^^^^^^^
  File "<frozen importlib._bootstrap>", line 1387, in _gcd_import
  File "<frozen importlib._bootstrap>", line 1360, in _find_and_load
  File "<frozen importlib._bootstrap>", line 1331, in _find_and_load_unlocked
  File "<frozen importlib._bootstrap>", line 935, in _load_unlocked
  File "<frozen importlib._bootstrap_external>", line 999, in exec_module
  File "<frozen importlib._bootstrap>", line 488, in _call_with_frames_removed
  File "/Users/win-win/Documents/workspace-tbs/UIT/Python-ML/uit-vietnamese-mrc/.venv/lib/python3.12/site-packages/transformers/models/efficientloftr/image_processing_efficientloftr.py", line 10, in <module>
    from torchvision.transforms.v2 import functional as tvF
ModuleNotFoundError: No module named 'torchvision'
2026-09-12 20:25:56.521 Examining the path of transformers.models.efficientnet.image_processing_efficientnet_fast raised:
Traceback (most recent call last):
  File "/Users/win-win/Documents/workspace-tbs/UIT/Python-ML/uit-vietnamese-mrc/.venv/lib/python3.12/site-packages/streamlit/watcher/local_sources_watcher.py", line 340, in get_module_paths
    potential_paths = extract_paths(module)
                      ^^^^^^^^^^^^^^^^^^^^^
  File "/Users/win-win/Documents/workspace-tbs/UIT/Python-ML/uit-vietnamese-mrc/.venv/lib/python3.12/site-packages/streamlit/watcher/local_sources_watcher.py", line 327, in <lambda>
    if hasattr(m, "__path__")
       ^^^^^^^^^^^^^^^^^^^^^^
  File "/Users/win-win/Documents/workspace-tbs/UIT/Python-ML/uit-vietnamese-mrc/.venv/lib/python3.12/site-packages/transformers/__init__.py", line 867, in _getattr
    return getattr(importlib.import_module(target, __name__), name)
                   ^^^^^^^^^^^^^^^^^^^^^^^^^^^^^^^^^^^^^^^^^
  File "/Users/win-win/.local/share/uv/python/cpython-3.12.13-macos-aarch64-none/lib/python3.12/importlib/__init__.py", line 90, in import_module
    return _bootstrap._gcd_import(name[level:], package, level)
           ^^^^^^^^^^^^^^^^^^^^^^^^^^^^^^^^^^^^^^^^^^^^^^^^^^^^
  File "<frozen importlib._bootstrap>", line 1387, in _gcd_import
  File "<frozen importlib._bootstrap>", line 1360, in _find_and_load
  File "<frozen importlib._bootstrap>", line 1331, in _find_and_load_unlocked
  File "<frozen importlib._bootstrap>", line 935, in _load_unlocked
  File "<frozen importlib._bootstrap_external>", line 999, in exec_module
  File "<frozen importlib._bootstrap>", line 488, in _call_with_frames_removed
  File "/Users/win-win/Documents/workspace-tbs/UIT/Python-ML/uit-vietnamese-mrc/.venv/lib/python3.12/site-packages/transformers/models/efficientnet/image_processing_efficientnet.py", line 20, in <module>
    from torchvision.transforms.v2 import functional as tvF
ModuleNotFoundError: No module named 'torchvision'
2026-09-12 20:25:56.531 Examining the path of transformers.models.eomt.image_processing_eomt_fast raised:
Traceback (most recent call last):
  File "/Users/win-win/Documents/workspace-tbs/UIT/Python-ML/uit-vietnamese-mrc/.venv/lib/python3.12/site-packages/streamlit/watcher/local_sources_watcher.py", line 340, in get_module_paths
    potential_paths = extract_paths(module)
                      ^^^^^^^^^^^^^^^^^^^^^
  File "/Users/win-win/Documents/workspace-tbs/UIT/Python-ML/uit-vietnamese-mrc/.venv/lib/python3.12/site-packages/streamlit/watcher/local_sources_watcher.py", line 327, in <lambda>
    if hasattr(m, "__path__")
       ^^^^^^^^^^^^^^^^^^^^^^
  File "/Users/win-win/Documents/workspace-tbs/UIT/Python-ML/uit-vietnamese-mrc/.venv/lib/python3.12/site-packages/transformers/__init__.py", line 867, in _getattr
    return getattr(importlib.import_module(target, __name__), name)
                   ^^^^^^^^^^^^^^^^^^^^^^^^^^^^^^^^^^^^^^^^^
  File "/Users/win-win/.local/share/uv/python/cpython-3.12.13-macos-aarch64-none/lib/python3.12/importlib/__init__.py", line 90, in import_module
    return _bootstrap._gcd_import(name[level:], package, level)
           ^^^^^^^^^^^^^^^^^^^^^^^^^^^^^^^^^^^^^^^^^^^^^^^^^^^^
  File "<frozen importlib._bootstrap>", line 1387, in _gcd_import
  File "<frozen importlib._bootstrap>", line 1360, in _find_and_load
  File "<frozen importlib._bootstrap>", line 1331, in _find_and_load_unlocked
  File "<frozen importlib._bootstrap>", line 935, in _load_unlocked
  File "<frozen importlib._bootstrap_external>", line 999, in exec_module
  File "<frozen importlib._bootstrap>", line 488, in _call_with_frames_removed
  File "/Users/win-win/Documents/workspace-tbs/UIT/Python-ML/uit-vietnamese-mrc/.venv/lib/python3.12/site-packages/transformers/models/eomt/image_processing_eomt.py", line 20, in <module>
    from torchvision.transforms.v2 import functional as tvF
ModuleNotFoundError: No module named 'torchvision'
2026-09-12 20:25:56.541 Examining the path of transformers.models.ernie4_5_vl_moe.image_processing_ernie4_5_vl_moe_fast raised:
Traceback (most recent call last):
  File "/Users/win-win/Documents/workspace-tbs/UIT/Python-ML/uit-vietnamese-mrc/.venv/lib/python3.12/site-packages/streamlit/watcher/local_sources_watcher.py", line 340, in get_module_paths
    potential_paths = extract_paths(module)
                      ^^^^^^^^^^^^^^^^^^^^^
  File "/Users/win-win/Documents/workspace-tbs/UIT/Python-ML/uit-vietnamese-mrc/.venv/lib/python3.12/site-packages/streamlit/watcher/local_sources_watcher.py", line 327, in <lambda>
    if hasattr(m, "__path__")
       ^^^^^^^^^^^^^^^^^^^^^^
  File "/Users/win-win/Documents/workspace-tbs/UIT/Python-ML/uit-vietnamese-mrc/.venv/lib/python3.12/site-packages/transformers/__init__.py", line 867, in _getattr
    return getattr(importlib.import_module(target, __name__), name)
                   ^^^^^^^^^^^^^^^^^^^^^^^^^^^^^^^^^^^^^^^^^
  File "/Users/win-win/.local/share/uv/python/cpython-3.12.13-macos-aarch64-none/lib/python3.12/importlib/__init__.py", line 90, in import_module
    return _bootstrap._gcd_import(name[level:], package, level)
           ^^^^^^^^^^^^^^^^^^^^^^^^^^^^^^^^^^^^^^^^^^^^^^^^^^^^
  File "<frozen importlib._bootstrap>", line 1387, in _gcd_import
  File "<frozen importlib._bootstrap>", line 1360, in _find_and_load
  File "<frozen importlib._bootstrap>", line 1331, in _find_and_load_unlocked
  File "<frozen importlib._bootstrap>", line 935, in _load_unlocked
  File "<frozen importlib._bootstrap_external>", line 999, in exec_module
  File "<frozen importlib._bootstrap>", line 488, in _call_with_frames_removed
  File "/Users/win-win/Documents/workspace-tbs/UIT/Python-ML/uit-vietnamese-mrc/.venv/lib/python3.12/site-packages/transformers/models/ernie4_5_vl_moe/image_processing_ernie4_5_vl_moe.py", line 24, in <module>
    from torchvision.transforms.v2 import functional as tvF
ModuleNotFoundError: No module named 'torchvision'
2026-09-12 20:25:56.551 Examining the path of transformers.models.flava.image_processing_flava_fast raised:
Traceback (most recent call last):
  File "/Users/win-win/Documents/workspace-tbs/UIT/Python-ML/uit-vietnamese-mrc/.venv/lib/python3.12/site-packages/streamlit/watcher/local_sources_watcher.py", line 340, in get_module_paths
    potential_paths = extract_paths(module)
                      ^^^^^^^^^^^^^^^^^^^^^
  File "/Users/win-win/Documents/workspace-tbs/UIT/Python-ML/uit-vietnamese-mrc/.venv/lib/python3.12/site-packages/streamlit/watcher/local_sources_watcher.py", line 327, in <lambda>
    if hasattr(m, "__path__")
       ^^^^^^^^^^^^^^^^^^^^^^
  File "/Users/win-win/Documents/workspace-tbs/UIT/Python-ML/uit-vietnamese-mrc/.venv/lib/python3.12/site-packages/transformers/__init__.py", line 867, in _getattr
    return getattr(importlib.import_module(target, __name__), name)
                   ^^^^^^^^^^^^^^^^^^^^^^^^^^^^^^^^^^^^^^^^^
  File "/Users/win-win/.local/share/uv/python/cpython-3.12.13-macos-aarch64-none/lib/python3.12/importlib/__init__.py", line 90, in import_module
    return _bootstrap._gcd_import(name[level:], package, level)
           ^^^^^^^^^^^^^^^^^^^^^^^^^^^^^^^^^^^^^^^^^^^^^^^^^^^^
  File "<frozen importlib._bootstrap>", line 1387, in _gcd_import
  File "<frozen importlib._bootstrap>", line 1360, in _find_and_load
  File "<frozen importlib._bootstrap>", line 1331, in _find_and_load_unlocked
  File "<frozen importlib._bootstrap>", line 935, in _load_unlocked
  File "<frozen importlib._bootstrap_external>", line 999, in exec_module
  File "<frozen importlib._bootstrap>", line 488, in _call_with_frames_removed
  File "/Users/win-win/Documents/workspace-tbs/UIT/Python-ML/uit-vietnamese-mrc/.venv/lib/python3.12/site-packages/transformers/models/flava/image_processing_flava.py", line 23, in <module>
    from torchvision.transforms.v2 import functional as tvF
ModuleNotFoundError: No module named 'torchvision'
2026-09-12 20:25:56.563 Examining the path of transformers.models.fuyu.image_processing_fuyu_fast raised:
Traceback (most recent call last):
  File "/Users/win-win/Documents/workspace-tbs/UIT/Python-ML/uit-vietnamese-mrc/.venv/lib/python3.12/site-packages/streamlit/watcher/local_sources_watcher.py", line 340, in get_module_paths
    potential_paths = extract_paths(module)
                      ^^^^^^^^^^^^^^^^^^^^^
  File "/Users/win-win/Documents/workspace-tbs/UIT/Python-ML/uit-vietnamese-mrc/.venv/lib/python3.12/site-packages/streamlit/watcher/local_sources_watcher.py", line 327, in <lambda>
    if hasattr(m, "__path__")
       ^^^^^^^^^^^^^^^^^^^^^^
  File "/Users/win-win/Documents/workspace-tbs/UIT/Python-ML/uit-vietnamese-mrc/.venv/lib/python3.12/site-packages/transformers/__init__.py", line 867, in _getattr
    return getattr(importlib.import_module(target, __name__), name)
                   ^^^^^^^^^^^^^^^^^^^^^^^^^^^^^^^^^^^^^^^^^
  File "/Users/win-win/.local/share/uv/python/cpython-3.12.13-macos-aarch64-none/lib/python3.12/importlib/__init__.py", line 90, in import_module
    return _bootstrap._gcd_import(name[level:], package, level)
           ^^^^^^^^^^^^^^^^^^^^^^^^^^^^^^^^^^^^^^^^^^^^^^^^^^^^
  File "<frozen importlib._bootstrap>", line 1387, in _gcd_import
  File "<frozen importlib._bootstrap>", line 1360, in _find_and_load
  File "<frozen importlib._bootstrap>", line 1331, in _find_and_load_unlocked
  File "<frozen importlib._bootstrap>", line 935, in _load_unlocked
  File "<frozen importlib._bootstrap_external>", line 999, in exec_module
  File "<frozen importlib._bootstrap>", line 488, in _call_with_frames_removed
  File "/Users/win-win/Documents/workspace-tbs/UIT/Python-ML/uit-vietnamese-mrc/.venv/lib/python3.12/site-packages/transformers/models/fuyu/image_processing_fuyu.py", line 19, in <module>
    from torchvision.transforms.v2 import functional as tvF
ModuleNotFoundError: No module named 'torchvision'
2026-09-12 20:25:56.568 Examining the path of transformers.models.gemma3.image_processing_gemma3_fast raised:
Traceback (most recent call last):
  File "/Users/win-win/Documents/workspace-tbs/UIT/Python-ML/uit-vietnamese-mrc/.venv/lib/python3.12/site-packages/streamlit/watcher/local_sources_watcher.py", line 340, in get_module_paths
    potential_paths = extract_paths(module)
                      ^^^^^^^^^^^^^^^^^^^^^
  File "/Users/win-win/Documents/workspace-tbs/UIT/Python-ML/uit-vietnamese-mrc/.venv/lib/python3.12/site-packages/streamlit/watcher/local_sources_watcher.py", line 327, in <lambda>
    if hasattr(m, "__path__")
       ^^^^^^^^^^^^^^^^^^^^^^
  File "/Users/win-win/Documents/workspace-tbs/UIT/Python-ML/uit-vietnamese-mrc/.venv/lib/python3.12/site-packages/transformers/__init__.py", line 867, in _getattr
    return getattr(importlib.import_module(target, __name__), name)
                   ^^^^^^^^^^^^^^^^^^^^^^^^^^^^^^^^^^^^^^^^^
  File "/Users/win-win/.local/share/uv/python/cpython-3.12.13-macos-aarch64-none/lib/python3.12/importlib/__init__.py", line 90, in import_module
    return _bootstrap._gcd_import(name[level:], package, level)
           ^^^^^^^^^^^^^^^^^^^^^^^^^^^^^^^^^^^^^^^^^^^^^^^^^^^^
  File "<frozen importlib._bootstrap>", line 1387, in _gcd_import
  File "<frozen importlib._bootstrap>", line 1360, in _find_and_load
  File "<frozen importlib._bootstrap>", line 1331, in _find_and_load_unlocked
  File "<frozen importlib._bootstrap>", line 935, in _load_unlocked
  File "<frozen importlib._bootstrap_external>", line 999, in exec_module
  File "<frozen importlib._bootstrap>", line 488, in _call_with_frames_removed
  File "/Users/win-win/Documents/workspace-tbs/UIT/Python-ML/uit-vietnamese-mrc/.venv/lib/python3.12/site-packages/transformers/models/gemma3/image_processing_gemma3.py", line 20, in <module>
    from torchvision.transforms.v2 import functional as tvF
ModuleNotFoundError: No module named 'torchvision'
2026-09-12 20:25:56.577 Examining the path of transformers.models.gemma4.image_processing_gemma4_fast raised:
Traceback (most recent call last):
  File "/Users/win-win/Documents/workspace-tbs/UIT/Python-ML/uit-vietnamese-mrc/.venv/lib/python3.12/site-packages/streamlit/watcher/local_sources_watcher.py", line 340, in get_module_paths
    potential_paths = extract_paths(module)
                      ^^^^^^^^^^^^^^^^^^^^^
  File "/Users/win-win/Documents/workspace-tbs/UIT/Python-ML/uit-vietnamese-mrc/.venv/lib/python3.12/site-packages/streamlit/watcher/local_sources_watcher.py", line 327, in <lambda>
    if hasattr(m, "__path__")
       ^^^^^^^^^^^^^^^^^^^^^^
  File "/Users/win-win/Documents/workspace-tbs/UIT/Python-ML/uit-vietnamese-mrc/.venv/lib/python3.12/site-packages/transformers/__init__.py", line 867, in _getattr
    return getattr(importlib.import_module(target, __name__), name)
                   ^^^^^^^^^^^^^^^^^^^^^^^^^^^^^^^^^^^^^^^^^
  File "/Users/win-win/.local/share/uv/python/cpython-3.12.13-macos-aarch64-none/lib/python3.12/importlib/__init__.py", line 90, in import_module
    return _bootstrap._gcd_import(name[level:], package, level)
           ^^^^^^^^^^^^^^^^^^^^^^^^^^^^^^^^^^^^^^^^^^^^^^^^^^^^
  File "<frozen importlib._bootstrap>", line 1387, in _gcd_import
  File "<frozen importlib._bootstrap>", line 1360, in _find_and_load
  File "<frozen importlib._bootstrap>", line 1331, in _find_and_load_unlocked
  File "<frozen importlib._bootstrap>", line 935, in _load_unlocked
  File "<frozen importlib._bootstrap_external>", line 999, in exec_module
  File "<frozen importlib._bootstrap>", line 488, in _call_with_frames_removed
  File "/Users/win-win/Documents/workspace-tbs/UIT/Python-ML/uit-vietnamese-mrc/.venv/lib/python3.12/site-packages/transformers/models/gemma4/image_processing_gemma4.py", line 17, in <module>
    from torchvision.transforms.v2 import functional as tvF
ModuleNotFoundError: No module named 'torchvision'
2026-09-12 20:25:56.586 Examining the path of transformers.models.gemma4_unified.image_processing_gemma4_unified_fast raised:
Traceback (most recent call last):
  File "/Users/win-win/Documents/workspace-tbs/UIT/Python-ML/uit-vietnamese-mrc/.venv/lib/python3.12/site-packages/streamlit/watcher/local_sources_watcher.py", line 340, in get_module_paths
    potential_paths = extract_paths(module)
                      ^^^^^^^^^^^^^^^^^^^^^
  File "/Users/win-win/Documents/workspace-tbs/UIT/Python-ML/uit-vietnamese-mrc/.venv/lib/python3.12/site-packages/streamlit/watcher/local_sources_watcher.py", line 327, in <lambda>
    if hasattr(m, "__path__")
       ^^^^^^^^^^^^^^^^^^^^^^
  File "/Users/win-win/Documents/workspace-tbs/UIT/Python-ML/uit-vietnamese-mrc/.venv/lib/python3.12/site-packages/transformers/__init__.py", line 867, in _getattr
    return getattr(importlib.import_module(target, __name__), name)
                   ^^^^^^^^^^^^^^^^^^^^^^^^^^^^^^^^^^^^^^^^^
  File "/Users/win-win/.local/share/uv/python/cpython-3.12.13-macos-aarch64-none/lib/python3.12/importlib/__init__.py", line 90, in import_module
    return _bootstrap._gcd_import(name[level:], package, level)
           ^^^^^^^^^^^^^^^^^^^^^^^^^^^^^^^^^^^^^^^^^^^^^^^^^^^^
  File "<frozen importlib._bootstrap>", line 1387, in _gcd_import
  File "<frozen importlib._bootstrap>", line 1360, in _find_and_load
  File "<frozen importlib._bootstrap>", line 1331, in _find_and_load_unlocked
  File "<frozen importlib._bootstrap>", line 935, in _load_unlocked
  File "<frozen importlib._bootstrap_external>", line 999, in exec_module
  File "<frozen importlib._bootstrap>", line 488, in _call_with_frames_removed
  File "/Users/win-win/Documents/workspace-tbs/UIT/Python-ML/uit-vietnamese-mrc/.venv/lib/python3.12/site-packages/transformers/models/gemma4_unified/image_processing_gemma4_unified.py", line 23, in <module>
    from torchvision.transforms.v2 import functional as tvF
ModuleNotFoundError: No module named 'torchvision'
2026-09-12 20:25:56.588 Examining the path of transformers.models.glm46v.image_processing_glm46v_fast raised:
Traceback (most recent call last):
  File "/Users/win-win/Documents/workspace-tbs/UIT/Python-ML/uit-vietnamese-mrc/.venv/lib/python3.12/site-packages/streamlit/watcher/local_sources_watcher.py", line 340, in get_module_paths
    potential_paths = extract_paths(module)
                      ^^^^^^^^^^^^^^^^^^^^^
  File "/Users/win-win/Documents/workspace-tbs/UIT/Python-ML/uit-vietnamese-mrc/.venv/lib/python3.12/site-packages/streamlit/watcher/local_sources_watcher.py", line 327, in <lambda>
    if hasattr(m, "__path__")
       ^^^^^^^^^^^^^^^^^^^^^^
  File "/Users/win-win/Documents/workspace-tbs/UIT/Python-ML/uit-vietnamese-mrc/.venv/lib/python3.12/site-packages/transformers/__init__.py", line 867, in _getattr
    return getattr(importlib.import_module(target, __name__), name)
                   ^^^^^^^^^^^^^^^^^^^^^^^^^^^^^^^^^^^^^^^^^
  File "/Users/win-win/.local/share/uv/python/cpython-3.12.13-macos-aarch64-none/lib/python3.12/importlib/__init__.py", line 90, in import_module
    return _bootstrap._gcd_import(name[level:], package, level)
           ^^^^^^^^^^^^^^^^^^^^^^^^^^^^^^^^^^^^^^^^^^^^^^^^^^^^
  File "<frozen importlib._bootstrap>", line 1387, in _gcd_import
  File "<frozen importlib._bootstrap>", line 1360, in _find_and_load
  File "<frozen importlib._bootstrap>", line 1331, in _find_and_load_unlocked
  File "<frozen importlib._bootstrap>", line 935, in _load_unlocked
  File "<frozen importlib._bootstrap_external>", line 999, in exec_module
  File "<frozen importlib._bootstrap>", line 488, in _call_with_frames_removed
  File "/Users/win-win/Documents/workspace-tbs/UIT/Python-ML/uit-vietnamese-mrc/.venv/lib/python3.12/site-packages/transformers/models/glm46v/image_processing_glm46v.py", line 24, in <module>
    from torchvision.transforms.v2 import functional as tvF
ModuleNotFoundError: No module named 'torchvision'
2026-09-12 20:25:56.592 Examining the path of transformers.models.glm4v.image_processing_glm4v_fast raised:
Traceback (most recent call last):
  File "/Users/win-win/Documents/workspace-tbs/UIT/Python-ML/uit-vietnamese-mrc/.venv/lib/python3.12/site-packages/streamlit/watcher/local_sources_watcher.py", line 340, in get_module_paths
    potential_paths = extract_paths(module)
                      ^^^^^^^^^^^^^^^^^^^^^
  File "/Users/win-win/Documents/workspace-tbs/UIT/Python-ML/uit-vietnamese-mrc/.venv/lib/python3.12/site-packages/streamlit/watcher/local_sources_watcher.py", line 327, in <lambda>
    if hasattr(m, "__path__")
       ^^^^^^^^^^^^^^^^^^^^^^
  File "/Users/win-win/Documents/workspace-tbs/UIT/Python-ML/uit-vietnamese-mrc/.venv/lib/python3.12/site-packages/transformers/__init__.py", line 867, in _getattr
    return getattr(importlib.import_module(target, __name__), name)
                   ^^^^^^^^^^^^^^^^^^^^^^^^^^^^^^^^^^^^^^^^^
  File "/Users/win-win/.local/share/uv/python/cpython-3.12.13-macos-aarch64-none/lib/python3.12/importlib/__init__.py", line 90, in import_module
    return _bootstrap._gcd_import(name[level:], package, level)
           ^^^^^^^^^^^^^^^^^^^^^^^^^^^^^^^^^^^^^^^^^^^^^^^^^^^^
  File "<frozen importlib._bootstrap>", line 1387, in _gcd_import
  File "<frozen importlib._bootstrap>", line 1360, in _find_and_load
  File "<frozen importlib._bootstrap>", line 1331, in _find_and_load_unlocked
  File "<frozen importlib._bootstrap>", line 935, in _load_unlocked
  File "<frozen importlib._bootstrap_external>", line 999, in exec_module
  File "<frozen importlib._bootstrap>", line 488, in _call_with_frames_removed
  File "/Users/win-win/Documents/workspace-tbs/UIT/Python-ML/uit-vietnamese-mrc/.venv/lib/python3.12/site-packages/transformers/models/glm4v/image_processing_glm4v.py", line 19, in <module>
    from torchvision.transforms.v2 import functional as tvF
ModuleNotFoundError: No module named 'torchvision'
2026-09-12 20:25:56.598 Examining the path of transformers.models.glm5_next.image_processing_glm5_next_fast raised:
Traceback (most recent call last):
  File "/Users/win-win/Documents/workspace-tbs/UIT/Python-ML/uit-vietnamese-mrc/.venv/lib/python3.12/site-packages/streamlit/watcher/local_sources_watcher.py", line 340, in get_module_paths
    potential_paths = extract_paths(module)
                      ^^^^^^^^^^^^^^^^^^^^^
  File "/Users/win-win/Documents/workspace-tbs/UIT/Python-ML/uit-vietnamese-mrc/.venv/lib/python3.12/site-packages/streamlit/watcher/local_sources_watcher.py", line 327, in <lambda>
    if hasattr(m, "__path__")
       ^^^^^^^^^^^^^^^^^^^^^^
  File "/Users/win-win/Documents/workspace-tbs/UIT/Python-ML/uit-vietnamese-mrc/.venv/lib/python3.12/site-packages/transformers/__init__.py", line 867, in _getattr
    return getattr(importlib.import_module(target, __name__), name)
                   ^^^^^^^^^^^^^^^^^^^^^^^^^^^^^^^^^^^^^^^^^
  File "/Users/win-win/.local/share/uv/python/cpython-3.12.13-macos-aarch64-none/lib/python3.12/importlib/__init__.py", line 90, in import_module
    return _bootstrap._gcd_import(name[level:], package, level)
           ^^^^^^^^^^^^^^^^^^^^^^^^^^^^^^^^^^^^^^^^^^^^^^^^^^^^
  File "<frozen importlib._bootstrap>", line 1387, in _gcd_import
  File "<frozen importlib._bootstrap>", line 1360, in _find_and_load
  File "<frozen importlib._bootstrap>", line 1331, in _find_and_load_unlocked
  File "<frozen importlib._bootstrap>", line 935, in _load_unlocked
  File "<frozen importlib._bootstrap_external>", line 999, in exec_module
  File "<frozen importlib._bootstrap>", line 488, in _call_with_frames_removed
  File "/Users/win-win/Documents/workspace-tbs/UIT/Python-ML/uit-vietnamese-mrc/.venv/lib/python3.12/site-packages/transformers/models/glm5_next/image_processing_glm5_next.py", line 24, in <module>
    from torchvision.transforms.v2 import functional as tvF
ModuleNotFoundError: No module named 'torchvision'
2026-09-12 20:25:56.605 Examining the path of transformers.models.glm_image.image_processing_glm_image_fast raised:
Traceback (most recent call last):
  File "/Users/win-win/Documents/workspace-tbs/UIT/Python-ML/uit-vietnamese-mrc/.venv/lib/python3.12/site-packages/streamlit/watcher/local_sources_watcher.py", line 340, in get_module_paths
    potential_paths = extract_paths(module)
                      ^^^^^^^^^^^^^^^^^^^^^
  File "/Users/win-win/Documents/workspace-tbs/UIT/Python-ML/uit-vietnamese-mrc/.venv/lib/python3.12/site-packages/streamlit/watcher/local_sources_watcher.py", line 327, in <lambda>
    if hasattr(m, "__path__")
       ^^^^^^^^^^^^^^^^^^^^^^
  File "/Users/win-win/Documents/workspace-tbs/UIT/Python-ML/uit-vietnamese-mrc/.venv/lib/python3.12/site-packages/transformers/__init__.py", line 867, in _getattr
    return getattr(importlib.import_module(target, __name__), name)
                   ^^^^^^^^^^^^^^^^^^^^^^^^^^^^^^^^^^^^^^^^^
  File "/Users/win-win/.local/share/uv/python/cpython-3.12.13-macos-aarch64-none/lib/python3.12/importlib/__init__.py", line 90, in import_module
    return _bootstrap._gcd_import(name[level:], package, level)
           ^^^^^^^^^^^^^^^^^^^^^^^^^^^^^^^^^^^^^^^^^^^^^^^^^^^^
  File "<frozen importlib._bootstrap>", line 1387, in _gcd_import
  File "<frozen importlib._bootstrap>", line 1360, in _find_and_load
  File "<frozen importlib._bootstrap>", line 1331, in _find_and_load_unlocked
  File "<frozen importlib._bootstrap>", line 935, in _load_unlocked
  File "<frozen importlib._bootstrap_external>", line 999, in exec_module
  File "<frozen importlib._bootstrap>", line 488, in _call_with_frames_removed
  File "/Users/win-win/Documents/workspace-tbs/UIT/Python-ML/uit-vietnamese-mrc/.venv/lib/python3.12/site-packages/transformers/models/glm_image/image_processing_glm_image.py", line 25, in <module>
    from torchvision.transforms.v2 import functional as tvF
ModuleNotFoundError: No module named 'torchvision'
2026-09-12 20:25:56.611 Examining the path of transformers.models.glmga.image_processing_glmga_fast raised:
Traceback (most recent call last):
  File "/Users/win-win/Documents/workspace-tbs/UIT/Python-ML/uit-vietnamese-mrc/.venv/lib/python3.12/site-packages/streamlit/watcher/local_sources_watcher.py", line 340, in get_module_paths
    potential_paths = extract_paths(module)
                      ^^^^^^^^^^^^^^^^^^^^^
  File "/Users/win-win/Documents/workspace-tbs/UIT/Python-ML/uit-vietnamese-mrc/.venv/lib/python3.12/site-packages/streamlit/watcher/local_sources_watcher.py", line 327, in <lambda>
    if hasattr(m, "__path__")
       ^^^^^^^^^^^^^^^^^^^^^^
  File "/Users/win-win/Documents/workspace-tbs/UIT/Python-ML/uit-vietnamese-mrc/.venv/lib/python3.12/site-packages/transformers/__init__.py", line 867, in _getattr
    return getattr(importlib.import_module(target, __name__), name)
                   ^^^^^^^^^^^^^^^^^^^^^^^^^^^^^^^^^^^^^^^^^
  File "/Users/win-win/.local/share/uv/python/cpython-3.12.13-macos-aarch64-none/lib/python3.12/importlib/__init__.py", line 90, in import_module
    return _bootstrap._gcd_import(name[level:], package, level)
           ^^^^^^^^^^^^^^^^^^^^^^^^^^^^^^^^^^^^^^^^^^^^^^^^^^^^
  File "<frozen importlib._bootstrap>", line 1387, in _gcd_import
  File "<frozen importlib._bootstrap>", line 1360, in _find_and_load
  File "<frozen importlib._bootstrap>", line 1331, in _find_and_load_unlocked
  File "<frozen importlib._bootstrap>", line 935, in _load_unlocked
  File "<frozen importlib._bootstrap_external>", line 999, in exec_module
  File "<frozen importlib._bootstrap>", line 488, in _call_with_frames_removed
  File "/Users/win-win/Documents/workspace-tbs/UIT/Python-ML/uit-vietnamese-mrc/.venv/lib/python3.12/site-packages/transformers/models/glmga/image_processing_glmga.py", line 24, in <module>
    from torchvision.transforms.v2 import functional as tvF
ModuleNotFoundError: No module named 'torchvision'
2026-09-12 20:25:56.615 Examining the path of transformers.models.glpn.image_processing_glpn_fast raised:
Traceback (most recent call last):
  File "/Users/win-win/Documents/workspace-tbs/UIT/Python-ML/uit-vietnamese-mrc/.venv/lib/python3.12/site-packages/streamlit/watcher/local_sources_watcher.py", line 340, in get_module_paths
    potential_paths = extract_paths(module)
                      ^^^^^^^^^^^^^^^^^^^^^
  File "/Users/win-win/Documents/workspace-tbs/UIT/Python-ML/uit-vietnamese-mrc/.venv/lib/python3.12/site-packages/streamlit/watcher/local_sources_watcher.py", line 327, in <lambda>
    if hasattr(m, "__path__")
       ^^^^^^^^^^^^^^^^^^^^^^
  File "/Users/win-win/Documents/workspace-tbs/UIT/Python-ML/uit-vietnamese-mrc/.venv/lib/python3.12/site-packages/transformers/__init__.py", line 867, in _getattr
    return getattr(importlib.import_module(target, __name__), name)
                   ^^^^^^^^^^^^^^^^^^^^^^^^^^^^^^^^^^^^^^^^^
  File "/Users/win-win/.local/share/uv/python/cpython-3.12.13-macos-aarch64-none/lib/python3.12/importlib/__init__.py", line 90, in import_module
    return _bootstrap._gcd_import(name[level:], package, level)
           ^^^^^^^^^^^^^^^^^^^^^^^^^^^^^^^^^^^^^^^^^^^^^^^^^^^^
  File "<frozen importlib._bootstrap>", line 1387, in _gcd_import
  File "<frozen importlib._bootstrap>", line 1360, in _find_and_load
  File "<frozen importlib._bootstrap>", line 1331, in _find_and_load_unlocked
  File "<frozen importlib._bootstrap>", line 935, in _load_unlocked
  File "<frozen importlib._bootstrap_external>", line 999, in exec_module
  File "<frozen importlib._bootstrap>", line 488, in _call_with_frames_removed
  File "/Users/win-win/Documents/workspace-tbs/UIT/Python-ML/uit-vietnamese-mrc/.venv/lib/python3.12/site-packages/transformers/models/glpn/image_processing_glpn.py", line 34, in <module>
    from torchvision.transforms.v2 import functional as tvF
ModuleNotFoundError: No module named 'torchvision'
2026-09-12 20:25:56.619 Examining the path of transformers.models.got_ocr2.image_processing_got_ocr2_fast raised:
Traceback (most recent call last):
  File "/Users/win-win/Documents/workspace-tbs/UIT/Python-ML/uit-vietnamese-mrc/.venv/lib/python3.12/site-packages/streamlit/watcher/local_sources_watcher.py", line 340, in get_module_paths
    potential_paths = extract_paths(module)
                      ^^^^^^^^^^^^^^^^^^^^^
  File "/Users/win-win/Documents/workspace-tbs/UIT/Python-ML/uit-vietnamese-mrc/.venv/lib/python3.12/site-packages/streamlit/watcher/local_sources_watcher.py", line 327, in <lambda>
    if hasattr(m, "__path__")
       ^^^^^^^^^^^^^^^^^^^^^^
  File "/Users/win-win/Documents/workspace-tbs/UIT/Python-ML/uit-vietnamese-mrc/.venv/lib/python3.12/site-packages/transformers/__init__.py", line 867, in _getattr
    return getattr(importlib.import_module(target, __name__), name)
                   ^^^^^^^^^^^^^^^^^^^^^^^^^^^^^^^^^^^^^^^^^
  File "/Users/win-win/.local/share/uv/python/cpython-3.12.13-macos-aarch64-none/lib/python3.12/importlib/__init__.py", line 90, in import_module
    return _bootstrap._gcd_import(name[level:], package, level)
           ^^^^^^^^^^^^^^^^^^^^^^^^^^^^^^^^^^^^^^^^^^^^^^^^^^^^
  File "<frozen importlib._bootstrap>", line 1387, in _gcd_import
  File "<frozen importlib._bootstrap>", line 1360, in _find_and_load
  File "<frozen importlib._bootstrap>", line 1331, in _find_and_load_unlocked
  File "<frozen importlib._bootstrap>", line 935, in _load_unlocked
  File "<frozen importlib._bootstrap_external>", line 999, in exec_module
  File "<frozen importlib._bootstrap>", line 488, in _call_with_frames_removed
  File "/Users/win-win/Documents/workspace-tbs/UIT/Python-ML/uit-vietnamese-mrc/.venv/lib/python3.12/site-packages/transformers/models/got_ocr2/image_processing_got_ocr2.py", line 19, in <module>
    from torchvision.transforms.v2 import functional as tvF
ModuleNotFoundError: No module named 'torchvision'
2026-09-12 20:25:56.624 Examining the path of transformers.models.grounding_dino.image_processing_grounding_dino_fast raised:
Traceback (most recent call last):
  File "/Users/win-win/Documents/workspace-tbs/UIT/Python-ML/uit-vietnamese-mrc/.venv/lib/python3.12/site-packages/streamlit/watcher/local_sources_watcher.py", line 340, in get_module_paths
    potential_paths = extract_paths(module)
                      ^^^^^^^^^^^^^^^^^^^^^
  File "/Users/win-win/Documents/workspace-tbs/UIT/Python-ML/uit-vietnamese-mrc/.venv/lib/python3.12/site-packages/streamlit/watcher/local_sources_watcher.py", line 327, in <lambda>
    if hasattr(m, "__path__")
       ^^^^^^^^^^^^^^^^^^^^^^
  File "/Users/win-win/Documents/workspace-tbs/UIT/Python-ML/uit-vietnamese-mrc/.venv/lib/python3.12/site-packages/transformers/__init__.py", line 867, in _getattr
    return getattr(importlib.import_module(target, __name__), name)
                   ^^^^^^^^^^^^^^^^^^^^^^^^^^^^^^^^^^^^^^^^^
  File "/Users/win-win/.local/share/uv/python/cpython-3.12.13-macos-aarch64-none/lib/python3.12/importlib/__init__.py", line 90, in import_module
    return _bootstrap._gcd_import(name[level:], package, level)
           ^^^^^^^^^^^^^^^^^^^^^^^^^^^^^^^^^^^^^^^^^^^^^^^^^^^^
  File "<frozen importlib._bootstrap>", line 1387, in _gcd_import
  File "<frozen importlib._bootstrap>", line 1360, in _find_and_load
  File "<frozen importlib._bootstrap>", line 1331, in _find_and_load_unlocked
  File "<frozen importlib._bootstrap>", line 935, in _load_unlocked
  File "<frozen importlib._bootstrap_external>", line 999, in exec_module
  File "<frozen importlib._bootstrap>", line 488, in _call_with_frames_removed
  File "/Users/win-win/Documents/workspace-tbs/UIT/Python-ML/uit-vietnamese-mrc/.venv/lib/python3.12/site-packages/transformers/models/grounding_dino/image_processing_grounding_dino.py", line 30, in <module>
    from torchvision.io import read_image
ModuleNotFoundError: No module named 'torchvision'
2026-09-12 20:25:56.630 Examining the path of transformers.models.hunyuan_vl.image_processing_hunyuan_vl_fast raised:
Traceback (most recent call last):
  File "/Users/win-win/Documents/workspace-tbs/UIT/Python-ML/uit-vietnamese-mrc/.venv/lib/python3.12/site-packages/streamlit/watcher/local_sources_watcher.py", line 340, in get_module_paths
    potential_paths = extract_paths(module)
                      ^^^^^^^^^^^^^^^^^^^^^
  File "/Users/win-win/Documents/workspace-tbs/UIT/Python-ML/uit-vietnamese-mrc/.venv/lib/python3.12/site-packages/streamlit/watcher/local_sources_watcher.py", line 327, in <lambda>
    if hasattr(m, "__path__")
       ^^^^^^^^^^^^^^^^^^^^^^
  File "/Users/win-win/Documents/workspace-tbs/UIT/Python-ML/uit-vietnamese-mrc/.venv/lib/python3.12/site-packages/transformers/__init__.py", line 867, in _getattr
    return getattr(importlib.import_module(target, __name__), name)
                   ^^^^^^^^^^^^^^^^^^^^^^^^^^^^^^^^^^^^^^^^^
  File "/Users/win-win/.local/share/uv/python/cpython-3.12.13-macos-aarch64-none/lib/python3.12/importlib/__init__.py", line 90, in import_module
    return _bootstrap._gcd_import(name[level:], package, level)
           ^^^^^^^^^^^^^^^^^^^^^^^^^^^^^^^^^^^^^^^^^^^^^^^^^^^^
  File "<frozen importlib._bootstrap>", line 1387, in _gcd_import
  File "<frozen importlib._bootstrap>", line 1360, in _find_and_load
  File "<frozen importlib._bootstrap>", line 1331, in _find_and_load_unlocked
  File "<frozen importlib._bootstrap>", line 935, in _load_unlocked
  File "<frozen importlib._bootstrap_external>", line 999, in exec_module
  File "<frozen importlib._bootstrap>", line 488, in _call_with_frames_removed
  File "/Users/win-win/Documents/workspace-tbs/UIT/Python-ML/uit-vietnamese-mrc/.venv/lib/python3.12/site-packages/transformers/models/hunyuan_vl/image_processing_hunyuan_vl.py", line 25, in <module>
    from torchvision.transforms.v2 import functional as tvF
ModuleNotFoundError: No module named 'torchvision'
2026-09-12 20:25:56.643 Examining the path of transformers.models.idefics2.image_processing_idefics2_fast raised:
Traceback (most recent call last):
  File "/Users/win-win/Documents/workspace-tbs/UIT/Python-ML/uit-vietnamese-mrc/.venv/lib/python3.12/site-packages/streamlit/watcher/local_sources_watcher.py", line 340, in get_module_paths
    potential_paths = extract_paths(module)
                      ^^^^^^^^^^^^^^^^^^^^^
  File "/Users/win-win/Documents/workspace-tbs/UIT/Python-ML/uit-vietnamese-mrc/.venv/lib/python3.12/site-packages/streamlit/watcher/local_sources_watcher.py", line 327, in <lambda>
    if hasattr(m, "__path__")
       ^^^^^^^^^^^^^^^^^^^^^^
  File "/Users/win-win/Documents/workspace-tbs/UIT/Python-ML/uit-vietnamese-mrc/.venv/lib/python3.12/site-packages/transformers/__init__.py", line 867, in _getattr
    return getattr(importlib.import_module(target, __name__), name)
                   ^^^^^^^^^^^^^^^^^^^^^^^^^^^^^^^^^^^^^^^^^
  File "/Users/win-win/.local/share/uv/python/cpython-3.12.13-macos-aarch64-none/lib/python3.12/importlib/__init__.py", line 90, in import_module
    return _bootstrap._gcd_import(name[level:], package, level)
           ^^^^^^^^^^^^^^^^^^^^^^^^^^^^^^^^^^^^^^^^^^^^^^^^^^^^
  File "<frozen importlib._bootstrap>", line 1387, in _gcd_import
  File "<frozen importlib._bootstrap>", line 1360, in _find_and_load
  File "<frozen importlib._bootstrap>", line 1331, in _find_and_load_unlocked
  File "<frozen importlib._bootstrap>", line 935, in _load_unlocked
  File "<frozen importlib._bootstrap_external>", line 999, in exec_module
  File "<frozen importlib._bootstrap>", line 488, in _call_with_frames_removed
  File "/Users/win-win/Documents/workspace-tbs/UIT/Python-ML/uit-vietnamese-mrc/.venv/lib/python3.12/site-packages/transformers/models/idefics2/image_processing_idefics2.py", line 37, in <module>
    from torchvision.transforms.v2 import functional as tvF
ModuleNotFoundError: No module named 'torchvision'
2026-09-12 20:25:56.648 Examining the path of transformers.models.idefics3.image_processing_idefics3_fast raised:
Traceback (most recent call last):
  File "/Users/win-win/Documents/workspace-tbs/UIT/Python-ML/uit-vietnamese-mrc/.venv/lib/python3.12/site-packages/streamlit/watcher/local_sources_watcher.py", line 340, in get_module_paths
    potential_paths = extract_paths(module)
                      ^^^^^^^^^^^^^^^^^^^^^
  File "/Users/win-win/Documents/workspace-tbs/UIT/Python-ML/uit-vietnamese-mrc/.venv/lib/python3.12/site-packages/streamlit/watcher/local_sources_watcher.py", line 327, in <lambda>
    if hasattr(m, "__path__")
       ^^^^^^^^^^^^^^^^^^^^^^
  File "/Users/win-win/Documents/workspace-tbs/UIT/Python-ML/uit-vietnamese-mrc/.venv/lib/python3.12/site-packages/transformers/__init__.py", line 867, in _getattr
    return getattr(importlib.import_module(target, __name__), name)
                   ^^^^^^^^^^^^^^^^^^^^^^^^^^^^^^^^^^^^^^^^^
  File "/Users/win-win/.local/share/uv/python/cpython-3.12.13-macos-aarch64-none/lib/python3.12/importlib/__init__.py", line 90, in import_module
    return _bootstrap._gcd_import(name[level:], package, level)
           ^^^^^^^^^^^^^^^^^^^^^^^^^^^^^^^^^^^^^^^^^^^^^^^^^^^^
  File "<frozen importlib._bootstrap>", line 1387, in _gcd_import
  File "<frozen importlib._bootstrap>", line 1360, in _find_and_load
  File "<frozen importlib._bootstrap>", line 1331, in _find_and_load_unlocked
  File "<frozen importlib._bootstrap>", line 935, in _load_unlocked
  File "<frozen importlib._bootstrap_external>", line 999, in exec_module
  File "<frozen importlib._bootstrap>", line 488, in _call_with_frames_removed
  File "/Users/win-win/Documents/workspace-tbs/UIT/Python-ML/uit-vietnamese-mrc/.venv/lib/python3.12/site-packages/transformers/models/idefics3/image_processing_idefics3.py", line 20, in <module>
    from torchvision.transforms.v2 import functional as tvF
ModuleNotFoundError: No module named 'torchvision'
2026-09-12 20:25:56.652 Examining the path of transformers.models.imagegpt.image_processing_imagegpt_fast raised:
Traceback (most recent call last):
  File "/Users/win-win/Documents/workspace-tbs/UIT/Python-ML/uit-vietnamese-mrc/.venv/lib/python3.12/site-packages/streamlit/watcher/local_sources_watcher.py", line 340, in get_module_paths
    potential_paths = extract_paths(module)
                      ^^^^^^^^^^^^^^^^^^^^^
  File "/Users/win-win/Documents/workspace-tbs/UIT/Python-ML/uit-vietnamese-mrc/.venv/lib/python3.12/site-packages/streamlit/watcher/local_sources_watcher.py", line 327, in <lambda>
    if hasattr(m, "__path__")
       ^^^^^^^^^^^^^^^^^^^^^^
  File "/Users/win-win/Documents/workspace-tbs/UIT/Python-ML/uit-vietnamese-mrc/.venv/lib/python3.12/site-packages/transformers/__init__.py", line 867, in _getattr
    return getattr(importlib.import_module(target, __name__), name)
                   ^^^^^^^^^^^^^^^^^^^^^^^^^^^^^^^^^^^^^^^^^
  File "/Users/win-win/.local/share/uv/python/cpython-3.12.13-macos-aarch64-none/lib/python3.12/importlib/__init__.py", line 90, in import_module
    return _bootstrap._gcd_import(name[level:], package, level)
           ^^^^^^^^^^^^^^^^^^^^^^^^^^^^^^^^^^^^^^^^^^^^^^^^^^^^
  File "<frozen importlib._bootstrap>", line 1387, in _gcd_import
  File "<frozen importlib._bootstrap>", line 1360, in _find_and_load
  File "<frozen importlib._bootstrap>", line 1331, in _find_and_load_unlocked
  File "<frozen importlib._bootstrap>", line 935, in _load_unlocked
  File "<frozen importlib._bootstrap_external>", line 999, in exec_module
  File "<frozen importlib._bootstrap>", line 488, in _call_with_frames_removed
  File "/Users/win-win/Documents/workspace-tbs/UIT/Python-ML/uit-vietnamese-mrc/.venv/lib/python3.12/site-packages/transformers/models/imagegpt/image_processing_imagegpt.py", line 20, in <module>
    from torchvision.transforms.v2 import functional as tvF
ModuleNotFoundError: No module named 'torchvision'
2026-09-12 20:25:56.655 Examining the path of transformers.models.inkling.image_processing_inkling_fast raised:
Traceback (most recent call last):
  File "/Users/win-win/Documents/workspace-tbs/UIT/Python-ML/uit-vietnamese-mrc/.venv/lib/python3.12/site-packages/streamlit/watcher/local_sources_watcher.py", line 340, in get_module_paths
    potential_paths = extract_paths(module)
                      ^^^^^^^^^^^^^^^^^^^^^
  File "/Users/win-win/Documents/workspace-tbs/UIT/Python-ML/uit-vietnamese-mrc/.venv/lib/python3.12/site-packages/streamlit/watcher/local_sources_watcher.py", line 327, in <lambda>
    if hasattr(m, "__path__")
       ^^^^^^^^^^^^^^^^^^^^^^
  File "/Users/win-win/Documents/workspace-tbs/UIT/Python-ML/uit-vietnamese-mrc/.venv/lib/python3.12/site-packages/transformers/__init__.py", line 867, in _getattr
    return getattr(importlib.import_module(target, __name__), name)
                   ^^^^^^^^^^^^^^^^^^^^^^^^^^^^^^^^^^^^^^^^^
  File "/Users/win-win/.local/share/uv/python/cpython-3.12.13-macos-aarch64-none/lib/python3.12/importlib/__init__.py", line 90, in import_module
    return _bootstrap._gcd_import(name[level:], package, level)
           ^^^^^^^^^^^^^^^^^^^^^^^^^^^^^^^^^^^^^^^^^^^^^^^^^^^^
  File "<frozen importlib._bootstrap>", line 1387, in _gcd_import
  File "<frozen importlib._bootstrap>", line 1360, in _find_and_load
  File "<frozen importlib._bootstrap>", line 1331, in _find_and_load_unlocked
  File "<frozen importlib._bootstrap>", line 935, in _load_unlocked
  File "<frozen importlib._bootstrap_external>", line 999, in exec_module
  File "<frozen importlib._bootstrap>", line 488, in _call_with_frames_removed
  File "/Users/win-win/Documents/workspace-tbs/UIT/Python-ML/uit-vietnamese-mrc/.venv/lib/python3.12/site-packages/transformers/models/inkling/image_processing_inkling.py", line 19, in <module>
    from torchvision.transforms.v2 import functional as tvF
ModuleNotFoundError: No module named 'torchvision'
2026-09-12 20:25:56.657 Examining the path of transformers.models.janus.image_processing_janus_fast raised:
Traceback (most recent call last):
  File "/Users/win-win/Documents/workspace-tbs/UIT/Python-ML/uit-vietnamese-mrc/.venv/lib/python3.12/site-packages/streamlit/watcher/local_sources_watcher.py", line 340, in get_module_paths
    potential_paths = extract_paths(module)
                      ^^^^^^^^^^^^^^^^^^^^^
  File "/Users/win-win/Documents/workspace-tbs/UIT/Python-ML/uit-vietnamese-mrc/.venv/lib/python3.12/site-packages/streamlit/watcher/local_sources_watcher.py", line 327, in <lambda>
    if hasattr(m, "__path__")
       ^^^^^^^^^^^^^^^^^^^^^^
  File "/Users/win-win/Documents/workspace-tbs/UIT/Python-ML/uit-vietnamese-mrc/.venv/lib/python3.12/site-packages/transformers/__init__.py", line 867, in _getattr
    return getattr(importlib.import_module(target, __name__), name)
                   ^^^^^^^^^^^^^^^^^^^^^^^^^^^^^^^^^^^^^^^^^
  File "/Users/win-win/.local/share/uv/python/cpython-3.12.13-macos-aarch64-none/lib/python3.12/importlib/__init__.py", line 90, in import_module
    return _bootstrap._gcd_import(name[level:], package, level)
           ^^^^^^^^^^^^^^^^^^^^^^^^^^^^^^^^^^^^^^^^^^^^^^^^^^^^
  File "<frozen importlib._bootstrap>", line 1387, in _gcd_import
  File "<frozen importlib._bootstrap>", line 1360, in _find_and_load
  File "<frozen importlib._bootstrap>", line 1331, in _find_and_load_unlocked
  File "<frozen importlib._bootstrap>", line 935, in _load_unlocked
  File "<frozen importlib._bootstrap_external>", line 999, in exec_module
  File "<frozen importlib._bootstrap>", line 488, in _call_with_frames_removed
  File "/Users/win-win/Documents/workspace-tbs/UIT/Python-ML/uit-vietnamese-mrc/.venv/lib/python3.12/site-packages/transformers/models/janus/image_processing_janus.py", line 17, in <module>
    import torchvision.transforms.v2.functional as tvF
ModuleNotFoundError: No module named 'torchvision'
2026-09-12 20:25:56.662 Examining the path of transformers.models.kimi_k25.image_processing_kimi_k25_fast raised:
Traceback (most recent call last):
  File "/Users/win-win/Documents/workspace-tbs/UIT/Python-ML/uit-vietnamese-mrc/.venv/lib/python3.12/site-packages/streamlit/watcher/local_sources_watcher.py", line 340, in get_module_paths
    potential_paths = extract_paths(module)
                      ^^^^^^^^^^^^^^^^^^^^^
  File "/Users/win-win/Documents/workspace-tbs/UIT/Python-ML/uit-vietnamese-mrc/.venv/lib/python3.12/site-packages/streamlit/watcher/local_sources_watcher.py", line 327, in <lambda>
    if hasattr(m, "__path__")
       ^^^^^^^^^^^^^^^^^^^^^^
  File "/Users/win-win/Documents/workspace-tbs/UIT/Python-ML/uit-vietnamese-mrc/.venv/lib/python3.12/site-packages/transformers/__init__.py", line 867, in _getattr
    return getattr(importlib.import_module(target, __name__), name)
                   ^^^^^^^^^^^^^^^^^^^^^^^^^^^^^^^^^^^^^^^^^
  File "/Users/win-win/.local/share/uv/python/cpython-3.12.13-macos-aarch64-none/lib/python3.12/importlib/__init__.py", line 90, in import_module
    return _bootstrap._gcd_import(name[level:], package, level)
           ^^^^^^^^^^^^^^^^^^^^^^^^^^^^^^^^^^^^^^^^^^^^^^^^^^^^
  File "<frozen importlib._bootstrap>", line 1387, in _gcd_import
  File "<frozen importlib._bootstrap>", line 1360, in _find_and_load
  File "<frozen importlib._bootstrap>", line 1331, in _find_and_load_unlocked
  File "<frozen importlib._bootstrap>", line 935, in _load_unlocked
  File "<frozen importlib._bootstrap_external>", line 999, in exec_module
  File "<frozen importlib._bootstrap>", line 488, in _call_with_frames_removed
  File "/Users/win-win/Documents/workspace-tbs/UIT/Python-ML/uit-vietnamese-mrc/.venv/lib/python3.12/site-packages/transformers/models/kimi_k25/image_processing_kimi_k25.py", line 19, in <module>
    from torchvision.transforms.v2 import functional as tvF
ModuleNotFoundError: No module named 'torchvision'
2026-09-12 20:25:56.671 Examining the path of transformers.models.layoutlmv2.image_processing_layoutlmv2_fast raised:
Traceback (most recent call last):
  File "/Users/win-win/Documents/workspace-tbs/UIT/Python-ML/uit-vietnamese-mrc/.venv/lib/python3.12/site-packages/streamlit/watcher/local_sources_watcher.py", line 340, in get_module_paths
    potential_paths = extract_paths(module)
                      ^^^^^^^^^^^^^^^^^^^^^
  File "/Users/win-win/Documents/workspace-tbs/UIT/Python-ML/uit-vietnamese-mrc/.venv/lib/python3.12/site-packages/streamlit/watcher/local_sources_watcher.py", line 327, in <lambda>
    if hasattr(m, "__path__")
       ^^^^^^^^^^^^^^^^^^^^^^
  File "/Users/win-win/Documents/workspace-tbs/UIT/Python-ML/uit-vietnamese-mrc/.venv/lib/python3.12/site-packages/transformers/__init__.py", line 867, in _getattr
    return getattr(importlib.import_module(target, __name__), name)
                   ^^^^^^^^^^^^^^^^^^^^^^^^^^^^^^^^^^^^^^^^^
  File "/Users/win-win/.local/share/uv/python/cpython-3.12.13-macos-aarch64-none/lib/python3.12/importlib/__init__.py", line 90, in import_module
    return _bootstrap._gcd_import(name[level:], package, level)
           ^^^^^^^^^^^^^^^^^^^^^^^^^^^^^^^^^^^^^^^^^^^^^^^^^^^^
  File "<frozen importlib._bootstrap>", line 1387, in _gcd_import
  File "<frozen importlib._bootstrap>", line 1360, in _find_and_load
  File "<frozen importlib._bootstrap>", line 1331, in _find_and_load_unlocked
  File "<frozen importlib._bootstrap>", line 935, in _load_unlocked
  File "<frozen importlib._bootstrap_external>", line 999, in exec_module
  File "<frozen importlib._bootstrap>", line 488, in _call_with_frames_removed
  File "/Users/win-win/Documents/workspace-tbs/UIT/Python-ML/uit-vietnamese-mrc/.venv/lib/python3.12/site-packages/transformers/models/layoutlmv2/image_processing_layoutlmv2.py", line 36, in <module>
    from torchvision.transforms.v2 import functional as tvF
ModuleNotFoundError: No module named 'torchvision'
2026-09-12 20:25:56.676 Examining the path of transformers.models.layoutlmv3.image_processing_layoutlmv3_fast raised:
Traceback (most recent call last):
  File "/Users/win-win/Documents/workspace-tbs/UIT/Python-ML/uit-vietnamese-mrc/.venv/lib/python3.12/site-packages/streamlit/watcher/local_sources_watcher.py", line 340, in get_module_paths
    potential_paths = extract_paths(module)
                      ^^^^^^^^^^^^^^^^^^^^^
  File "/Users/win-win/Documents/workspace-tbs/UIT/Python-ML/uit-vietnamese-mrc/.venv/lib/python3.12/site-packages/streamlit/watcher/local_sources_watcher.py", line 327, in <lambda>
    if hasattr(m, "__path__")
       ^^^^^^^^^^^^^^^^^^^^^^
  File "/Users/win-win/Documents/workspace-tbs/UIT/Python-ML/uit-vietnamese-mrc/.venv/lib/python3.12/site-packages/transformers/__init__.py", line 867, in _getattr
    return getattr(importlib.import_module(target, __name__), name)
                   ^^^^^^^^^^^^^^^^^^^^^^^^^^^^^^^^^^^^^^^^^
  File "/Users/win-win/.local/share/uv/python/cpython-3.12.13-macos-aarch64-none/lib/python3.12/importlib/__init__.py", line 90, in import_module
    return _bootstrap._gcd_import(name[level:], package, level)
           ^^^^^^^^^^^^^^^^^^^^^^^^^^^^^^^^^^^^^^^^^^^^^^^^^^^^
  File "<frozen importlib._bootstrap>", line 1387, in _gcd_import
  File "<frozen importlib._bootstrap>", line 1360, in _find_and_load
  File "<frozen importlib._bootstrap>", line 1331, in _find_and_load_unlocked
  File "<frozen importlib._bootstrap>", line 935, in _load_unlocked
  File "<frozen importlib._bootstrap_external>", line 999, in exec_module
  File "<frozen importlib._bootstrap>", line 488, in _call_with_frames_removed
  File "/Users/win-win/Documents/workspace-tbs/UIT/Python-ML/uit-vietnamese-mrc/.venv/lib/python3.12/site-packages/transformers/models/layoutlmv3/image_processing_layoutlmv3.py", line 42, in <module>
    from torchvision.transforms.v2 import functional as tvF
ModuleNotFoundError: No module named 'torchvision'
2026-09-12 20:25:56.680 Examining the path of transformers.models.levit.image_processing_levit_fast raised:
Traceback (most recent call last):
  File "/Users/win-win/Documents/workspace-tbs/UIT/Python-ML/uit-vietnamese-mrc/.venv/lib/python3.12/site-packages/streamlit/watcher/local_sources_watcher.py", line 340, in get_module_paths
    potential_paths = extract_paths(module)
                      ^^^^^^^^^^^^^^^^^^^^^
  File "/Users/win-win/Documents/workspace-tbs/UIT/Python-ML/uit-vietnamese-mrc/.venv/lib/python3.12/site-packages/streamlit/watcher/local_sources_watcher.py", line 327, in <lambda>
    if hasattr(m, "__path__")
       ^^^^^^^^^^^^^^^^^^^^^^
  File "/Users/win-win/Documents/workspace-tbs/UIT/Python-ML/uit-vietnamese-mrc/.venv/lib/python3.12/site-packages/transformers/__init__.py", line 867, in _getattr
    return getattr(importlib.import_module(target, __name__), name)
                   ^^^^^^^^^^^^^^^^^^^^^^^^^^^^^^^^^^^^^^^^^
  File "/Users/win-win/.local/share/uv/python/cpython-3.12.13-macos-aarch64-none/lib/python3.12/importlib/__init__.py", line 90, in import_module
    return _bootstrap._gcd_import(name[level:], package, level)
           ^^^^^^^^^^^^^^^^^^^^^^^^^^^^^^^^^^^^^^^^^^^^^^^^^^^^
  File "<frozen importlib._bootstrap>", line 1387, in _gcd_import
  File "<frozen importlib._bootstrap>", line 1360, in _find_and_load
  File "<frozen importlib._bootstrap>", line 1331, in _find_and_load_unlocked
  File "<frozen importlib._bootstrap>", line 935, in _load_unlocked
  File "<frozen importlib._bootstrap_external>", line 999, in exec_module
  File "<frozen importlib._bootstrap>", line 488, in _call_with_frames_removed
  File "/Users/win-win/Documents/workspace-tbs/UIT/Python-ML/uit-vietnamese-mrc/.venv/lib/python3.12/site-packages/transformers/models/levit/image_processing_levit.py", line 17, in <module>
    from torchvision.transforms.v2 import functional as tvF
ModuleNotFoundError: No module named 'torchvision'
2026-09-12 20:25:56.684 Examining the path of transformers.models.lfm2_vl.image_processing_lfm2_vl_fast raised:
Traceback (most recent call last):
  File "/Users/win-win/Documents/workspace-tbs/UIT/Python-ML/uit-vietnamese-mrc/.venv/lib/python3.12/site-packages/streamlit/watcher/local_sources_watcher.py", line 340, in get_module_paths
    potential_paths = extract_paths(module)
                      ^^^^^^^^^^^^^^^^^^^^^
  File "/Users/win-win/Documents/workspace-tbs/UIT/Python-ML/uit-vietnamese-mrc/.venv/lib/python3.12/site-packages/streamlit/watcher/local_sources_watcher.py", line 327, in <lambda>
    if hasattr(m, "__path__")
       ^^^^^^^^^^^^^^^^^^^^^^
  File "/Users/win-win/Documents/workspace-tbs/UIT/Python-ML/uit-vietnamese-mrc/.venv/lib/python3.12/site-packages/transformers/__init__.py", line 867, in _getattr
    return getattr(importlib.import_module(target, __name__), name)
                   ^^^^^^^^^^^^^^^^^^^^^^^^^^^^^^^^^^^^^^^^^
  File "/Users/win-win/.local/share/uv/python/cpython-3.12.13-macos-aarch64-none/lib/python3.12/importlib/__init__.py", line 90, in import_module
    return _bootstrap._gcd_import(name[level:], package, level)
           ^^^^^^^^^^^^^^^^^^^^^^^^^^^^^^^^^^^^^^^^^^^^^^^^^^^^
  File "<frozen importlib._bootstrap>", line 1387, in _gcd_import
  File "<frozen importlib._bootstrap>", line 1360, in _find_and_load
  File "<frozen importlib._bootstrap>", line 1331, in _find_and_load_unlocked
  File "<frozen importlib._bootstrap>", line 935, in _load_unlocked
  File "<frozen importlib._bootstrap_external>", line 999, in exec_module
  File "<frozen importlib._bootstrap>", line 488, in _call_with_frames_removed
  File "/Users/win-win/Documents/workspace-tbs/UIT/Python-ML/uit-vietnamese-mrc/.venv/lib/python3.12/site-packages/transformers/models/lfm2_vl/image_processing_lfm2_vl.py", line 18, in <module>
    from torchvision.transforms.v2 import functional as tvF
ModuleNotFoundError: No module named 'torchvision'
2026-09-12 20:25:56.686 Examining the path of transformers.models.lightglue.image_processing_lightglue_fast raised:
Traceback (most recent call last):
  File "/Users/win-win/Documents/workspace-tbs/UIT/Python-ML/uit-vietnamese-mrc/.venv/lib/python3.12/site-packages/streamlit/watcher/local_sources_watcher.py", line 340, in get_module_paths
    potential_paths = extract_paths(module)
                      ^^^^^^^^^^^^^^^^^^^^^
  File "/Users/win-win/Documents/workspace-tbs/UIT/Python-ML/uit-vietnamese-mrc/.venv/lib/python3.12/site-packages/streamlit/watcher/local_sources_watcher.py", line 327, in <lambda>
    if hasattr(m, "__path__")
       ^^^^^^^^^^^^^^^^^^^^^^
  File "/Users/win-win/Documents/workspace-tbs/UIT/Python-ML/uit-vietnamese-mrc/.venv/lib/python3.12/site-packages/transformers/__init__.py", line 867, in _getattr
    return getattr(importlib.import_module(target, __name__), name)
                   ^^^^^^^^^^^^^^^^^^^^^^^^^^^^^^^^^^^^^^^^^
  File "/Users/win-win/.local/share/uv/python/cpython-3.12.13-macos-aarch64-none/lib/python3.12/importlib/__init__.py", line 90, in import_module
    return _bootstrap._gcd_import(name[level:], package, level)
           ^^^^^^^^^^^^^^^^^^^^^^^^^^^^^^^^^^^^^^^^^^^^^^^^^^^^
  File "<frozen importlib._bootstrap>", line 1387, in _gcd_import
  File "<frozen importlib._bootstrap>", line 1360, in _find_and_load
  File "<frozen importlib._bootstrap>", line 1331, in _find_and_load_unlocked
  File "<frozen importlib._bootstrap>", line 935, in _load_unlocked
  File "<frozen importlib._bootstrap_external>", line 999, in exec_module
  File "<frozen importlib._bootstrap>", line 488, in _call_with_frames_removed
  File "/Users/win-win/Documents/workspace-tbs/UIT/Python-ML/uit-vietnamese-mrc/.venv/lib/python3.12/site-packages/transformers/models/lightglue/image_processing_lightglue.py", line 24, in <module>
    from torchvision.transforms.v2 import functional as tvF
ModuleNotFoundError: No module named 'torchvision'
2026-09-12 20:25:56.692 Examining the path of transformers.models.llama4.image_processing_llama4_fast raised:
Traceback (most recent call last):
  File "/Users/win-win/Documents/workspace-tbs/UIT/Python-ML/uit-vietnamese-mrc/.venv/lib/python3.12/site-packages/streamlit/watcher/local_sources_watcher.py", line 340, in get_module_paths
    potential_paths = extract_paths(module)
                      ^^^^^^^^^^^^^^^^^^^^^
  File "/Users/win-win/Documents/workspace-tbs/UIT/Python-ML/uit-vietnamese-mrc/.venv/lib/python3.12/site-packages/streamlit/watcher/local_sources_watcher.py", line 327, in <lambda>
    if hasattr(m, "__path__")
       ^^^^^^^^^^^^^^^^^^^^^^
  File "/Users/win-win/Documents/workspace-tbs/UIT/Python-ML/uit-vietnamese-mrc/.venv/lib/python3.12/site-packages/transformers/__init__.py", line 867, in _getattr
    return getattr(importlib.import_module(target, __name__), name)
                   ^^^^^^^^^^^^^^^^^^^^^^^^^^^^^^^^^^^^^^^^^
  File "/Users/win-win/.local/share/uv/python/cpython-3.12.13-macos-aarch64-none/lib/python3.12/importlib/__init__.py", line 90, in import_module
    return _bootstrap._gcd_import(name[level:], package, level)
           ^^^^^^^^^^^^^^^^^^^^^^^^^^^^^^^^^^^^^^^^^^^^^^^^^^^^
  File "<frozen importlib._bootstrap>", line 1387, in _gcd_import
  File "<frozen importlib._bootstrap>", line 1360, in _find_and_load
  File "<frozen importlib._bootstrap>", line 1331, in _find_and_load_unlocked
  File "<frozen importlib._bootstrap>", line 935, in _load_unlocked
  File "<frozen importlib._bootstrap_external>", line 999, in exec_module
  File "<frozen importlib._bootstrap>", line 488, in _call_with_frames_removed
  File "/Users/win-win/Documents/workspace-tbs/UIT/Python-ML/uit-vietnamese-mrc/.venv/lib/python3.12/site-packages/transformers/models/llama4/image_processing_llama4.py", line 21, in <module>
    from torchvision.transforms.v2 import functional as tvF
ModuleNotFoundError: No module named 'torchvision'
2026-09-12 20:25:56.693 Examining the path of transformers.models.llava.image_processing_llava_fast raised:
Traceback (most recent call last):
  File "/Users/win-win/Documents/workspace-tbs/UIT/Python-ML/uit-vietnamese-mrc/.venv/lib/python3.12/site-packages/streamlit/watcher/local_sources_watcher.py", line 340, in get_module_paths
    potential_paths = extract_paths(module)
                      ^^^^^^^^^^^^^^^^^^^^^
  File "/Users/win-win/Documents/workspace-tbs/UIT/Python-ML/uit-vietnamese-mrc/.venv/lib/python3.12/site-packages/streamlit/watcher/local_sources_watcher.py", line 327, in <lambda>
    if hasattr(m, "__path__")
       ^^^^^^^^^^^^^^^^^^^^^^
  File "/Users/win-win/Documents/workspace-tbs/UIT/Python-ML/uit-vietnamese-mrc/.venv/lib/python3.12/site-packages/transformers/__init__.py", line 867, in _getattr
    return getattr(importlib.import_module(target, __name__), name)
                   ^^^^^^^^^^^^^^^^^^^^^^^^^^^^^^^^^^^^^^^^^
  File "/Users/win-win/.local/share/uv/python/cpython-3.12.13-macos-aarch64-none/lib/python3.12/importlib/__init__.py", line 90, in import_module
    return _bootstrap._gcd_import(name[level:], package, level)
           ^^^^^^^^^^^^^^^^^^^^^^^^^^^^^^^^^^^^^^^^^^^^^^^^^^^^
  File "<frozen importlib._bootstrap>", line 1387, in _gcd_import
  File "<frozen importlib._bootstrap>", line 1360, in _find_and_load
  File "<frozen importlib._bootstrap>", line 1331, in _find_and_load_unlocked
  File "<frozen importlib._bootstrap>", line 935, in _load_unlocked
  File "<frozen importlib._bootstrap_external>", line 999, in exec_module
  File "<frozen importlib._bootstrap>", line 488, in _call_with_frames_removed
  File "/Users/win-win/Documents/workspace-tbs/UIT/Python-ML/uit-vietnamese-mrc/.venv/lib/python3.12/site-packages/transformers/models/llava/image_processing_llava.py", line 19, in <module>
    from torchvision.transforms.v2 import functional as tvF
ModuleNotFoundError: No module named 'torchvision'
2026-09-12 20:25:56.696 Examining the path of transformers.models.llava_next.image_processing_llava_next_fast raised:
Traceback (most recent call last):
  File "/Users/win-win/Documents/workspace-tbs/UIT/Python-ML/uit-vietnamese-mrc/.venv/lib/python3.12/site-packages/streamlit/watcher/local_sources_watcher.py", line 340, in get_module_paths
    potential_paths = extract_paths(module)
                      ^^^^^^^^^^^^^^^^^^^^^
  File "/Users/win-win/Documents/workspace-tbs/UIT/Python-ML/uit-vietnamese-mrc/.venv/lib/python3.12/site-packages/streamlit/watcher/local_sources_watcher.py", line 327, in <lambda>
    if hasattr(m, "__path__")
       ^^^^^^^^^^^^^^^^^^^^^^
  File "/Users/win-win/Documents/workspace-tbs/UIT/Python-ML/uit-vietnamese-mrc/.venv/lib/python3.12/site-packages/transformers/__init__.py", line 867, in _getattr
    return getattr(importlib.import_module(target, __name__), name)
                   ^^^^^^^^^^^^^^^^^^^^^^^^^^^^^^^^^^^^^^^^^
  File "/Users/win-win/.local/share/uv/python/cpython-3.12.13-macos-aarch64-none/lib/python3.12/importlib/__init__.py", line 90, in import_module
    return _bootstrap._gcd_import(name[level:], package, level)
           ^^^^^^^^^^^^^^^^^^^^^^^^^^^^^^^^^^^^^^^^^^^^^^^^^^^^
  File "<frozen importlib._bootstrap>", line 1387, in _gcd_import
  File "<frozen importlib._bootstrap>", line 1360, in _find_and_load
  File "<frozen importlib._bootstrap>", line 1331, in _find_and_load_unlocked
  File "<frozen importlib._bootstrap>", line 935, in _load_unlocked
  File "<frozen importlib._bootstrap_external>", line 999, in exec_module
  File "<frozen importlib._bootstrap>", line 488, in _call_with_frames_removed
  File "/Users/win-win/Documents/workspace-tbs/UIT/Python-ML/uit-vietnamese-mrc/.venv/lib/python3.12/site-packages/transformers/models/llava_next/image_processing_llava_next.py", line 19, in <module>
    from torchvision.transforms.v2 import functional as tvF
ModuleNotFoundError: No module named 'torchvision'
2026-09-12 20:25:56.700 Examining the path of transformers.models.llava_onevision.image_processing_llava_onevision_fast raised:
Traceback (most recent call last):
  File "/Users/win-win/Documents/workspace-tbs/UIT/Python-ML/uit-vietnamese-mrc/.venv/lib/python3.12/site-packages/streamlit/watcher/local_sources_watcher.py", line 340, in get_module_paths
    potential_paths = extract_paths(module)
                      ^^^^^^^^^^^^^^^^^^^^^
  File "/Users/win-win/Documents/workspace-tbs/UIT/Python-ML/uit-vietnamese-mrc/.venv/lib/python3.12/site-packages/streamlit/watcher/local_sources_watcher.py", line 327, in <lambda>
    if hasattr(m, "__path__")
       ^^^^^^^^^^^^^^^^^^^^^^
  File "/Users/win-win/Documents/workspace-tbs/UIT/Python-ML/uit-vietnamese-mrc/.venv/lib/python3.12/site-packages/transformers/__init__.py", line 867, in _getattr
    return getattr(importlib.import_module(target, __name__), name)
                   ^^^^^^^^^^^^^^^^^^^^^^^^^^^^^^^^^^^^^^^^^
  File "/Users/win-win/.local/share/uv/python/cpython-3.12.13-macos-aarch64-none/lib/python3.12/importlib/__init__.py", line 90, in import_module
    return _bootstrap._gcd_import(name[level:], package, level)
           ^^^^^^^^^^^^^^^^^^^^^^^^^^^^^^^^^^^^^^^^^^^^^^^^^^^^
  File "<frozen importlib._bootstrap>", line 1387, in _gcd_import
  File "<frozen importlib._bootstrap>", line 1360, in _find_and_load
  File "<frozen importlib._bootstrap>", line 1331, in _find_and_load_unlocked
  File "<frozen importlib._bootstrap>", line 935, in _load_unlocked
  File "<frozen importlib._bootstrap_external>", line 999, in exec_module
  File "<frozen importlib._bootstrap>", line 488, in _call_with_frames_removed
  File "/Users/win-win/Documents/workspace-tbs/UIT/Python-ML/uit-vietnamese-mrc/.venv/lib/python3.12/site-packages/transformers/models/llava_onevision/image_processing_llava_onevision.py", line 24, in <module>
    import torchvision.transforms.v2.functional as tvF
ModuleNotFoundError: No module named 'torchvision'
2026-09-12 20:25:56.706 Examining the path of transformers.models.mask2former.image_processing_mask2former_fast raised:
Traceback (most recent call last):
  File "/Users/win-win/Documents/workspace-tbs/UIT/Python-ML/uit-vietnamese-mrc/.venv/lib/python3.12/site-packages/streamlit/watcher/local_sources_watcher.py", line 340, in get_module_paths
    potential_paths = extract_paths(module)
                      ^^^^^^^^^^^^^^^^^^^^^
  File "/Users/win-win/Documents/workspace-tbs/UIT/Python-ML/uit-vietnamese-mrc/.venv/lib/python3.12/site-packages/streamlit/watcher/local_sources_watcher.py", line 327, in <lambda>
    if hasattr(m, "__path__")
       ^^^^^^^^^^^^^^^^^^^^^^
  File "/Users/win-win/Documents/workspace-tbs/UIT/Python-ML/uit-vietnamese-mrc/.venv/lib/python3.12/site-packages/transformers/__init__.py", line 867, in _getattr
    return getattr(importlib.import_module(target, __name__), name)
                   ^^^^^^^^^^^^^^^^^^^^^^^^^^^^^^^^^^^^^^^^^
  File "/Users/win-win/.local/share/uv/python/cpython-3.12.13-macos-aarch64-none/lib/python3.12/importlib/__init__.py", line 90, in import_module
    return _bootstrap._gcd_import(name[level:], package, level)
           ^^^^^^^^^^^^^^^^^^^^^^^^^^^^^^^^^^^^^^^^^^^^^^^^^^^^
  File "<frozen importlib._bootstrap>", line 1387, in _gcd_import
  File "<frozen importlib._bootstrap>", line 1360, in _find_and_load
  File "<frozen importlib._bootstrap>", line 1331, in _find_and_load_unlocked
  File "<frozen importlib._bootstrap>", line 935, in _load_unlocked
  File "<frozen importlib._bootstrap_external>", line 999, in exec_module
  File "<frozen importlib._bootstrap>", line 488, in _call_with_frames_removed
  File "/Users/win-win/Documents/workspace-tbs/UIT/Python-ML/uit-vietnamese-mrc/.venv/lib/python3.12/site-packages/transformers/models/mask2former/image_processing_mask2former.py", line 27, in <module>
    from torchvision.transforms.v2 import functional as tvF
ModuleNotFoundError: No module named 'torchvision'
2026-09-12 20:25:56.713 Examining the path of transformers.models.maskformer.image_processing_maskformer_fast raised:
Traceback (most recent call last):
  File "/Users/win-win/Documents/workspace-tbs/UIT/Python-ML/uit-vietnamese-mrc/.venv/lib/python3.12/site-packages/streamlit/watcher/local_sources_watcher.py", line 340, in get_module_paths
    potential_paths = extract_paths(module)
                      ^^^^^^^^^^^^^^^^^^^^^
  File "/Users/win-win/Documents/workspace-tbs/UIT/Python-ML/uit-vietnamese-mrc/.venv/lib/python3.12/site-packages/streamlit/watcher/local_sources_watcher.py", line 327, in <lambda>
    if hasattr(m, "__path__")
       ^^^^^^^^^^^^^^^^^^^^^^
  File "/Users/win-win/Documents/workspace-tbs/UIT/Python-ML/uit-vietnamese-mrc/.venv/lib/python3.12/site-packages/transformers/__init__.py", line 867, in _getattr
    return getattr(importlib.import_module(target, __name__), name)
                   ^^^^^^^^^^^^^^^^^^^^^^^^^^^^^^^^^^^^^^^^^
  File "/Users/win-win/.local/share/uv/python/cpython-3.12.13-macos-aarch64-none/lib/python3.12/importlib/__init__.py", line 90, in import_module
    return _bootstrap._gcd_import(name[level:], package, level)
           ^^^^^^^^^^^^^^^^^^^^^^^^^^^^^^^^^^^^^^^^^^^^^^^^^^^^
  File "<frozen importlib._bootstrap>", line 1387, in _gcd_import
  File "<frozen importlib._bootstrap>", line 1360, in _find_and_load
  File "<frozen importlib._bootstrap>", line 1331, in _find_and_load_unlocked
  File "<frozen importlib._bootstrap>", line 935, in _load_unlocked
  File "<frozen importlib._bootstrap_external>", line 999, in exec_module
  File "<frozen importlib._bootstrap>", line 488, in _call_with_frames_removed
  File "/Users/win-win/Documents/workspace-tbs/UIT/Python-ML/uit-vietnamese-mrc/.venv/lib/python3.12/site-packages/transformers/models/maskformer/image_processing_maskformer.py", line 22, in <module>
    from torchvision.transforms.v2 import functional as tvF
ModuleNotFoundError: No module named 'torchvision'
2026-09-12 20:25:56.725 Examining the path of transformers.models.minimax_m3_vl.image_processing_minimax_m3_vl_fast raised:
Traceback (most recent call last):
  File "/Users/win-win/Documents/workspace-tbs/UIT/Python-ML/uit-vietnamese-mrc/.venv/lib/python3.12/site-packages/streamlit/watcher/local_sources_watcher.py", line 340, in get_module_paths
    potential_paths = extract_paths(module)
                      ^^^^^^^^^^^^^^^^^^^^^
  File "/Users/win-win/Documents/workspace-tbs/UIT/Python-ML/uit-vietnamese-mrc/.venv/lib/python3.12/site-packages/streamlit/watcher/local_sources_watcher.py", line 327, in <lambda>
    if hasattr(m, "__path__")
       ^^^^^^^^^^^^^^^^^^^^^^
  File "/Users/win-win/Documents/workspace-tbs/UIT/Python-ML/uit-vietnamese-mrc/.venv/lib/python3.12/site-packages/transformers/__init__.py", line 867, in _getattr
    return getattr(importlib.import_module(target, __name__), name)
                   ^^^^^^^^^^^^^^^^^^^^^^^^^^^^^^^^^^^^^^^^^
  File "/Users/win-win/.local/share/uv/python/cpython-3.12.13-macos-aarch64-none/lib/python3.12/importlib/__init__.py", line 90, in import_module
    return _bootstrap._gcd_import(name[level:], package, level)
           ^^^^^^^^^^^^^^^^^^^^^^^^^^^^^^^^^^^^^^^^^^^^^^^^^^^^
  File "<frozen importlib._bootstrap>", line 1387, in _gcd_import
  File "<frozen importlib._bootstrap>", line 1360, in _find_and_load
  File "<frozen importlib._bootstrap>", line 1331, in _find_and_load_unlocked
  File "<frozen importlib._bootstrap>", line 935, in _load_unlocked
  File "<frozen importlib._bootstrap_external>", line 999, in exec_module
  File "<frozen importlib._bootstrap>", line 488, in _call_with_frames_removed
  File "/Users/win-win/Documents/workspace-tbs/UIT/Python-ML/uit-vietnamese-mrc/.venv/lib/python3.12/site-packages/transformers/models/minimax_m3_vl/image_processing_minimax_m3_vl.py", line 25, in <module>
    from torchvision.transforms.v2 import functional as tvF
ModuleNotFoundError: No module named 'torchvision'
2026-09-12 20:25:56.727 Examining the path of transformers.models.mllama.image_processing_mllama_fast raised:
Traceback (most recent call last):
  File "/Users/win-win/Documents/workspace-tbs/UIT/Python-ML/uit-vietnamese-mrc/.venv/lib/python3.12/site-packages/streamlit/watcher/local_sources_watcher.py", line 340, in get_module_paths
    potential_paths = extract_paths(module)
                      ^^^^^^^^^^^^^^^^^^^^^
  File "/Users/win-win/Documents/workspace-tbs/UIT/Python-ML/uit-vietnamese-mrc/.venv/lib/python3.12/site-packages/streamlit/watcher/local_sources_watcher.py", line 327, in <lambda>
    if hasattr(m, "__path__")
       ^^^^^^^^^^^^^^^^^^^^^^
  File "/Users/win-win/Documents/workspace-tbs/UIT/Python-ML/uit-vietnamese-mrc/.venv/lib/python3.12/site-packages/transformers/__init__.py", line 867, in _getattr
    return getattr(importlib.import_module(target, __name__), name)
                   ^^^^^^^^^^^^^^^^^^^^^^^^^^^^^^^^^^^^^^^^^
  File "/Users/win-win/.local/share/uv/python/cpython-3.12.13-macos-aarch64-none/lib/python3.12/importlib/__init__.py", line 90, in import_module
    return _bootstrap._gcd_import(name[level:], package, level)
           ^^^^^^^^^^^^^^^^^^^^^^^^^^^^^^^^^^^^^^^^^^^^^^^^^^^^
  File "<frozen importlib._bootstrap>", line 1387, in _gcd_import
  File "<frozen importlib._bootstrap>", line 1360, in _find_and_load
  File "<frozen importlib._bootstrap>", line 1331, in _find_and_load_unlocked
  File "<frozen importlib._bootstrap>", line 935, in _load_unlocked
  File "<frozen importlib._bootstrap_external>", line 999, in exec_module
  File "<frozen importlib._bootstrap>", line 488, in _call_with_frames_removed
  File "/Users/win-win/Documents/workspace-tbs/UIT/Python-ML/uit-vietnamese-mrc/.venv/lib/python3.12/site-packages/transformers/models/mllama/image_processing_mllama.py", line 40, in <module>
    from torchvision.transforms.v2 import functional as tvF
ModuleNotFoundError: No module named 'torchvision'
2026-09-12 20:25:56.735 Examining the path of transformers.models.mobilenet_v2.image_processing_mobilenet_v2_fast raised:
Traceback (most recent call last):
  File "/Users/win-win/Documents/workspace-tbs/UIT/Python-ML/uit-vietnamese-mrc/.venv/lib/python3.12/site-packages/streamlit/watcher/local_sources_watcher.py", line 340, in get_module_paths
    potential_paths = extract_paths(module)
                      ^^^^^^^^^^^^^^^^^^^^^
  File "/Users/win-win/Documents/workspace-tbs/UIT/Python-ML/uit-vietnamese-mrc/.venv/lib/python3.12/site-packages/streamlit/watcher/local_sources_watcher.py", line 327, in <lambda>
    if hasattr(m, "__path__")
       ^^^^^^^^^^^^^^^^^^^^^^
  File "/Users/win-win/Documents/workspace-tbs/UIT/Python-ML/uit-vietnamese-mrc/.venv/lib/python3.12/site-packages/transformers/__init__.py", line 867, in _getattr
    return getattr(importlib.import_module(target, __name__), name)
                   ^^^^^^^^^^^^^^^^^^^^^^^^^^^^^^^^^^^^^^^^^
  File "/Users/win-win/.local/share/uv/python/cpython-3.12.13-macos-aarch64-none/lib/python3.12/importlib/__init__.py", line 90, in import_module
    return _bootstrap._gcd_import(name[level:], package, level)
           ^^^^^^^^^^^^^^^^^^^^^^^^^^^^^^^^^^^^^^^^^^^^^^^^^^^^
  File "<frozen importlib._bootstrap>", line 1387, in _gcd_import
  File "<frozen importlib._bootstrap>", line 1360, in _find_and_load
  File "<frozen importlib._bootstrap>", line 1331, in _find_and_load_unlocked
  File "<frozen importlib._bootstrap>", line 935, in _load_unlocked
  File "<frozen importlib._bootstrap_external>", line 999, in exec_module
  File "<frozen importlib._bootstrap>", line 488, in _call_with_frames_removed
  File "/Users/win-win/Documents/workspace-tbs/UIT/Python-ML/uit-vietnamese-mrc/.venv/lib/python3.12/site-packages/transformers/models/mobilenet_v2/image_processing_mobilenet_v2.py", line 19, in <module>
    from torchvision.transforms.v2 import functional as tvF
ModuleNotFoundError: No module named 'torchvision'
2026-09-12 20:25:56.738 Examining the path of transformers.models.mobilevit.image_processing_mobilevit_fast raised:
Traceback (most recent call last):
  File "/Users/win-win/Documents/workspace-tbs/UIT/Python-ML/uit-vietnamese-mrc/.venv/lib/python3.12/site-packages/streamlit/watcher/local_sources_watcher.py", line 340, in get_module_paths
    potential_paths = extract_paths(module)
                      ^^^^^^^^^^^^^^^^^^^^^
  File "/Users/win-win/Documents/workspace-tbs/UIT/Python-ML/uit-vietnamese-mrc/.venv/lib/python3.12/site-packages/streamlit/watcher/local_sources_watcher.py", line 327, in <lambda>
    if hasattr(m, "__path__")
       ^^^^^^^^^^^^^^^^^^^^^^
  File "/Users/win-win/Documents/workspace-tbs/UIT/Python-ML/uit-vietnamese-mrc/.venv/lib/python3.12/site-packages/transformers/__init__.py", line 867, in _getattr
    return getattr(importlib.import_module(target, __name__), name)
                   ^^^^^^^^^^^^^^^^^^^^^^^^^^^^^^^^^^^^^^^^^
  File "/Users/win-win/.local/share/uv/python/cpython-3.12.13-macos-aarch64-none/lib/python3.12/importlib/__init__.py", line 90, in import_module
    return _bootstrap._gcd_import(name[level:], package, level)
           ^^^^^^^^^^^^^^^^^^^^^^^^^^^^^^^^^^^^^^^^^^^^^^^^^^^^
  File "<frozen importlib._bootstrap>", line 1387, in _gcd_import
  File "<frozen importlib._bootstrap>", line 1360, in _find_and_load
  File "<frozen importlib._bootstrap>", line 1331, in _find_and_load_unlocked
  File "<frozen importlib._bootstrap>", line 935, in _load_unlocked
  File "<frozen importlib._bootstrap_external>", line 999, in exec_module
  File "<frozen importlib._bootstrap>", line 488, in _call_with_frames_removed
  File "/Users/win-win/Documents/workspace-tbs/UIT/Python-ML/uit-vietnamese-mrc/.venv/lib/python3.12/site-packages/transformers/models/mobilevit/image_processing_mobilevit.py", line 19, in <module>
    from torchvision.transforms.v2 import functional as tvF
ModuleNotFoundError: No module named 'torchvision'
2026-09-12 20:25:56.742 Examining the path of transformers.models.muse_glimmer.image_processing_muse_glimmer_fast raised:
Traceback (most recent call last):
  File "/Users/win-win/Documents/workspace-tbs/UIT/Python-ML/uit-vietnamese-mrc/.venv/lib/python3.12/site-packages/streamlit/watcher/local_sources_watcher.py", line 340, in get_module_paths
    potential_paths = extract_paths(module)
                      ^^^^^^^^^^^^^^^^^^^^^
  File "/Users/win-win/Documents/workspace-tbs/UIT/Python-ML/uit-vietnamese-mrc/.venv/lib/python3.12/site-packages/streamlit/watcher/local_sources_watcher.py", line 327, in <lambda>
    if hasattr(m, "__path__")
       ^^^^^^^^^^^^^^^^^^^^^^
  File "/Users/win-win/Documents/workspace-tbs/UIT/Python-ML/uit-vietnamese-mrc/.venv/lib/python3.12/site-packages/transformers/__init__.py", line 867, in _getattr
    return getattr(importlib.import_module(target, __name__), name)
                   ^^^^^^^^^^^^^^^^^^^^^^^^^^^^^^^^^^^^^^^^^
  File "/Users/win-win/.local/share/uv/python/cpython-3.12.13-macos-aarch64-none/lib/python3.12/importlib/__init__.py", line 90, in import_module
    return _bootstrap._gcd_import(name[level:], package, level)
           ^^^^^^^^^^^^^^^^^^^^^^^^^^^^^^^^^^^^^^^^^^^^^^^^^^^^
  File "<frozen importlib._bootstrap>", line 1387, in _gcd_import
  File "<frozen importlib._bootstrap>", line 1360, in _find_and_load
  File "<frozen importlib._bootstrap>", line 1331, in _find_and_load_unlocked
  File "<frozen importlib._bootstrap>", line 935, in _load_unlocked
  File "<frozen importlib._bootstrap_external>", line 999, in exec_module
  File "<frozen importlib._bootstrap>", line 488, in _call_with_frames_removed
  File "/Users/win-win/Documents/workspace-tbs/UIT/Python-ML/uit-vietnamese-mrc/.venv/lib/python3.12/site-packages/transformers/models/muse_glimmer/image_processing_muse_glimmer.py", line 25, in <module>
    from torchvision.transforms.v2 import functional as tvF
ModuleNotFoundError: No module named 'torchvision'
2026-09-12 20:25:56.744 Examining the path of transformers.models.neomme.image_processing_neomme_fast raised:
Traceback (most recent call last):
  File "/Users/win-win/Documents/workspace-tbs/UIT/Python-ML/uit-vietnamese-mrc/.venv/lib/python3.12/site-packages/streamlit/watcher/local_sources_watcher.py", line 340, in get_module_paths
    potential_paths = extract_paths(module)
                      ^^^^^^^^^^^^^^^^^^^^^
  File "/Users/win-win/Documents/workspace-tbs/UIT/Python-ML/uit-vietnamese-mrc/.venv/lib/python3.12/site-packages/streamlit/watcher/local_sources_watcher.py", line 327, in <lambda>
    if hasattr(m, "__path__")
       ^^^^^^^^^^^^^^^^^^^^^^
  File "/Users/win-win/Documents/workspace-tbs/UIT/Python-ML/uit-vietnamese-mrc/.venv/lib/python3.12/site-packages/transformers/__init__.py", line 867, in _getattr
    return getattr(importlib.import_module(target, __name__), name)
                   ^^^^^^^^^^^^^^^^^^^^^^^^^^^^^^^^^^^^^^^^^
  File "/Users/win-win/.local/share/uv/python/cpython-3.12.13-macos-aarch64-none/lib/python3.12/importlib/__init__.py", line 90, in import_module
    return _bootstrap._gcd_import(name[level:], package, level)
           ^^^^^^^^^^^^^^^^^^^^^^^^^^^^^^^^^^^^^^^^^^^^^^^^^^^^
  File "<frozen importlib._bootstrap>", line 1387, in _gcd_import
  File "<frozen importlib._bootstrap>", line 1360, in _find_and_load
  File "<frozen importlib._bootstrap>", line 1331, in _find_and_load_unlocked
  File "<frozen importlib._bootstrap>", line 935, in _load_unlocked
  File "<frozen importlib._bootstrap_external>", line 999, in exec_module
  File "<frozen importlib._bootstrap>", line 488, in _call_with_frames_removed
  File "/Users/win-win/Documents/workspace-tbs/UIT/Python-ML/uit-vietnamese-mrc/.venv/lib/python3.12/site-packages/transformers/models/neomme/image_processing_neomme.py", line 25, in <module>
    from torchvision.transforms.v2 import functional as tvF
ModuleNotFoundError: No module named 'torchvision'
2026-09-12 20:25:56.745 Examining the path of transformers.models.nougat.image_processing_nougat_fast raised:
Traceback (most recent call last):
  File "/Users/win-win/Documents/workspace-tbs/UIT/Python-ML/uit-vietnamese-mrc/.venv/lib/python3.12/site-packages/streamlit/watcher/local_sources_watcher.py", line 340, in get_module_paths
    potential_paths = extract_paths(module)
                      ^^^^^^^^^^^^^^^^^^^^^
  File "/Users/win-win/Documents/workspace-tbs/UIT/Python-ML/uit-vietnamese-mrc/.venv/lib/python3.12/site-packages/streamlit/watcher/local_sources_watcher.py", line 327, in <lambda>
    if hasattr(m, "__path__")
       ^^^^^^^^^^^^^^^^^^^^^^
  File "/Users/win-win/Documents/workspace-tbs/UIT/Python-ML/uit-vietnamese-mrc/.venv/lib/python3.12/site-packages/transformers/__init__.py", line 867, in _getattr
    return getattr(importlib.import_module(target, __name__), name)
                   ^^^^^^^^^^^^^^^^^^^^^^^^^^^^^^^^^^^^^^^^^
  File "/Users/win-win/.local/share/uv/python/cpython-3.12.13-macos-aarch64-none/lib/python3.12/importlib/__init__.py", line 90, in import_module
    return _bootstrap._gcd_import(name[level:], package, level)
           ^^^^^^^^^^^^^^^^^^^^^^^^^^^^^^^^^^^^^^^^^^^^^^^^^^^^
  File "<frozen importlib._bootstrap>", line 1387, in _gcd_import
  File "<frozen importlib._bootstrap>", line 1360, in _find_and_load
  File "<frozen importlib._bootstrap>", line 1331, in _find_and_load_unlocked
  File "<frozen importlib._bootstrap>", line 935, in _load_unlocked
  File "<frozen importlib._bootstrap_external>", line 999, in exec_module
  File "<frozen importlib._bootstrap>", line 488, in _call_with_frames_removed
  File "/Users/win-win/Documents/workspace-tbs/UIT/Python-ML/uit-vietnamese-mrc/.venv/lib/python3.12/site-packages/transformers/models/nougat/image_processing_nougat.py", line 17, in <module>
    from torchvision.transforms.v2 import functional as tvF
ModuleNotFoundError: No module named 'torchvision'
2026-09-12 20:25:56.751 Examining the path of transformers.models.oneformer.image_processing_oneformer_fast raised:
Traceback (most recent call last):
  File "/Users/win-win/Documents/workspace-tbs/UIT/Python-ML/uit-vietnamese-mrc/.venv/lib/python3.12/site-packages/streamlit/watcher/local_sources_watcher.py", line 340, in get_module_paths
    potential_paths = extract_paths(module)
                      ^^^^^^^^^^^^^^^^^^^^^
  File "/Users/win-win/Documents/workspace-tbs/UIT/Python-ML/uit-vietnamese-mrc/.venv/lib/python3.12/site-packages/streamlit/watcher/local_sources_watcher.py", line 327, in <lambda>
    if hasattr(m, "__path__")
       ^^^^^^^^^^^^^^^^^^^^^^
  File "/Users/win-win/Documents/workspace-tbs/UIT/Python-ML/uit-vietnamese-mrc/.venv/lib/python3.12/site-packages/transformers/__init__.py", line 867, in _getattr
    return getattr(importlib.import_module(target, __name__), name)
                   ^^^^^^^^^^^^^^^^^^^^^^^^^^^^^^^^^^^^^^^^^
  File "/Users/win-win/.local/share/uv/python/cpython-3.12.13-macos-aarch64-none/lib/python3.12/importlib/__init__.py", line 90, in import_module
    return _bootstrap._gcd_import(name[level:], package, level)
           ^^^^^^^^^^^^^^^^^^^^^^^^^^^^^^^^^^^^^^^^^^^^^^^^^^^^
  File "<frozen importlib._bootstrap>", line 1387, in _gcd_import
  File "<frozen importlib._bootstrap>", line 1360, in _find_and_load
  File "<frozen importlib._bootstrap>", line 1331, in _find_and_load_unlocked
  File "<frozen importlib._bootstrap>", line 935, in _load_unlocked
  File "<frozen importlib._bootstrap_external>", line 999, in exec_module
  File "<frozen importlib._bootstrap>", line 488, in _call_with_frames_removed
  File "/Users/win-win/Documents/workspace-tbs/UIT/Python-ML/uit-vietnamese-mrc/.venv/lib/python3.12/site-packages/transformers/models/oneformer/image_processing_oneformer.py", line 23, in <module>
    from torchvision.transforms.v2 import functional as tvF
ModuleNotFoundError: No module named 'torchvision'
2026-09-12 20:25:56.758 Examining the path of transformers.models.ovis2.image_processing_ovis2_fast raised:
Traceback (most recent call last):
  File "/Users/win-win/Documents/workspace-tbs/UIT/Python-ML/uit-vietnamese-mrc/.venv/lib/python3.12/site-packages/streamlit/watcher/local_sources_watcher.py", line 340, in get_module_paths
    potential_paths = extract_paths(module)
                      ^^^^^^^^^^^^^^^^^^^^^
  File "/Users/win-win/Documents/workspace-tbs/UIT/Python-ML/uit-vietnamese-mrc/.venv/lib/python3.12/site-packages/streamlit/watcher/local_sources_watcher.py", line 327, in <lambda>
    if hasattr(m, "__path__")
       ^^^^^^^^^^^^^^^^^^^^^^
  File "/Users/win-win/Documents/workspace-tbs/UIT/Python-ML/uit-vietnamese-mrc/.venv/lib/python3.12/site-packages/transformers/__init__.py", line 867, in _getattr
    return getattr(importlib.import_module(target, __name__), name)
                   ^^^^^^^^^^^^^^^^^^^^^^^^^^^^^^^^^^^^^^^^^
  File "/Users/win-win/.local/share/uv/python/cpython-3.12.13-macos-aarch64-none/lib/python3.12/importlib/__init__.py", line 90, in import_module
    return _bootstrap._gcd_import(name[level:], package, level)
           ^^^^^^^^^^^^^^^^^^^^^^^^^^^^^^^^^^^^^^^^^^^^^^^^^^^^
  File "<frozen importlib._bootstrap>", line 1387, in _gcd_import
  File "<frozen importlib._bootstrap>", line 1360, in _find_and_load
  File "<frozen importlib._bootstrap>", line 1331, in _find_and_load_unlocked
  File "<frozen importlib._bootstrap>", line 935, in _load_unlocked
  File "<frozen importlib._bootstrap_external>", line 999, in exec_module
  File "<frozen importlib._bootstrap>", line 488, in _call_with_frames_removed
  File "/Users/win-win/Documents/workspace-tbs/UIT/Python-ML/uit-vietnamese-mrc/.venv/lib/python3.12/site-packages/transformers/models/ovis2/image_processing_ovis2.py", line 19, in <module>
    from torchvision.transforms.v2 import functional as tvF
ModuleNotFoundError: No module named 'torchvision'
2026-09-12 20:25:56.763 Examining the path of transformers.models.owlv2.image_processing_owlv2_fast raised:
Traceback (most recent call last):
  File "/Users/win-win/Documents/workspace-tbs/UIT/Python-ML/uit-vietnamese-mrc/.venv/lib/python3.12/site-packages/streamlit/watcher/local_sources_watcher.py", line 340, in get_module_paths
    potential_paths = extract_paths(module)
                      ^^^^^^^^^^^^^^^^^^^^^
  File "/Users/win-win/Documents/workspace-tbs/UIT/Python-ML/uit-vietnamese-mrc/.venv/lib/python3.12/site-packages/streamlit/watcher/local_sources_watcher.py", line 327, in <lambda>
    if hasattr(m, "__path__")
       ^^^^^^^^^^^^^^^^^^^^^^
  File "/Users/win-win/Documents/workspace-tbs/UIT/Python-ML/uit-vietnamese-mrc/.venv/lib/python3.12/site-packages/transformers/__init__.py", line 867, in _getattr
    return getattr(importlib.import_module(target, __name__), name)
                   ^^^^^^^^^^^^^^^^^^^^^^^^^^^^^^^^^^^^^^^^^
  File "/Users/win-win/.local/share/uv/python/cpython-3.12.13-macos-aarch64-none/lib/python3.12/importlib/__init__.py", line 90, in import_module
    return _bootstrap._gcd_import(name[level:], package, level)
           ^^^^^^^^^^^^^^^^^^^^^^^^^^^^^^^^^^^^^^^^^^^^^^^^^^^^
  File "<frozen importlib._bootstrap>", line 1387, in _gcd_import
  File "<frozen importlib._bootstrap>", line 1360, in _find_and_load
  File "<frozen importlib._bootstrap>", line 1331, in _find_and_load_unlocked
  File "<frozen importlib._bootstrap>", line 935, in _load_unlocked
  File "<frozen importlib._bootstrap_external>", line 999, in exec_module
  File "<frozen importlib._bootstrap>", line 488, in _call_with_frames_removed
  File "/Users/win-win/Documents/workspace-tbs/UIT/Python-ML/uit-vietnamese-mrc/.venv/lib/python3.12/site-packages/transformers/models/owlv2/image_processing_owlv2.py", line 25, in <module>
    import torchvision.transforms.v2.functional as tvF
ModuleNotFoundError: No module named 'torchvision'
2026-09-12 20:25:56.769 Examining the path of transformers.models.paddleocr_vl.image_processing_paddleocr_vl_fast raised:
Traceback (most recent call last):
  File "/Users/win-win/Documents/workspace-tbs/UIT/Python-ML/uit-vietnamese-mrc/.venv/lib/python3.12/site-packages/streamlit/watcher/local_sources_watcher.py", line 340, in get_module_paths
    potential_paths = extract_paths(module)
                      ^^^^^^^^^^^^^^^^^^^^^
  File "/Users/win-win/Documents/workspace-tbs/UIT/Python-ML/uit-vietnamese-mrc/.venv/lib/python3.12/site-packages/streamlit/watcher/local_sources_watcher.py", line 327, in <lambda>
    if hasattr(m, "__path__")
       ^^^^^^^^^^^^^^^^^^^^^^
  File "/Users/win-win/Documents/workspace-tbs/UIT/Python-ML/uit-vietnamese-mrc/.venv/lib/python3.12/site-packages/transformers/__init__.py", line 867, in _getattr
    return getattr(importlib.import_module(target, __name__), name)
                   ^^^^^^^^^^^^^^^^^^^^^^^^^^^^^^^^^^^^^^^^^
  File "/Users/win-win/.local/share/uv/python/cpython-3.12.13-macos-aarch64-none/lib/python3.12/importlib/__init__.py", line 90, in import_module
    return _bootstrap._gcd_import(name[level:], package, level)
           ^^^^^^^^^^^^^^^^^^^^^^^^^^^^^^^^^^^^^^^^^^^^^^^^^^^^
  File "<frozen importlib._bootstrap>", line 1387, in _gcd_import
  File "<frozen importlib._bootstrap>", line 1360, in _find_and_load
  File "<frozen importlib._bootstrap>", line 1331, in _find_and_load_unlocked
  File "<frozen importlib._bootstrap>", line 935, in _load_unlocked
  File "<frozen importlib._bootstrap_external>", line 999, in exec_module
  File "<frozen importlib._bootstrap>", line 488, in _call_with_frames_removed
  File "/Users/win-win/Documents/workspace-tbs/UIT/Python-ML/uit-vietnamese-mrc/.venv/lib/python3.12/site-packages/transformers/models/paddleocr_vl/image_processing_paddleocr_vl.py", line 30, in <module>
    from torchvision.transforms.v2 import functional as tvF
ModuleNotFoundError: No module named 'torchvision'
2026-09-12 20:25:56.774 Examining the path of transformers.models.perceiver.image_processing_perceiver_fast raised:
Traceback (most recent call last):
  File "/Users/win-win/Documents/workspace-tbs/UIT/Python-ML/uit-vietnamese-mrc/.venv/lib/python3.12/site-packages/streamlit/watcher/local_sources_watcher.py", line 340, in get_module_paths
    potential_paths = extract_paths(module)
                      ^^^^^^^^^^^^^^^^^^^^^
  File "/Users/win-win/Documents/workspace-tbs/UIT/Python-ML/uit-vietnamese-mrc/.venv/lib/python3.12/site-packages/streamlit/watcher/local_sources_watcher.py", line 327, in <lambda>
    if hasattr(m, "__path__")
       ^^^^^^^^^^^^^^^^^^^^^^
  File "/Users/win-win/Documents/workspace-tbs/UIT/Python-ML/uit-vietnamese-mrc/.venv/lib/python3.12/site-packages/transformers/__init__.py", line 867, in _getattr
    return getattr(importlib.import_module(target, __name__), name)
                   ^^^^^^^^^^^^^^^^^^^^^^^^^^^^^^^^^^^^^^^^^
  File "/Users/win-win/.local/share/uv/python/cpython-3.12.13-macos-aarch64-none/lib/python3.12/importlib/__init__.py", line 90, in import_module
    return _bootstrap._gcd_import(name[level:], package, level)
           ^^^^^^^^^^^^^^^^^^^^^^^^^^^^^^^^^^^^^^^^^^^^^^^^^^^^
  File "<frozen importlib._bootstrap>", line 1387, in _gcd_import
  File "<frozen importlib._bootstrap>", line 1360, in _find_and_load
  File "<frozen importlib._bootstrap>", line 1331, in _find_and_load_unlocked
  File "<frozen importlib._bootstrap>", line 935, in _load_unlocked
  File "<frozen importlib._bootstrap_external>", line 999, in exec_module
  File "<frozen importlib._bootstrap>", line 488, in _call_with_frames_removed
  File "/Users/win-win/Documents/workspace-tbs/UIT/Python-ML/uit-vietnamese-mrc/.venv/lib/python3.12/site-packages/transformers/models/perceiver/image_processing_perceiver.py", line 17, in <module>
    from torchvision.transforms.v2 import functional as tvF
ModuleNotFoundError: No module named 'torchvision'
2026-09-12 20:25:56.777 Examining the path of transformers.models.perception_lm.image_processing_perception_lm_fast raised:
Traceback (most recent call last):
  File "/Users/win-win/Documents/workspace-tbs/UIT/Python-ML/uit-vietnamese-mrc/.venv/lib/python3.12/site-packages/streamlit/watcher/local_sources_watcher.py", line 340, in get_module_paths
    potential_paths = extract_paths(module)
                      ^^^^^^^^^^^^^^^^^^^^^
  File "/Users/win-win/Documents/workspace-tbs/UIT/Python-ML/uit-vietnamese-mrc/.venv/lib/python3.12/site-packages/streamlit/watcher/local_sources_watcher.py", line 327, in <lambda>
    if hasattr(m, "__path__")
       ^^^^^^^^^^^^^^^^^^^^^^
  File "/Users/win-win/Documents/workspace-tbs/UIT/Python-ML/uit-vietnamese-mrc/.venv/lib/python3.12/site-packages/transformers/__init__.py", line 867, in _getattr
    return getattr(importlib.import_module(target, __name__), name)
                   ^^^^^^^^^^^^^^^^^^^^^^^^^^^^^^^^^^^^^^^^^
  File "/Users/win-win/.local/share/uv/python/cpython-3.12.13-macos-aarch64-none/lib/python3.12/importlib/__init__.py", line 90, in import_module
    return _bootstrap._gcd_import(name[level:], package, level)
           ^^^^^^^^^^^^^^^^^^^^^^^^^^^^^^^^^^^^^^^^^^^^^^^^^^^^
  File "<frozen importlib._bootstrap>", line 1387, in _gcd_import
  File "<frozen importlib._bootstrap>", line 1360, in _find_and_load
  File "<frozen importlib._bootstrap>", line 1331, in _find_and_load_unlocked
  File "<frozen importlib._bootstrap>", line 935, in _load_unlocked
  File "<frozen importlib._bootstrap_external>", line 999, in exec_module
  File "<frozen importlib._bootstrap>", line 488, in _call_with_frames_removed
  File "/Users/win-win/Documents/workspace-tbs/UIT/Python-ML/uit-vietnamese-mrc/.venv/lib/python3.12/site-packages/transformers/models/perception_lm/image_processing_perception_lm.py", line 19, in <module>
    from torchvision.transforms.v2 import functional as tvF
ModuleNotFoundError: No module named 'torchvision'
2026-09-12 20:25:56.779 Examining the path of transformers.models.phi4_multimodal.image_processing_phi4_multimodal_fast raised:
Traceback (most recent call last):
  File "/Users/win-win/Documents/workspace-tbs/UIT/Python-ML/uit-vietnamese-mrc/.venv/lib/python3.12/site-packages/streamlit/watcher/local_sources_watcher.py", line 340, in get_module_paths
    potential_paths = extract_paths(module)
                      ^^^^^^^^^^^^^^^^^^^^^
  File "/Users/win-win/Documents/workspace-tbs/UIT/Python-ML/uit-vietnamese-mrc/.venv/lib/python3.12/site-packages/streamlit/watcher/local_sources_watcher.py", line 327, in <lambda>
    if hasattr(m, "__path__")
       ^^^^^^^^^^^^^^^^^^^^^^
  File "/Users/win-win/Documents/workspace-tbs/UIT/Python-ML/uit-vietnamese-mrc/.venv/lib/python3.12/site-packages/transformers/__init__.py", line 867, in _getattr
    return getattr(importlib.import_module(target, __name__), name)
                   ^^^^^^^^^^^^^^^^^^^^^^^^^^^^^^^^^^^^^^^^^
  File "/Users/win-win/.local/share/uv/python/cpython-3.12.13-macos-aarch64-none/lib/python3.12/importlib/__init__.py", line 90, in import_module
    return _bootstrap._gcd_import(name[level:], package, level)
           ^^^^^^^^^^^^^^^^^^^^^^^^^^^^^^^^^^^^^^^^^^^^^^^^^^^^
  File "<frozen importlib._bootstrap>", line 1387, in _gcd_import
  File "<frozen importlib._bootstrap>", line 1360, in _find_and_load
  File "<frozen importlib._bootstrap>", line 1331, in _find_and_load_unlocked
  File "<frozen importlib._bootstrap>", line 935, in _load_unlocked
  File "<frozen importlib._bootstrap_external>", line 999, in exec_module
  File "<frozen importlib._bootstrap>", line 488, in _call_with_frames_removed
  File "/Users/win-win/Documents/workspace-tbs/UIT/Python-ML/uit-vietnamese-mrc/.venv/lib/python3.12/site-packages/transformers/models/phi4_multimodal/image_processing_phi4_multimodal.py", line 19, in <module>
    from torchvision.transforms.v2 import functional as tvF
ModuleNotFoundError: No module named 'torchvision'
2026-09-12 20:25:56.787 Examining the path of transformers.models.pix2struct.image_processing_pix2struct_fast raised:
Traceback (most recent call last):
  File "/Users/win-win/Documents/workspace-tbs/UIT/Python-ML/uit-vietnamese-mrc/.venv/lib/python3.12/site-packages/streamlit/watcher/local_sources_watcher.py", line 340, in get_module_paths
    potential_paths = extract_paths(module)
                      ^^^^^^^^^^^^^^^^^^^^^
  File "/Users/win-win/Documents/workspace-tbs/UIT/Python-ML/uit-vietnamese-mrc/.venv/lib/python3.12/site-packages/streamlit/watcher/local_sources_watcher.py", line 327, in <lambda>
    if hasattr(m, "__path__")
       ^^^^^^^^^^^^^^^^^^^^^^
  File "/Users/win-win/Documents/workspace-tbs/UIT/Python-ML/uit-vietnamese-mrc/.venv/lib/python3.12/site-packages/transformers/__init__.py", line 867, in _getattr
    return getattr(importlib.import_module(target, __name__), name)
                   ^^^^^^^^^^^^^^^^^^^^^^^^^^^^^^^^^^^^^^^^^
  File "/Users/win-win/.local/share/uv/python/cpython-3.12.13-macos-aarch64-none/lib/python3.12/importlib/__init__.py", line 90, in import_module
    return _bootstrap._gcd_import(name[level:], package, level)
           ^^^^^^^^^^^^^^^^^^^^^^^^^^^^^^^^^^^^^^^^^^^^^^^^^^^^
  File "<frozen importlib._bootstrap>", line 1387, in _gcd_import
  File "<frozen importlib._bootstrap>", line 1360, in _find_and_load
  File "<frozen importlib._bootstrap>", line 1331, in _find_and_load_unlocked
  File "<frozen importlib._bootstrap>", line 935, in _load_unlocked
  File "<frozen importlib._bootstrap_external>", line 999, in exec_module
  File "<frozen importlib._bootstrap>", line 488, in _call_with_frames_removed
  File "/Users/win-win/Documents/workspace-tbs/UIT/Python-ML/uit-vietnamese-mrc/.venv/lib/python3.12/site-packages/transformers/models/pix2struct/image_processing_pix2struct.py", line 21, in <module>
    import torchvision.transforms.v2.functional as tvF
ModuleNotFoundError: No module named 'torchvision'
2026-09-12 20:25:56.790 Examining the path of transformers.models.pixtral.image_processing_pixtral_fast raised:
Traceback (most recent call last):
  File "/Users/win-win/Documents/workspace-tbs/UIT/Python-ML/uit-vietnamese-mrc/.venv/lib/python3.12/site-packages/streamlit/watcher/local_sources_watcher.py", line 340, in get_module_paths
    potential_paths = extract_paths(module)
                      ^^^^^^^^^^^^^^^^^^^^^
  File "/Users/win-win/Documents/workspace-tbs/UIT/Python-ML/uit-vietnamese-mrc/.venv/lib/python3.12/site-packages/streamlit/watcher/local_sources_watcher.py", line 327, in <lambda>
    if hasattr(m, "__path__")
       ^^^^^^^^^^^^^^^^^^^^^^
  File "/Users/win-win/Documents/workspace-tbs/UIT/Python-ML/uit-vietnamese-mrc/.venv/lib/python3.12/site-packages/transformers/__init__.py", line 867, in _getattr
    return getattr(importlib.import_module(target, __name__), name)
                   ^^^^^^^^^^^^^^^^^^^^^^^^^^^^^^^^^^^^^^^^^
  File "/Users/win-win/.local/share/uv/python/cpython-3.12.13-macos-aarch64-none/lib/python3.12/importlib/__init__.py", line 90, in import_module
    return _bootstrap._gcd_import(name[level:], package, level)
           ^^^^^^^^^^^^^^^^^^^^^^^^^^^^^^^^^^^^^^^^^^^^^^^^^^^^
  File "<frozen importlib._bootstrap>", line 1387, in _gcd_import
  File "<frozen importlib._bootstrap>", line 1360, in _find_and_load
  File "<frozen importlib._bootstrap>", line 1331, in _find_and_load_unlocked
  File "<frozen importlib._bootstrap>", line 935, in _load_unlocked
  File "<frozen importlib._bootstrap_external>", line 999, in exec_module
  File "<frozen importlib._bootstrap>", line 488, in _call_with_frames_removed
  File "/Users/win-win/Documents/workspace-tbs/UIT/Python-ML/uit-vietnamese-mrc/.venv/lib/python3.12/site-packages/transformers/models/pixtral/image_processing_pixtral.py", line 19, in <module>
    from torchvision.transforms.v2 import functional as tvF
ModuleNotFoundError: No module named 'torchvision'
2026-09-12 20:25:56.792 Examining the path of transformers.models.poolformer.image_processing_poolformer_fast raised:
Traceback (most recent call last):
  File "/Users/win-win/Documents/workspace-tbs/UIT/Python-ML/uit-vietnamese-mrc/.venv/lib/python3.12/site-packages/streamlit/watcher/local_sources_watcher.py", line 340, in get_module_paths
    potential_paths = extract_paths(module)
                      ^^^^^^^^^^^^^^^^^^^^^
  File "/Users/win-win/Documents/workspace-tbs/UIT/Python-ML/uit-vietnamese-mrc/.venv/lib/python3.12/site-packages/streamlit/watcher/local_sources_watcher.py", line 327, in <lambda>
    if hasattr(m, "__path__")
       ^^^^^^^^^^^^^^^^^^^^^^
  File "/Users/win-win/Documents/workspace-tbs/UIT/Python-ML/uit-vietnamese-mrc/.venv/lib/python3.12/site-packages/transformers/__init__.py", line 867, in _getattr
    return getattr(importlib.import_module(target, __name__), name)
                   ^^^^^^^^^^^^^^^^^^^^^^^^^^^^^^^^^^^^^^^^^
  File "/Users/win-win/.local/share/uv/python/cpython-3.12.13-macos-aarch64-none/lib/python3.12/importlib/__init__.py", line 90, in import_module
    return _bootstrap._gcd_import(name[level:], package, level)
           ^^^^^^^^^^^^^^^^^^^^^^^^^^^^^^^^^^^^^^^^^^^^^^^^^^^^
  File "<frozen importlib._bootstrap>", line 1387, in _gcd_import
  File "<frozen importlib._bootstrap>", line 1360, in _find_and_load
  File "<frozen importlib._bootstrap>", line 1331, in _find_and_load_unlocked
  File "<frozen importlib._bootstrap>", line 935, in _load_unlocked
  File "<frozen importlib._bootstrap_external>", line 999, in exec_module
  File "<frozen importlib._bootstrap>", line 488, in _call_with_frames_removed
  File "/Users/win-win/Documents/workspace-tbs/UIT/Python-ML/uit-vietnamese-mrc/.venv/lib/python3.12/site-packages/transformers/models/poolformer/image_processing_poolformer.py", line 17, in <module>
    from torchvision.transforms.v2 import functional as tvF
ModuleNotFoundError: No module named 'torchvision'
2026-09-12 20:25:56.797 Examining the path of transformers.models.pp_doclayout_v2.image_processing_pp_doclayout_v2_fast raised:
Traceback (most recent call last):
  File "/Users/win-win/Documents/workspace-tbs/UIT/Python-ML/uit-vietnamese-mrc/.venv/lib/python3.12/site-packages/streamlit/watcher/local_sources_watcher.py", line 340, in get_module_paths
    potential_paths = extract_paths(module)
                      ^^^^^^^^^^^^^^^^^^^^^
  File "/Users/win-win/Documents/workspace-tbs/UIT/Python-ML/uit-vietnamese-mrc/.venv/lib/python3.12/site-packages/streamlit/watcher/local_sources_watcher.py", line 327, in <lambda>
    if hasattr(m, "__path__")
       ^^^^^^^^^^^^^^^^^^^^^^
  File "/Users/win-win/Documents/workspace-tbs/UIT/Python-ML/uit-vietnamese-mrc/.venv/lib/python3.12/site-packages/transformers/__init__.py", line 867, in _getattr
    return getattr(importlib.import_module(target, __name__), name)
                   ^^^^^^^^^^^^^^^^^^^^^^^^^^^^^^^^^^^^^^^^^
  File "/Users/win-win/.local/share/uv/python/cpython-3.12.13-macos-aarch64-none/lib/python3.12/importlib/__init__.py", line 90, in import_module
    return _bootstrap._gcd_import(name[level:], package, level)
           ^^^^^^^^^^^^^^^^^^^^^^^^^^^^^^^^^^^^^^^^^^^^^^^^^^^^
  File "<frozen importlib._bootstrap>", line 1387, in _gcd_import
  File "<frozen importlib._bootstrap>", line 1360, in _find_and_load
  File "<frozen importlib._bootstrap>", line 1331, in _find_and_load_unlocked
  File "<frozen importlib._bootstrap>", line 935, in _load_unlocked
  File "<frozen importlib._bootstrap_external>", line 999, in exec_module
  File "<frozen importlib._bootstrap>", line 488, in _call_with_frames_removed
  File "/Users/win-win/Documents/workspace-tbs/UIT/Python-ML/uit-vietnamese-mrc/.venv/lib/python3.12/site-packages/transformers/models/pp_doclayout_v2/image_processing_pp_doclayout_v2.py", line 23, in <module>
    from torchvision.transforms.v2 import functional as tvF
ModuleNotFoundError: No module named 'torchvision'
2026-09-12 20:25:56.799 Examining the path of transformers.models.pp_doclayout_v3.image_processing_pp_doclayout_v3_fast raised:
Traceback (most recent call last):
  File "/Users/win-win/Documents/workspace-tbs/UIT/Python-ML/uit-vietnamese-mrc/.venv/lib/python3.12/site-packages/streamlit/watcher/local_sources_watcher.py", line 340, in get_module_paths
    potential_paths = extract_paths(module)
                      ^^^^^^^^^^^^^^^^^^^^^
  File "/Users/win-win/Documents/workspace-tbs/UIT/Python-ML/uit-vietnamese-mrc/.venv/lib/python3.12/site-packages/streamlit/watcher/local_sources_watcher.py", line 327, in <lambda>
    if hasattr(m, "__path__")
       ^^^^^^^^^^^^^^^^^^^^^^
  File "/Users/win-win/Documents/workspace-tbs/UIT/Python-ML/uit-vietnamese-mrc/.venv/lib/python3.12/site-packages/transformers/__init__.py", line 867, in _getattr
    return getattr(importlib.import_module(target, __name__), name)
                   ^^^^^^^^^^^^^^^^^^^^^^^^^^^^^^^^^^^^^^^^^
  File "/Users/win-win/.local/share/uv/python/cpython-3.12.13-macos-aarch64-none/lib/python3.12/importlib/__init__.py", line 90, in import_module
    return _bootstrap._gcd_import(name[level:], package, level)
           ^^^^^^^^^^^^^^^^^^^^^^^^^^^^^^^^^^^^^^^^^^^^^^^^^^^^
  File "<frozen importlib._bootstrap>", line 1387, in _gcd_import
  File "<frozen importlib._bootstrap>", line 1360, in _find_and_load
  File "<frozen importlib._bootstrap>", line 1331, in _find_and_load_unlocked
  File "<frozen importlib._bootstrap>", line 935, in _load_unlocked
  File "<frozen importlib._bootstrap_external>", line 999, in exec_module
  File "<frozen importlib._bootstrap>", line 488, in _call_with_frames_removed
  File "/Users/win-win/Documents/workspace-tbs/UIT/Python-ML/uit-vietnamese-mrc/.venv/lib/python3.12/site-packages/transformers/models/pp_doclayout_v3/image_processing_pp_doclayout_v3.py", line 24, in <module>
    from torchvision.transforms.v2 import functional as tvF
ModuleNotFoundError: No module named 'torchvision'
2026-09-12 20:25:56.800 Examining the path of transformers.models.pp_formulanet.image_processing_pp_formulanet_fast raised:
Traceback (most recent call last):
  File "/Users/win-win/Documents/workspace-tbs/UIT/Python-ML/uit-vietnamese-mrc/.venv/lib/python3.12/site-packages/streamlit/watcher/local_sources_watcher.py", line 340, in get_module_paths
    potential_paths = extract_paths(module)
                      ^^^^^^^^^^^^^^^^^^^^^
  File "/Users/win-win/Documents/workspace-tbs/UIT/Python-ML/uit-vietnamese-mrc/.venv/lib/python3.12/site-packages/streamlit/watcher/local_sources_watcher.py", line 327, in <lambda>
    if hasattr(m, "__path__")
       ^^^^^^^^^^^^^^^^^^^^^^
  File "/Users/win-win/Documents/workspace-tbs/UIT/Python-ML/uit-vietnamese-mrc/.venv/lib/python3.12/site-packages/transformers/__init__.py", line 867, in _getattr
    return getattr(importlib.import_module(target, __name__), name)
                   ^^^^^^^^^^^^^^^^^^^^^^^^^^^^^^^^^^^^^^^^^
  File "/Users/win-win/.local/share/uv/python/cpython-3.12.13-macos-aarch64-none/lib/python3.12/importlib/__init__.py", line 90, in import_module
    return _bootstrap._gcd_import(name[level:], package, level)
           ^^^^^^^^^^^^^^^^^^^^^^^^^^^^^^^^^^^^^^^^^^^^^^^^^^^^
  File "<frozen importlib._bootstrap>", line 1387, in _gcd_import
  File "<frozen importlib._bootstrap>", line 1360, in _find_and_load
  File "<frozen importlib._bootstrap>", line 1331, in _find_and_load_unlocked
  File "<frozen importlib._bootstrap>", line 935, in _load_unlocked
  File "<frozen importlib._bootstrap_external>", line 999, in exec_module
  File "<frozen importlib._bootstrap>", line 488, in _call_with_frames_removed
  File "/Users/win-win/Documents/workspace-tbs/UIT/Python-ML/uit-vietnamese-mrc/.venv/lib/python3.12/site-packages/transformers/models/pp_formulanet/image_processing_pp_formulanet.py", line 23, in <module>
    from torchvision.transforms.v2 import functional as tvF
ModuleNotFoundError: No module named 'torchvision'
2026-09-12 20:25:56.802 Examining the path of transformers.models.pp_lcnet.image_processing_pp_lcnet_fast raised:
Traceback (most recent call last):
  File "/Users/win-win/Documents/workspace-tbs/UIT/Python-ML/uit-vietnamese-mrc/.venv/lib/python3.12/site-packages/streamlit/watcher/local_sources_watcher.py", line 340, in get_module_paths
    potential_paths = extract_paths(module)
                      ^^^^^^^^^^^^^^^^^^^^^
  File "/Users/win-win/Documents/workspace-tbs/UIT/Python-ML/uit-vietnamese-mrc/.venv/lib/python3.12/site-packages/streamlit/watcher/local_sources_watcher.py", line 327, in <lambda>
    if hasattr(m, "__path__")
       ^^^^^^^^^^^^^^^^^^^^^^
  File "/Users/win-win/Documents/workspace-tbs/UIT/Python-ML/uit-vietnamese-mrc/.venv/lib/python3.12/site-packages/transformers/__init__.py", line 867, in _getattr
    return getattr(importlib.import_module(target, __name__), name)
                   ^^^^^^^^^^^^^^^^^^^^^^^^^^^^^^^^^^^^^^^^^
  File "/Users/win-win/.local/share/uv/python/cpython-3.12.13-macos-aarch64-none/lib/python3.12/importlib/__init__.py", line 90, in import_module
    return _bootstrap._gcd_import(name[level:], package, level)
           ^^^^^^^^^^^^^^^^^^^^^^^^^^^^^^^^^^^^^^^^^^^^^^^^^^^^
  File "<frozen importlib._bootstrap>", line 1387, in _gcd_import
  File "<frozen importlib._bootstrap>", line 1360, in _find_and_load
  File "<frozen importlib._bootstrap>", line 1331, in _find_and_load_unlocked
  File "<frozen importlib._bootstrap>", line 935, in _load_unlocked
  File "<frozen importlib._bootstrap_external>", line 999, in exec_module
  File "<frozen importlib._bootstrap>", line 488, in _call_with_frames_removed
  File "/Users/win-win/Documents/workspace-tbs/UIT/Python-ML/uit-vietnamese-mrc/.venv/lib/python3.12/site-packages/transformers/models/pp_lcnet/image_processing_pp_lcnet.py", line 24, in <module>
    import torchvision.transforms.v2.functional as tvF
ModuleNotFoundError: No module named 'torchvision'
2026-09-12 20:25:56.804 Examining the path of transformers.models.pp_ocrv5_server_det.image_processing_pp_ocrv5_server_det_fast raised:
Traceback (most recent call last):
  File "/Users/win-win/Documents/workspace-tbs/UIT/Python-ML/uit-vietnamese-mrc/.venv/lib/python3.12/site-packages/streamlit/watcher/local_sources_watcher.py", line 340, in get_module_paths
    potential_paths = extract_paths(module)
                      ^^^^^^^^^^^^^^^^^^^^^
  File "/Users/win-win/Documents/workspace-tbs/UIT/Python-ML/uit-vietnamese-mrc/.venv/lib/python3.12/site-packages/streamlit/watcher/local_sources_watcher.py", line 327, in <lambda>
    if hasattr(m, "__path__")
       ^^^^^^^^^^^^^^^^^^^^^^
  File "/Users/win-win/Documents/workspace-tbs/UIT/Python-ML/uit-vietnamese-mrc/.venv/lib/python3.12/site-packages/transformers/__init__.py", line 867, in _getattr
    return getattr(importlib.import_module(target, __name__), name)
                   ^^^^^^^^^^^^^^^^^^^^^^^^^^^^^^^^^^^^^^^^^
  File "/Users/win-win/.local/share/uv/python/cpython-3.12.13-macos-aarch64-none/lib/python3.12/importlib/__init__.py", line 90, in import_module
    return _bootstrap._gcd_import(name[level:], package, level)
           ^^^^^^^^^^^^^^^^^^^^^^^^^^^^^^^^^^^^^^^^^^^^^^^^^^^^
  File "<frozen importlib._bootstrap>", line 1387, in _gcd_import
  File "<frozen importlib._bootstrap>", line 1360, in _find_and_load
  File "<frozen importlib._bootstrap>", line 1331, in _find_and_load_unlocked
  File "<frozen importlib._bootstrap>", line 935, in _load_unlocked
  File "<frozen importlib._bootstrap_external>", line 999, in exec_module
  File "<frozen importlib._bootstrap>", line 488, in _call_with_frames_removed
  File "/Users/win-win/Documents/workspace-tbs/UIT/Python-ML/uit-vietnamese-mrc/.venv/lib/python3.12/site-packages/transformers/models/pp_ocrv5_server_det/image_processing_pp_ocrv5_server_det.py", line 25, in <module>
    import torchvision.transforms.v2.functional as tvF
ModuleNotFoundError: No module named 'torchvision'
2026-09-12 20:25:56.805 Examining the path of transformers.models.pp_ocrv5_server_rec.image_processing_pp_ocrv5_server_rec_fast raised:
Traceback (most recent call last):
  File "/Users/win-win/Documents/workspace-tbs/UIT/Python-ML/uit-vietnamese-mrc/.venv/lib/python3.12/site-packages/streamlit/watcher/local_sources_watcher.py", line 340, in get_module_paths
    potential_paths = extract_paths(module)
                      ^^^^^^^^^^^^^^^^^^^^^
  File "/Users/win-win/Documents/workspace-tbs/UIT/Python-ML/uit-vietnamese-mrc/.venv/lib/python3.12/site-packages/streamlit/watcher/local_sources_watcher.py", line 327, in <lambda>
    if hasattr(m, "__path__")
       ^^^^^^^^^^^^^^^^^^^^^^
  File "/Users/win-win/Documents/workspace-tbs/UIT/Python-ML/uit-vietnamese-mrc/.venv/lib/python3.12/site-packages/transformers/__init__.py", line 867, in _getattr
    return getattr(importlib.import_module(target, __name__), name)
                   ^^^^^^^^^^^^^^^^^^^^^^^^^^^^^^^^^^^^^^^^^
  File "/Users/win-win/.local/share/uv/python/cpython-3.12.13-macos-aarch64-none/lib/python3.12/importlib/__init__.py", line 90, in import_module
    return _bootstrap._gcd_import(name[level:], package, level)
           ^^^^^^^^^^^^^^^^^^^^^^^^^^^^^^^^^^^^^^^^^^^^^^^^^^^^
  File "<frozen importlib._bootstrap>", line 1387, in _gcd_import
  File "<frozen importlib._bootstrap>", line 1360, in _find_and_load
  File "<frozen importlib._bootstrap>", line 1331, in _find_and_load_unlocked
  File "<frozen importlib._bootstrap>", line 935, in _load_unlocked
  File "<frozen importlib._bootstrap_external>", line 999, in exec_module
  File "<frozen importlib._bootstrap>", line 488, in _call_with_frames_removed
  File "/Users/win-win/Documents/workspace-tbs/UIT/Python-ML/uit-vietnamese-mrc/.venv/lib/python3.12/site-packages/transformers/models/pp_ocrv5_server_rec/image_processing_pp_ocrv5_server_rec.py", line 24, in <module>
    import torchvision.transforms.v2.functional as tvF
ModuleNotFoundError: No module named 'torchvision'
2026-09-12 20:25:56.807 Examining the path of transformers.models.pp_ocrv6_small_rec.image_processing_pp_ocrv6_small_rec_fast raised:
Traceback (most recent call last):
  File "/Users/win-win/Documents/workspace-tbs/UIT/Python-ML/uit-vietnamese-mrc/.venv/lib/python3.12/site-packages/streamlit/watcher/local_sources_watcher.py", line 340, in get_module_paths
    potential_paths = extract_paths(module)
                      ^^^^^^^^^^^^^^^^^^^^^
  File "/Users/win-win/Documents/workspace-tbs/UIT/Python-ML/uit-vietnamese-mrc/.venv/lib/python3.12/site-packages/streamlit/watcher/local_sources_watcher.py", line 327, in <lambda>
    if hasattr(m, "__path__")
       ^^^^^^^^^^^^^^^^^^^^^^
  File "/Users/win-win/Documents/workspace-tbs/UIT/Python-ML/uit-vietnamese-mrc/.venv/lib/python3.12/site-packages/transformers/__init__.py", line 867, in _getattr
    return getattr(importlib.import_module(target, __name__), name)
                   ^^^^^^^^^^^^^^^^^^^^^^^^^^^^^^^^^^^^^^^^^
  File "/Users/win-win/.local/share/uv/python/cpython-3.12.13-macos-aarch64-none/lib/python3.12/importlib/__init__.py", line 90, in import_module
    return _bootstrap._gcd_import(name[level:], package, level)
           ^^^^^^^^^^^^^^^^^^^^^^^^^^^^^^^^^^^^^^^^^^^^^^^^^^^^
  File "<frozen importlib._bootstrap>", line 1387, in _gcd_import
  File "<frozen importlib._bootstrap>", line 1360, in _find_and_load
  File "<frozen importlib._bootstrap>", line 1331, in _find_and_load_unlocked
  File "<frozen importlib._bootstrap>", line 935, in _load_unlocked
  File "<frozen importlib._bootstrap_external>", line 999, in exec_module
  File "<frozen importlib._bootstrap>", line 488, in _call_with_frames_removed
  File "/Users/win-win/Documents/workspace-tbs/UIT/Python-ML/uit-vietnamese-mrc/.venv/lib/python3.12/site-packages/transformers/models/pp_ocrv6_small_rec/image_processing_pp_ocrv6_small_rec.py", line 24, in <module>
    import torchvision.transforms.v2.functional as tvF
ModuleNotFoundError: No module named 'torchvision'
2026-09-12 20:25:56.811 Examining the path of transformers.models.prompt_depth_anything.image_processing_prompt_depth_anything_fast raised:
Traceback (most recent call last):
  File "/Users/win-win/Documents/workspace-tbs/UIT/Python-ML/uit-vietnamese-mrc/.venv/lib/python3.12/site-packages/streamlit/watcher/local_sources_watcher.py", line 340, in get_module_paths
    potential_paths = extract_paths(module)
                      ^^^^^^^^^^^^^^^^^^^^^
  File "/Users/win-win/Documents/workspace-tbs/UIT/Python-ML/uit-vietnamese-mrc/.venv/lib/python3.12/site-packages/streamlit/watcher/local_sources_watcher.py", line 327, in <lambda>
    if hasattr(m, "__path__")
       ^^^^^^^^^^^^^^^^^^^^^^
  File "/Users/win-win/Documents/workspace-tbs/UIT/Python-ML/uit-vietnamese-mrc/.venv/lib/python3.12/site-packages/transformers/__init__.py", line 867, in _getattr
    return getattr(importlib.import_module(target, __name__), name)
                   ^^^^^^^^^^^^^^^^^^^^^^^^^^^^^^^^^^^^^^^^^
  File "/Users/win-win/.local/share/uv/python/cpython-3.12.13-macos-aarch64-none/lib/python3.12/importlib/__init__.py", line 90, in import_module
    return _bootstrap._gcd_import(name[level:], package, level)
           ^^^^^^^^^^^^^^^^^^^^^^^^^^^^^^^^^^^^^^^^^^^^^^^^^^^^
  File "<frozen importlib._bootstrap>", line 1387, in _gcd_import
  File "<frozen importlib._bootstrap>", line 1360, in _find_and_load
  File "<frozen importlib._bootstrap>", line 1331, in _find_and_load_unlocked
  File "<frozen importlib._bootstrap>", line 935, in _load_unlocked
  File "<frozen importlib._bootstrap_external>", line 999, in exec_module
  File "<frozen importlib._bootstrap>", line 488, in _call_with_frames_removed
  File "/Users/win-win/Documents/workspace-tbs/UIT/Python-ML/uit-vietnamese-mrc/.venv/lib/python3.12/site-packages/transformers/models/prompt_depth_anything/image_processing_prompt_depth_anything.py", line 42, in <module>
    from torchvision.transforms.v2 import functional as tvF
ModuleNotFoundError: No module named 'torchvision'
2026-09-12 20:25:56.820 Examining the path of transformers.models.qwen2_vl.image_processing_qwen2_vl_fast raised:
Traceback (most recent call last):
  File "/Users/win-win/Documents/workspace-tbs/UIT/Python-ML/uit-vietnamese-mrc/.venv/lib/python3.12/site-packages/streamlit/watcher/local_sources_watcher.py", line 340, in get_module_paths
    potential_paths = extract_paths(module)
                      ^^^^^^^^^^^^^^^^^^^^^
  File "/Users/win-win/Documents/workspace-tbs/UIT/Python-ML/uit-vietnamese-mrc/.venv/lib/python3.12/site-packages/streamlit/watcher/local_sources_watcher.py", line 327, in <lambda>
    if hasattr(m, "__path__")
       ^^^^^^^^^^^^^^^^^^^^^^
  File "/Users/win-win/Documents/workspace-tbs/UIT/Python-ML/uit-vietnamese-mrc/.venv/lib/python3.12/site-packages/transformers/__init__.py", line 867, in _getattr
    return getattr(importlib.import_module(target, __name__), name)
                   ^^^^^^^^^^^^^^^^^^^^^^^^^^^^^^^^^^^^^^^^^
  File "/Users/win-win/.local/share/uv/python/cpython-3.12.13-macos-aarch64-none/lib/python3.12/importlib/__init__.py", line 90, in import_module
    return _bootstrap._gcd_import(name[level:], package, level)
           ^^^^^^^^^^^^^^^^^^^^^^^^^^^^^^^^^^^^^^^^^^^^^^^^^^^^
  File "<frozen importlib._bootstrap>", line 1387, in _gcd_import
  File "<frozen importlib._bootstrap>", line 1360, in _find_and_load
  File "<frozen importlib._bootstrap>", line 1331, in _find_and_load_unlocked
  File "<frozen importlib._bootstrap>", line 935, in _load_unlocked
  File "<frozen importlib._bootstrap_external>", line 999, in exec_module
  File "<frozen importlib._bootstrap>", line 488, in _call_with_frames_removed
  File "/Users/win-win/Documents/workspace-tbs/UIT/Python-ML/uit-vietnamese-mrc/.venv/lib/python3.12/site-packages/transformers/models/qwen2_vl/image_processing_qwen2_vl.py", line 25, in <module>
    from torchvision.transforms.v2 import functional as tvF
ModuleNotFoundError: No module named 'torchvision'
2026-09-12 20:25:56.823 Examining the path of transformers.models.rf_detr.image_processing_rf_detr_fast raised:
Traceback (most recent call last):
  File "/Users/win-win/Documents/workspace-tbs/UIT/Python-ML/uit-vietnamese-mrc/.venv/lib/python3.12/site-packages/streamlit/watcher/local_sources_watcher.py", line 340, in get_module_paths
    potential_paths = extract_paths(module)
                      ^^^^^^^^^^^^^^^^^^^^^
  File "/Users/win-win/Documents/workspace-tbs/UIT/Python-ML/uit-vietnamese-mrc/.venv/lib/python3.12/site-packages/streamlit/watcher/local_sources_watcher.py", line 327, in <lambda>
    if hasattr(m, "__path__")
       ^^^^^^^^^^^^^^^^^^^^^^
  File "/Users/win-win/Documents/workspace-tbs/UIT/Python-ML/uit-vietnamese-mrc/.venv/lib/python3.12/site-packages/transformers/__init__.py", line 867, in _getattr
    return getattr(importlib.import_module(target, __name__), name)
                   ^^^^^^^^^^^^^^^^^^^^^^^^^^^^^^^^^^^^^^^^^
  File "/Users/win-win/.local/share/uv/python/cpython-3.12.13-macos-aarch64-none/lib/python3.12/importlib/__init__.py", line 90, in import_module
    return _bootstrap._gcd_import(name[level:], package, level)
           ^^^^^^^^^^^^^^^^^^^^^^^^^^^^^^^^^^^^^^^^^^^^^^^^^^^^
  File "<frozen importlib._bootstrap>", line 1387, in _gcd_import
  File "<frozen importlib._bootstrap>", line 1360, in _find_and_load
  File "<frozen importlib._bootstrap>", line 1331, in _find_and_load_unlocked
  File "<frozen importlib._bootstrap>", line 935, in _load_unlocked
  File "<frozen importlib._bootstrap_external>", line 999, in exec_module
  File "<frozen importlib._bootstrap>", line 488, in _call_with_frames_removed
  File "/Users/win-win/Documents/workspace-tbs/UIT/Python-ML/uit-vietnamese-mrc/.venv/lib/python3.12/site-packages/transformers/models/rf_detr/image_processing_rf_detr.py", line 26, in <module>
    from torchvision.transforms.v2 import functional as tvF
ModuleNotFoundError: No module named 'torchvision'
2026-09-12 20:25:56.830 Examining the path of transformers.models.rt_detr.image_processing_rt_detr_fast raised:
Traceback (most recent call last):
  File "/Users/win-win/Documents/workspace-tbs/UIT/Python-ML/uit-vietnamese-mrc/.venv/lib/python3.12/site-packages/streamlit/watcher/local_sources_watcher.py", line 340, in get_module_paths
    potential_paths = extract_paths(module)
                      ^^^^^^^^^^^^^^^^^^^^^
  File "/Users/win-win/Documents/workspace-tbs/UIT/Python-ML/uit-vietnamese-mrc/.venv/lib/python3.12/site-packages/streamlit/watcher/local_sources_watcher.py", line 327, in <lambda>
    if hasattr(m, "__path__")
       ^^^^^^^^^^^^^^^^^^^^^^
  File "/Users/win-win/Documents/workspace-tbs/UIT/Python-ML/uit-vietnamese-mrc/.venv/lib/python3.12/site-packages/transformers/__init__.py", line 867, in _getattr
    return getattr(importlib.import_module(target, __name__), name)
                   ^^^^^^^^^^^^^^^^^^^^^^^^^^^^^^^^^^^^^^^^^
  File "/Users/win-win/.local/share/uv/python/cpython-3.12.13-macos-aarch64-none/lib/python3.12/importlib/__init__.py", line 90, in import_module
    return _bootstrap._gcd_import(name[level:], package, level)
           ^^^^^^^^^^^^^^^^^^^^^^^^^^^^^^^^^^^^^^^^^^^^^^^^^^^^
  File "<frozen importlib._bootstrap>", line 1387, in _gcd_import
  File "<frozen importlib._bootstrap>", line 1360, in _find_and_load
  File "<frozen importlib._bootstrap>", line 1331, in _find_and_load_unlocked
  File "<frozen importlib._bootstrap>", line 935, in _load_unlocked
  File "<frozen importlib._bootstrap_external>", line 999, in exec_module
  File "<frozen importlib._bootstrap>", line 488, in _call_with_frames_removed
  File "/Users/win-win/Documents/workspace-tbs/UIT/Python-ML/uit-vietnamese-mrc/.venv/lib/python3.12/site-packages/transformers/models/rt_detr/image_processing_rt_detr.py", line 24, in <module>
    from torchvision.transforms.v2 import functional as tvF
ModuleNotFoundError: No module named 'torchvision'
2026-09-12 20:25:56.839 Examining the path of transformers.models.sam.image_processing_sam_fast raised:
Traceback (most recent call last):
  File "/Users/win-win/Documents/workspace-tbs/UIT/Python-ML/uit-vietnamese-mrc/.venv/lib/python3.12/site-packages/streamlit/watcher/local_sources_watcher.py", line 340, in get_module_paths
    potential_paths = extract_paths(module)
                      ^^^^^^^^^^^^^^^^^^^^^
  File "/Users/win-win/Documents/workspace-tbs/UIT/Python-ML/uit-vietnamese-mrc/.venv/lib/python3.12/site-packages/streamlit/watcher/local_sources_watcher.py", line 327, in <lambda>
    if hasattr(m, "__path__")
       ^^^^^^^^^^^^^^^^^^^^^^
  File "/Users/win-win/Documents/workspace-tbs/UIT/Python-ML/uit-vietnamese-mrc/.venv/lib/python3.12/site-packages/transformers/__init__.py", line 867, in _getattr
    return getattr(importlib.import_module(target, __name__), name)
                   ^^^^^^^^^^^^^^^^^^^^^^^^^^^^^^^^^^^^^^^^^
  File "/Users/win-win/.local/share/uv/python/cpython-3.12.13-macos-aarch64-none/lib/python3.12/importlib/__init__.py", line 90, in import_module
    return _bootstrap._gcd_import(name[level:], package, level)
           ^^^^^^^^^^^^^^^^^^^^^^^^^^^^^^^^^^^^^^^^^^^^^^^^^^^^
  File "<frozen importlib._bootstrap>", line 1387, in _gcd_import
  File "<frozen importlib._bootstrap>", line 1360, in _find_and_load
  File "<frozen importlib._bootstrap>", line 1331, in _find_and_load_unlocked
  File "<frozen importlib._bootstrap>", line 935, in _load_unlocked
  File "<frozen importlib._bootstrap_external>", line 999, in exec_module
  File "<frozen importlib._bootstrap>", line 488, in _call_with_frames_removed
  File "/Users/win-win/Documents/workspace-tbs/UIT/Python-ML/uit-vietnamese-mrc/.venv/lib/python3.12/site-packages/transformers/models/sam/image_processing_sam.py", line 25, in <module>
    from torchvision.ops.boxes import batched_nms
ModuleNotFoundError: No module named 'torchvision'
2026-09-12 20:25:56.843 Examining the path of transformers.models.sam2.image_processing_sam2_fast raised:
Traceback (most recent call last):
  File "/Users/win-win/Documents/workspace-tbs/UIT/Python-ML/uit-vietnamese-mrc/.venv/lib/python3.12/site-packages/streamlit/watcher/local_sources_watcher.py", line 340, in get_module_paths
    potential_paths = extract_paths(module)
                      ^^^^^^^^^^^^^^^^^^^^^
  File "/Users/win-win/Documents/workspace-tbs/UIT/Python-ML/uit-vietnamese-mrc/.venv/lib/python3.12/site-packages/streamlit/watcher/local_sources_watcher.py", line 327, in <lambda>
    if hasattr(m, "__path__")
       ^^^^^^^^^^^^^^^^^^^^^^
  File "/Users/win-win/Documents/workspace-tbs/UIT/Python-ML/uit-vietnamese-mrc/.venv/lib/python3.12/site-packages/transformers/__init__.py", line 867, in _getattr
    return getattr(importlib.import_module(target, __name__), name)
                   ^^^^^^^^^^^^^^^^^^^^^^^^^^^^^^^^^^^^^^^^^
  File "/Users/win-win/.local/share/uv/python/cpython-3.12.13-macos-aarch64-none/lib/python3.12/importlib/__init__.py", line 90, in import_module
    return _bootstrap._gcd_import(name[level:], package, level)
           ^^^^^^^^^^^^^^^^^^^^^^^^^^^^^^^^^^^^^^^^^^^^^^^^^^^^
  File "<frozen importlib._bootstrap>", line 1387, in _gcd_import
  File "<frozen importlib._bootstrap>", line 1360, in _find_and_load
  File "<frozen importlib._bootstrap>", line 1331, in _find_and_load_unlocked
  File "<frozen importlib._bootstrap>", line 935, in _load_unlocked
  File "<frozen importlib._bootstrap_external>", line 999, in exec_module
  File "<frozen importlib._bootstrap>", line 488, in _call_with_frames_removed
  File "/Users/win-win/Documents/workspace-tbs/UIT/Python-ML/uit-vietnamese-mrc/.venv/lib/python3.12/site-packages/transformers/models/sam2/image_processing_sam2.py", line 28, in <module>
    from torchvision.ops.boxes import batched_nms
ModuleNotFoundError: No module named 'torchvision'
2026-09-12 20:25:56.846 Examining the path of transformers.models.sam3.image_processing_sam3_fast raised:
Traceback (most recent call last):
  File "/Users/win-win/Documents/workspace-tbs/UIT/Python-ML/uit-vietnamese-mrc/.venv/lib/python3.12/site-packages/streamlit/watcher/local_sources_watcher.py", line 340, in get_module_paths
    potential_paths = extract_paths(module)
                      ^^^^^^^^^^^^^^^^^^^^^
  File "/Users/win-win/Documents/workspace-tbs/UIT/Python-ML/uit-vietnamese-mrc/.venv/lib/python3.12/site-packages/streamlit/watcher/local_sources_watcher.py", line 327, in <lambda>
    if hasattr(m, "__path__")
       ^^^^^^^^^^^^^^^^^^^^^^
  File "/Users/win-win/Documents/workspace-tbs/UIT/Python-ML/uit-vietnamese-mrc/.venv/lib/python3.12/site-packages/transformers/__init__.py", line 867, in _getattr
    return getattr(importlib.import_module(target, __name__), name)
                   ^^^^^^^^^^^^^^^^^^^^^^^^^^^^^^^^^^^^^^^^^
  File "/Users/win-win/.local/share/uv/python/cpython-3.12.13-macos-aarch64-none/lib/python3.12/importlib/__init__.py", line 90, in import_module
    return _bootstrap._gcd_import(name[level:], package, level)
           ^^^^^^^^^^^^^^^^^^^^^^^^^^^^^^^^^^^^^^^^^^^^^^^^^^^^
  File "<frozen importlib._bootstrap>", line 1387, in _gcd_import
  File "<frozen importlib._bootstrap>", line 1360, in _find_and_load
  File "<frozen importlib._bootstrap>", line 1331, in _find_and_load_unlocked
  File "<frozen importlib._bootstrap>", line 935, in _load_unlocked
  File "<frozen importlib._bootstrap_external>", line 999, in exec_module
  File "<frozen importlib._bootstrap>", line 488, in _call_with_frames_removed
  File "/Users/win-win/Documents/workspace-tbs/UIT/Python-ML/uit-vietnamese-mrc/.venv/lib/python3.12/site-packages/transformers/models/sam3/image_processing_sam3.py", line 30, in <module>
    from torchvision.ops.boxes import batched_nms
ModuleNotFoundError: No module named 'torchvision'
2026-09-12 20:25:56.850 Examining the path of transformers.models.sapiens2.image_processing_sapiens2_fast raised:
Traceback (most recent call last):
  File "/Users/win-win/Documents/workspace-tbs/UIT/Python-ML/uit-vietnamese-mrc/.venv/lib/python3.12/site-packages/streamlit/watcher/local_sources_watcher.py", line 340, in get_module_paths
    potential_paths = extract_paths(module)
                      ^^^^^^^^^^^^^^^^^^^^^
  File "/Users/win-win/Documents/workspace-tbs/UIT/Python-ML/uit-vietnamese-mrc/.venv/lib/python3.12/site-packages/streamlit/watcher/local_sources_watcher.py", line 327, in <lambda>
    if hasattr(m, "__path__")
       ^^^^^^^^^^^^^^^^^^^^^^
  File "/Users/win-win/Documents/workspace-tbs/UIT/Python-ML/uit-vietnamese-mrc/.venv/lib/python3.12/site-packages/transformers/__init__.py", line 867, in _getattr
    return getattr(importlib.import_module(target, __name__), name)
                   ^^^^^^^^^^^^^^^^^^^^^^^^^^^^^^^^^^^^^^^^^
  File "/Users/win-win/.local/share/uv/python/cpython-3.12.13-macos-aarch64-none/lib/python3.12/importlib/__init__.py", line 90, in import_module
    return _bootstrap._gcd_import(name[level:], package, level)
           ^^^^^^^^^^^^^^^^^^^^^^^^^^^^^^^^^^^^^^^^^^^^^^^^^^^^
  File "<frozen importlib._bootstrap>", line 1387, in _gcd_import
  File "<frozen importlib._bootstrap>", line 1360, in _find_and_load
  File "<frozen importlib._bootstrap>", line 1331, in _find_and_load_unlocked
  File "<frozen importlib._bootstrap>", line 935, in _load_unlocked
  File "<frozen importlib._bootstrap_external>", line 999, in exec_module
  File "<frozen importlib._bootstrap>", line 488, in _call_with_frames_removed
  File "/Users/win-win/Documents/workspace-tbs/UIT/Python-ML/uit-vietnamese-mrc/.venv/lib/python3.12/site-packages/transformers/models/sapiens2/image_processing_sapiens2.py", line 23, in <module>
    from torchvision.transforms.v2 import functional as tvF
ModuleNotFoundError: No module named 'torchvision'
2026-09-12 20:25:56.855 Examining the path of transformers.models.segformer.image_processing_segformer_fast raised:
Traceback (most recent call last):
  File "/Users/win-win/Documents/workspace-tbs/UIT/Python-ML/uit-vietnamese-mrc/.venv/lib/python3.12/site-packages/streamlit/watcher/local_sources_watcher.py", line 340, in get_module_paths
    potential_paths = extract_paths(module)
                      ^^^^^^^^^^^^^^^^^^^^^
  File "/Users/win-win/Documents/workspace-tbs/UIT/Python-ML/uit-vietnamese-mrc/.venv/lib/python3.12/site-packages/streamlit/watcher/local_sources_watcher.py", line 327, in <lambda>
    if hasattr(m, "__path__")
       ^^^^^^^^^^^^^^^^^^^^^^
  File "/Users/win-win/Documents/workspace-tbs/UIT/Python-ML/uit-vietnamese-mrc/.venv/lib/python3.12/site-packages/transformers/__init__.py", line 867, in _getattr
    return getattr(importlib.import_module(target, __name__), name)
                   ^^^^^^^^^^^^^^^^^^^^^^^^^^^^^^^^^^^^^^^^^
  File "/Users/win-win/.local/share/uv/python/cpython-3.12.13-macos-aarch64-none/lib/python3.12/importlib/__init__.py", line 90, in import_module
    return _bootstrap._gcd_import(name[level:], package, level)
           ^^^^^^^^^^^^^^^^^^^^^^^^^^^^^^^^^^^^^^^^^^^^^^^^^^^^
  File "<frozen importlib._bootstrap>", line 1387, in _gcd_import
  File "<frozen importlib._bootstrap>", line 1360, in _find_and_load
  File "<frozen importlib._bootstrap>", line 1331, in _find_and_load_unlocked
  File "<frozen importlib._bootstrap>", line 935, in _load_unlocked
  File "<frozen importlib._bootstrap_external>", line 999, in exec_module
  File "<frozen importlib._bootstrap>", line 488, in _call_with_frames_removed
  File "/Users/win-win/Documents/workspace-tbs/UIT/Python-ML/uit-vietnamese-mrc/.venv/lib/python3.12/site-packages/transformers/models/segformer/image_processing_segformer.py", line 25, in <module>
    import torchvision.transforms.v2.functional as tvF
ModuleNotFoundError: No module named 'torchvision'
2026-09-12 20:25:56.861 Examining the path of transformers.models.seggpt.image_processing_seggpt_fast raised:
Traceback (most recent call last):
  File "/Users/win-win/Documents/workspace-tbs/UIT/Python-ML/uit-vietnamese-mrc/.venv/lib/python3.12/site-packages/streamlit/watcher/local_sources_watcher.py", line 340, in get_module_paths
    potential_paths = extract_paths(module)
                      ^^^^^^^^^^^^^^^^^^^^^
  File "/Users/win-win/Documents/workspace-tbs/UIT/Python-ML/uit-vietnamese-mrc/.venv/lib/python3.12/site-packages/streamlit/watcher/local_sources_watcher.py", line 327, in <lambda>
    if hasattr(m, "__path__")
       ^^^^^^^^^^^^^^^^^^^^^^
  File "/Users/win-win/Documents/workspace-tbs/UIT/Python-ML/uit-vietnamese-mrc/.venv/lib/python3.12/site-packages/transformers/__init__.py", line 867, in _getattr
    return getattr(importlib.import_module(target, __name__), name)
                   ^^^^^^^^^^^^^^^^^^^^^^^^^^^^^^^^^^^^^^^^^
  File "/Users/win-win/.local/share/uv/python/cpython-3.12.13-macos-aarch64-none/lib/python3.12/importlib/__init__.py", line 90, in import_module
    return _bootstrap._gcd_import(name[level:], package, level)
           ^^^^^^^^^^^^^^^^^^^^^^^^^^^^^^^^^^^^^^^^^^^^^^^^^^^^
  File "<frozen importlib._bootstrap>", line 1387, in _gcd_import
  File "<frozen importlib._bootstrap>", line 1360, in _find_and_load
  File "<frozen importlib._bootstrap>", line 1331, in _find_and_load_unlocked
  File "<frozen importlib._bootstrap>", line 935, in _load_unlocked
  File "<frozen importlib._bootstrap_external>", line 999, in exec_module
  File "<frozen importlib._bootstrap>", line 488, in _call_with_frames_removed
  File "/Users/win-win/Documents/workspace-tbs/UIT/Python-ML/uit-vietnamese-mrc/.venv/lib/python3.12/site-packages/transformers/models/seggpt/image_processing_seggpt.py", line 20, in <module>
    from torchvision.transforms.v2 import functional as tvF
ModuleNotFoundError: No module named 'torchvision'
2026-09-12 20:25:56.868 Examining the path of transformers.models.siglip2.image_processing_siglip2_fast raised:
Traceback (most recent call last):
  File "/Users/win-win/Documents/workspace-tbs/UIT/Python-ML/uit-vietnamese-mrc/.venv/lib/python3.12/site-packages/streamlit/watcher/local_sources_watcher.py", line 340, in get_module_paths
    potential_paths = extract_paths(module)
                      ^^^^^^^^^^^^^^^^^^^^^
  File "/Users/win-win/Documents/workspace-tbs/UIT/Python-ML/uit-vietnamese-mrc/.venv/lib/python3.12/site-packages/streamlit/watcher/local_sources_watcher.py", line 327, in <lambda>
    if hasattr(m, "__path__")
       ^^^^^^^^^^^^^^^^^^^^^^
  File "/Users/win-win/Documents/workspace-tbs/UIT/Python-ML/uit-vietnamese-mrc/.venv/lib/python3.12/site-packages/transformers/__init__.py", line 867, in _getattr
    return getattr(importlib.import_module(target, __name__), name)
                   ^^^^^^^^^^^^^^^^^^^^^^^^^^^^^^^^^^^^^^^^^
  File "/Users/win-win/.local/share/uv/python/cpython-3.12.13-macos-aarch64-none/lib/python3.12/importlib/__init__.py", line 90, in import_module
    return _bootstrap._gcd_import(name[level:], package, level)
           ^^^^^^^^^^^^^^^^^^^^^^^^^^^^^^^^^^^^^^^^^^^^^^^^^^^^
  File "<frozen importlib._bootstrap>", line 1387, in _gcd_import
  File "<frozen importlib._bootstrap>", line 1360, in _find_and_load
  File "<frozen importlib._bootstrap>", line 1331, in _find_and_load_unlocked
  File "<frozen importlib._bootstrap>", line 935, in _load_unlocked
  File "<frozen importlib._bootstrap_external>", line 999, in exec_module
  File "<frozen importlib._bootstrap>", line 488, in _call_with_frames_removed
  File "/Users/win-win/Documents/workspace-tbs/UIT/Python-ML/uit-vietnamese-mrc/.venv/lib/python3.12/site-packages/transformers/models/siglip2/image_processing_siglip2.py", line 17, in <module>
    from torchvision.transforms.v2 import functional as tvF
ModuleNotFoundError: No module named 'torchvision'
2026-09-12 20:25:56.870 Examining the path of transformers.models.slanext.image_processing_slanext_fast raised:
Traceback (most recent call last):
  File "/Users/win-win/Documents/workspace-tbs/UIT/Python-ML/uit-vietnamese-mrc/.venv/lib/python3.12/site-packages/streamlit/watcher/local_sources_watcher.py", line 340, in get_module_paths
    potential_paths = extract_paths(module)
                      ^^^^^^^^^^^^^^^^^^^^^
  File "/Users/win-win/Documents/workspace-tbs/UIT/Python-ML/uit-vietnamese-mrc/.venv/lib/python3.12/site-packages/streamlit/watcher/local_sources_watcher.py", line 327, in <lambda>
    if hasattr(m, "__path__")
       ^^^^^^^^^^^^^^^^^^^^^^
  File "/Users/win-win/Documents/workspace-tbs/UIT/Python-ML/uit-vietnamese-mrc/.venv/lib/python3.12/site-packages/transformers/__init__.py", line 867, in _getattr
    return getattr(importlib.import_module(target, __name__), name)
                   ^^^^^^^^^^^^^^^^^^^^^^^^^^^^^^^^^^^^^^^^^
  File "/Users/win-win/.local/share/uv/python/cpython-3.12.13-macos-aarch64-none/lib/python3.12/importlib/__init__.py", line 90, in import_module
    return _bootstrap._gcd_import(name[level:], package, level)
           ^^^^^^^^^^^^^^^^^^^^^^^^^^^^^^^^^^^^^^^^^^^^^^^^^^^^
  File "<frozen importlib._bootstrap>", line 1387, in _gcd_import
  File "<frozen importlib._bootstrap>", line 1360, in _find_and_load
  File "<frozen importlib._bootstrap>", line 1331, in _find_and_load_unlocked
  File "<frozen importlib._bootstrap>", line 935, in _load_unlocked
  File "<frozen importlib._bootstrap_external>", line 999, in exec_module
  File "<frozen importlib._bootstrap>", line 488, in _call_with_frames_removed
  File "/Users/win-win/Documents/workspace-tbs/UIT/Python-ML/uit-vietnamese-mrc/.venv/lib/python3.12/site-packages/transformers/models/slanext/image_processing_slanext.py", line 23, in <module>
    import torchvision.transforms.v2.functional as tvF
ModuleNotFoundError: No module named 'torchvision'
2026-09-12 20:25:56.877 Examining the path of transformers.models.smolvlm.image_processing_smolvlm_fast raised:
Traceback (most recent call last):
  File "/Users/win-win/Documents/workspace-tbs/UIT/Python-ML/uit-vietnamese-mrc/.venv/lib/python3.12/site-packages/streamlit/watcher/local_sources_watcher.py", line 340, in get_module_paths
    potential_paths = extract_paths(module)
                      ^^^^^^^^^^^^^^^^^^^^^
  File "/Users/win-win/Documents/workspace-tbs/UIT/Python-ML/uit-vietnamese-mrc/.venv/lib/python3.12/site-packages/streamlit/watcher/local_sources_watcher.py", line 327, in <lambda>
    if hasattr(m, "__path__")
       ^^^^^^^^^^^^^^^^^^^^^^
  File "/Users/win-win/Documents/workspace-tbs/UIT/Python-ML/uit-vietnamese-mrc/.venv/lib/python3.12/site-packages/transformers/__init__.py", line 867, in _getattr
    return getattr(importlib.import_module(target, __name__), name)
                   ^^^^^^^^^^^^^^^^^^^^^^^^^^^^^^^^^^^^^^^^^
  File "/Users/win-win/.local/share/uv/python/cpython-3.12.13-macos-aarch64-none/lib/python3.12/importlib/__init__.py", line 90, in import_module
    return _bootstrap._gcd_import(name[level:], package, level)
           ^^^^^^^^^^^^^^^^^^^^^^^^^^^^^^^^^^^^^^^^^^^^^^^^^^^^
  File "<frozen importlib._bootstrap>", line 1387, in _gcd_import
  File "<frozen importlib._bootstrap>", line 1360, in _find_and_load
  File "<frozen importlib._bootstrap>", line 1331, in _find_and_load_unlocked
  File "<frozen importlib._bootstrap>", line 935, in _load_unlocked
  File "<frozen importlib._bootstrap_external>", line 999, in exec_module
  File "<frozen importlib._bootstrap>", line 488, in _call_with_frames_removed
  File "/Users/win-win/Documents/workspace-tbs/UIT/Python-ML/uit-vietnamese-mrc/.venv/lib/python3.12/site-packages/transformers/models/smolvlm/image_processing_smolvlm.py", line 27, in <module>
    from torchvision.transforms.v2 import functional as tvF
ModuleNotFoundError: No module named 'torchvision'
2026-09-12 20:25:56.889 Examining the path of transformers.models.superglue.image_processing_superglue_fast raised:
Traceback (most recent call last):
  File "/Users/win-win/Documents/workspace-tbs/UIT/Python-ML/uit-vietnamese-mrc/.venv/lib/python3.12/site-packages/streamlit/watcher/local_sources_watcher.py", line 340, in get_module_paths
    potential_paths = extract_paths(module)
                      ^^^^^^^^^^^^^^^^^^^^^
  File "/Users/win-win/Documents/workspace-tbs/UIT/Python-ML/uit-vietnamese-mrc/.venv/lib/python3.12/site-packages/streamlit/watcher/local_sources_watcher.py", line 327, in <lambda>
    if hasattr(m, "__path__")
       ^^^^^^^^^^^^^^^^^^^^^^
  File "/Users/win-win/Documents/workspace-tbs/UIT/Python-ML/uit-vietnamese-mrc/.venv/lib/python3.12/site-packages/transformers/__init__.py", line 867, in _getattr
    return getattr(importlib.import_module(target, __name__), name)
                   ^^^^^^^^^^^^^^^^^^^^^^^^^^^^^^^^^^^^^^^^^
  File "/Users/win-win/.local/share/uv/python/cpython-3.12.13-macos-aarch64-none/lib/python3.12/importlib/__init__.py", line 90, in import_module
    return _bootstrap._gcd_import(name[level:], package, level)
           ^^^^^^^^^^^^^^^^^^^^^^^^^^^^^^^^^^^^^^^^^^^^^^^^^^^^
  File "<frozen importlib._bootstrap>", line 1387, in _gcd_import
  File "<frozen importlib._bootstrap>", line 1360, in _find_and_load
  File "<frozen importlib._bootstrap>", line 1331, in _find_and_load_unlocked
  File "<frozen importlib._bootstrap>", line 935, in _load_unlocked
  File "<frozen importlib._bootstrap_external>", line 999, in exec_module
  File "<frozen importlib._bootstrap>", line 488, in _call_with_frames_removed
  File "/Users/win-win/Documents/workspace-tbs/UIT/Python-ML/uit-vietnamese-mrc/.venv/lib/python3.12/site-packages/transformers/models/superglue/image_processing_superglue.py", line 47, in <module>
    from torchvision.transforms.v2 import functional as tvF
ModuleNotFoundError: No module named 'torchvision'
2026-09-12 20:25:56.891 Examining the path of transformers.models.superpoint.image_processing_superpoint_fast raised:
Traceback (most recent call last):
  File "/Users/win-win/Documents/workspace-tbs/UIT/Python-ML/uit-vietnamese-mrc/.venv/lib/python3.12/site-packages/streamlit/watcher/local_sources_watcher.py", line 340, in get_module_paths
    potential_paths = extract_paths(module)
                      ^^^^^^^^^^^^^^^^^^^^^
  File "/Users/win-win/Documents/workspace-tbs/UIT/Python-ML/uit-vietnamese-mrc/.venv/lib/python3.12/site-packages/streamlit/watcher/local_sources_watcher.py", line 327, in <lambda>
    if hasattr(m, "__path__")
       ^^^^^^^^^^^^^^^^^^^^^^
  File "/Users/win-win/Documents/workspace-tbs/UIT/Python-ML/uit-vietnamese-mrc/.venv/lib/python3.12/site-packages/transformers/__init__.py", line 867, in _getattr
    return getattr(importlib.import_module(target, __name__), name)
                   ^^^^^^^^^^^^^^^^^^^^^^^^^^^^^^^^^^^^^^^^^
  File "/Users/win-win/.local/share/uv/python/cpython-3.12.13-macos-aarch64-none/lib/python3.12/importlib/__init__.py", line 90, in import_module
    return _bootstrap._gcd_import(name[level:], package, level)
           ^^^^^^^^^^^^^^^^^^^^^^^^^^^^^^^^^^^^^^^^^^^^^^^^^^^^
  File "<frozen importlib._bootstrap>", line 1387, in _gcd_import
  File "<frozen importlib._bootstrap>", line 1360, in _find_and_load
  File "<frozen importlib._bootstrap>", line 1331, in _find_and_load_unlocked
  File "<frozen importlib._bootstrap>", line 935, in _load_unlocked
  File "<frozen importlib._bootstrap_external>", line 999, in exec_module
  File "<frozen importlib._bootstrap>", line 488, in _call_with_frames_removed
  File "/Users/win-win/Documents/workspace-tbs/UIT/Python-ML/uit-vietnamese-mrc/.venv/lib/python3.12/site-packages/transformers/models/superpoint/image_processing_superpoint.py", line 31, in <module>
    from torchvision.transforms.v2 import functional as tvF
ModuleNotFoundError: No module named 'torchvision'
2026-09-12 20:25:56.895 Examining the path of transformers.models.swin2sr.image_processing_swin2sr_fast raised:
Traceback (most recent call last):
  File "/Users/win-win/Documents/workspace-tbs/UIT/Python-ML/uit-vietnamese-mrc/.venv/lib/python3.12/site-packages/streamlit/watcher/local_sources_watcher.py", line 340, in get_module_paths
    potential_paths = extract_paths(module)
                      ^^^^^^^^^^^^^^^^^^^^^
  File "/Users/win-win/Documents/workspace-tbs/UIT/Python-ML/uit-vietnamese-mrc/.venv/lib/python3.12/site-packages/streamlit/watcher/local_sources_watcher.py", line 327, in <lambda>
    if hasattr(m, "__path__")
       ^^^^^^^^^^^^^^^^^^^^^^
  File "/Users/win-win/Documents/workspace-tbs/UIT/Python-ML/uit-vietnamese-mrc/.venv/lib/python3.12/site-packages/transformers/__init__.py", line 867, in _getattr
    return getattr(importlib.import_module(target, __name__), name)
                   ^^^^^^^^^^^^^^^^^^^^^^^^^^^^^^^^^^^^^^^^^
  File "/Users/win-win/.local/share/uv/python/cpython-3.12.13-macos-aarch64-none/lib/python3.12/importlib/__init__.py", line 90, in import_module
    return _bootstrap._gcd_import(name[level:], package, level)
           ^^^^^^^^^^^^^^^^^^^^^^^^^^^^^^^^^^^^^^^^^^^^^^^^^^^^
  File "<frozen importlib._bootstrap>", line 1387, in _gcd_import
  File "<frozen importlib._bootstrap>", line 1360, in _find_and_load
  File "<frozen importlib._bootstrap>", line 1331, in _find_and_load_unlocked
  File "<frozen importlib._bootstrap>", line 935, in _load_unlocked
  File "<frozen importlib._bootstrap_external>", line 999, in exec_module
  File "<frozen importlib._bootstrap>", line 488, in _call_with_frames_removed
  File "/Users/win-win/Documents/workspace-tbs/UIT/Python-ML/uit-vietnamese-mrc/.venv/lib/python3.12/site-packages/transformers/models/swin2sr/image_processing_swin2sr.py", line 17, in <module>
    from torchvision.transforms.v2 import functional as tvF
ModuleNotFoundError: No module named 'torchvision'
2026-09-12 20:25:56.898 Examining the path of transformers.models.textnet.image_processing_textnet_fast raised:
Traceback (most recent call last):
  File "/Users/win-win/Documents/workspace-tbs/UIT/Python-ML/uit-vietnamese-mrc/.venv/lib/python3.12/site-packages/streamlit/watcher/local_sources_watcher.py", line 340, in get_module_paths
    potential_paths = extract_paths(module)
                      ^^^^^^^^^^^^^^^^^^^^^
  File "/Users/win-win/Documents/workspace-tbs/UIT/Python-ML/uit-vietnamese-mrc/.venv/lib/python3.12/site-packages/streamlit/watcher/local_sources_watcher.py", line 327, in <lambda>
    if hasattr(m, "__path__")
       ^^^^^^^^^^^^^^^^^^^^^^
  File "/Users/win-win/Documents/workspace-tbs/UIT/Python-ML/uit-vietnamese-mrc/.venv/lib/python3.12/site-packages/transformers/__init__.py", line 867, in _getattr
    return getattr(importlib.import_module(target, __name__), name)
                   ^^^^^^^^^^^^^^^^^^^^^^^^^^^^^^^^^^^^^^^^^
  File "/Users/win-win/.local/share/uv/python/cpython-3.12.13-macos-aarch64-none/lib/python3.12/importlib/__init__.py", line 90, in import_module
    return _bootstrap._gcd_import(name[level:], package, level)
           ^^^^^^^^^^^^^^^^^^^^^^^^^^^^^^^^^^^^^^^^^^^^^^^^^^^^
  File "<frozen importlib._bootstrap>", line 1387, in _gcd_import
  File "<frozen importlib._bootstrap>", line 1360, in _find_and_load
  File "<frozen importlib._bootstrap>", line 1331, in _find_and_load_unlocked
  File "<frozen importlib._bootstrap>", line 935, in _load_unlocked
  File "<frozen importlib._bootstrap_external>", line 999, in exec_module
  File "<frozen importlib._bootstrap>", line 488, in _call_with_frames_removed
  File "/Users/win-win/Documents/workspace-tbs/UIT/Python-ML/uit-vietnamese-mrc/.venv/lib/python3.12/site-packages/transformers/models/textnet/image_processing_textnet.py", line 17, in <module>
    from torchvision.transforms.v2 import functional as tvF
ModuleNotFoundError: No module named 'torchvision'
2026-09-12 20:25:56.909 Examining the path of transformers.models.tvp.image_processing_tvp_fast raised:
Traceback (most recent call last):
  File "/Users/win-win/Documents/workspace-tbs/UIT/Python-ML/uit-vietnamese-mrc/.venv/lib/python3.12/site-packages/streamlit/watcher/local_sources_watcher.py", line 340, in get_module_paths
    potential_paths = extract_paths(module)
                      ^^^^^^^^^^^^^^^^^^^^^
  File "/Users/win-win/Documents/workspace-tbs/UIT/Python-ML/uit-vietnamese-mrc/.venv/lib/python3.12/site-packages/streamlit/watcher/local_sources_watcher.py", line 327, in <lambda>
    if hasattr(m, "__path__")
       ^^^^^^^^^^^^^^^^^^^^^^
  File "/Users/win-win/Documents/workspace-tbs/UIT/Python-ML/uit-vietnamese-mrc/.venv/lib/python3.12/site-packages/transformers/__init__.py", line 867, in _getattr
    return getattr(importlib.import_module(target, __name__), name)
                   ^^^^^^^^^^^^^^^^^^^^^^^^^^^^^^^^^^^^^^^^^
  File "/Users/win-win/.local/share/uv/python/cpython-3.12.13-macos-aarch64-none/lib/python3.12/importlib/__init__.py", line 90, in import_module
    return _bootstrap._gcd_import(name[level:], package, level)
           ^^^^^^^^^^^^^^^^^^^^^^^^^^^^^^^^^^^^^^^^^^^^^^^^^^^^
  File "<frozen importlib._bootstrap>", line 1387, in _gcd_import
  File "<frozen importlib._bootstrap>", line 1360, in _find_and_load
  File "<frozen importlib._bootstrap>", line 1331, in _find_and_load_unlocked
  File "<frozen importlib._bootstrap>", line 935, in _load_unlocked
  File "<frozen importlib._bootstrap_external>", line 999, in exec_module
  File "<frozen importlib._bootstrap>", line 488, in _call_with_frames_removed
  File "/Users/win-win/Documents/workspace-tbs/UIT/Python-ML/uit-vietnamese-mrc/.venv/lib/python3.12/site-packages/transformers/models/tvp/image_processing_tvp.py", line 17, in <module>
    from torchvision.transforms.v2 import functional as tvF
ModuleNotFoundError: No module named 'torchvision'
2026-09-12 20:25:56.918 Examining the path of transformers.models.video_llama_3.image_processing_video_llama_3_fast raised:
Traceback (most recent call last):
  File "/Users/win-win/Documents/workspace-tbs/UIT/Python-ML/uit-vietnamese-mrc/.venv/lib/python3.12/site-packages/streamlit/watcher/local_sources_watcher.py", line 340, in get_module_paths
    potential_paths = extract_paths(module)
                      ^^^^^^^^^^^^^^^^^^^^^
  File "/Users/win-win/Documents/workspace-tbs/UIT/Python-ML/uit-vietnamese-mrc/.venv/lib/python3.12/site-packages/streamlit/watcher/local_sources_watcher.py", line 327, in <lambda>
    if hasattr(m, "__path__")
       ^^^^^^^^^^^^^^^^^^^^^^
  File "/Users/win-win/Documents/workspace-tbs/UIT/Python-ML/uit-vietnamese-mrc/.venv/lib/python3.12/site-packages/transformers/__init__.py", line 867, in _getattr
    return getattr(importlib.import_module(target, __name__), name)
                   ^^^^^^^^^^^^^^^^^^^^^^^^^^^^^^^^^^^^^^^^^
  File "/Users/win-win/.local/share/uv/python/cpython-3.12.13-macos-aarch64-none/lib/python3.12/importlib/__init__.py", line 90, in import_module
    return _bootstrap._gcd_import(name[level:], package, level)
           ^^^^^^^^^^^^^^^^^^^^^^^^^^^^^^^^^^^^^^^^^^^^^^^^^^^^
  File "<frozen importlib._bootstrap>", line 1387, in _gcd_import
  File "<frozen importlib._bootstrap>", line 1360, in _find_and_load
  File "<frozen importlib._bootstrap>", line 1331, in _find_and_load_unlocked
  File "<frozen importlib._bootstrap>", line 935, in _load_unlocked
  File "<frozen importlib._bootstrap_external>", line 999, in exec_module
  File "<frozen importlib._bootstrap>", line 488, in _call_with_frames_removed
  File "/Users/win-win/Documents/workspace-tbs/UIT/Python-ML/uit-vietnamese-mrc/.venv/lib/python3.12/site-packages/transformers/models/video_llama_3/image_processing_video_llama_3.py", line 24, in <module>
    import torchvision.transforms.v2.functional as tvF
ModuleNotFoundError: No module named 'torchvision'
2026-09-12 20:25:56.924 Examining the path of transformers.models.videomae.image_processing_videomae_fast raised:
Traceback (most recent call last):
  File "/Users/win-win/Documents/workspace-tbs/UIT/Python-ML/uit-vietnamese-mrc/.venv/lib/python3.12/site-packages/streamlit/watcher/local_sources_watcher.py", line 340, in get_module_paths
    potential_paths = extract_paths(module)
                      ^^^^^^^^^^^^^^^^^^^^^
  File "/Users/win-win/Documents/workspace-tbs/UIT/Python-ML/uit-vietnamese-mrc/.venv/lib/python3.12/site-packages/streamlit/watcher/local_sources_watcher.py", line 327, in <lambda>
    if hasattr(m, "__path__")
       ^^^^^^^^^^^^^^^^^^^^^^
  File "/Users/win-win/Documents/workspace-tbs/UIT/Python-ML/uit-vietnamese-mrc/.venv/lib/python3.12/site-packages/transformers/__init__.py", line 867, in _getattr
    return getattr(importlib.import_module(target, __name__), name)
                   ^^^^^^^^^^^^^^^^^^^^^^^^^^^^^^^^^^^^^^^^^
  File "/Users/win-win/.local/share/uv/python/cpython-3.12.13-macos-aarch64-none/lib/python3.12/importlib/__init__.py", line 90, in import_module
    return _bootstrap._gcd_import(name[level:], package, level)
           ^^^^^^^^^^^^^^^^^^^^^^^^^^^^^^^^^^^^^^^^^^^^^^^^^^^^
  File "<frozen importlib._bootstrap>", line 1387, in _gcd_import
  File "<frozen importlib._bootstrap>", line 1360, in _find_and_load
  File "<frozen importlib._bootstrap>", line 1331, in _find_and_load_unlocked
  File "<frozen importlib._bootstrap>", line 935, in _load_unlocked
  File "<frozen importlib._bootstrap_external>", line 999, in exec_module
  File "<frozen importlib._bootstrap>", line 488, in _call_with_frames_removed
  File "/Users/win-win/Documents/workspace-tbs/UIT/Python-ML/uit-vietnamese-mrc/.venv/lib/python3.12/site-packages/transformers/models/videomae/image_processing_videomae.py", line 17, in <module>
    from torchvision.transforms.v2 import functional as tvF
ModuleNotFoundError: No module named 'torchvision'
2026-09-12 20:25:56.927 Examining the path of transformers.models.vilt.image_processing_vilt_fast raised:
Traceback (most recent call last):
  File "/Users/win-win/Documents/workspace-tbs/UIT/Python-ML/uit-vietnamese-mrc/.venv/lib/python3.12/site-packages/streamlit/watcher/local_sources_watcher.py", line 340, in get_module_paths
    potential_paths = extract_paths(module)
                      ^^^^^^^^^^^^^^^^^^^^^
  File "/Users/win-win/Documents/workspace-tbs/UIT/Python-ML/uit-vietnamese-mrc/.venv/lib/python3.12/site-packages/streamlit/watcher/local_sources_watcher.py", line 327, in <lambda>
    if hasattr(m, "__path__")
       ^^^^^^^^^^^^^^^^^^^^^^
  File "/Users/win-win/Documents/workspace-tbs/UIT/Python-ML/uit-vietnamese-mrc/.venv/lib/python3.12/site-packages/transformers/__init__.py", line 867, in _getattr
    return getattr(importlib.import_module(target, __name__), name)
                   ^^^^^^^^^^^^^^^^^^^^^^^^^^^^^^^^^^^^^^^^^
  File "/Users/win-win/.local/share/uv/python/cpython-3.12.13-macos-aarch64-none/lib/python3.12/importlib/__init__.py", line 90, in import_module
    return _bootstrap._gcd_import(name[level:], package, level)
           ^^^^^^^^^^^^^^^^^^^^^^^^^^^^^^^^^^^^^^^^^^^^^^^^^^^^
  File "<frozen importlib._bootstrap>", line 1387, in _gcd_import
  File "<frozen importlib._bootstrap>", line 1360, in _find_and_load
  File "<frozen importlib._bootstrap>", line 1331, in _find_and_load_unlocked
  File "<frozen importlib._bootstrap>", line 935, in _load_unlocked
  File "<frozen importlib._bootstrap_external>", line 999, in exec_module
  File "<frozen importlib._bootstrap>", line 488, in _call_with_frames_removed
  File "/Users/win-win/Documents/workspace-tbs/UIT/Python-ML/uit-vietnamese-mrc/.venv/lib/python3.12/site-packages/transformers/models/vilt/image_processing_vilt.py", line 17, in <module>
    from torchvision.transforms.v2 import functional as tvF
ModuleNotFoundError: No module named 'torchvision'
2026-09-12 20:25:56.932 Examining the path of transformers.models.vitmatte.image_processing_vitmatte_fast raised:
Traceback (most recent call last):
  File "/Users/win-win/Documents/workspace-tbs/UIT/Python-ML/uit-vietnamese-mrc/.venv/lib/python3.12/site-packages/streamlit/watcher/local_sources_watcher.py", line 340, in get_module_paths
    potential_paths = extract_paths(module)
                      ^^^^^^^^^^^^^^^^^^^^^
  File "/Users/win-win/Documents/workspace-tbs/UIT/Python-ML/uit-vietnamese-mrc/.venv/lib/python3.12/site-packages/streamlit/watcher/local_sources_watcher.py", line 327, in <lambda>
    if hasattr(m, "__path__")
       ^^^^^^^^^^^^^^^^^^^^^^
  File "/Users/win-win/Documents/workspace-tbs/UIT/Python-ML/uit-vietnamese-mrc/.venv/lib/python3.12/site-packages/transformers/__init__.py", line 867, in _getattr
    return getattr(importlib.import_module(target, __name__), name)
                   ^^^^^^^^^^^^^^^^^^^^^^^^^^^^^^^^^^^^^^^^^
  File "/Users/win-win/.local/share/uv/python/cpython-3.12.13-macos-aarch64-none/lib/python3.12/importlib/__init__.py", line 90, in import_module
    return _bootstrap._gcd_import(name[level:], package, level)
           ^^^^^^^^^^^^^^^^^^^^^^^^^^^^^^^^^^^^^^^^^^^^^^^^^^^^
  File "<frozen importlib._bootstrap>", line 1387, in _gcd_import
  File "<frozen importlib._bootstrap>", line 1360, in _find_and_load
  File "<frozen importlib._bootstrap>", line 1331, in _find_and_load_unlocked
  File "<frozen importlib._bootstrap>", line 935, in _load_unlocked
  File "<frozen importlib._bootstrap_external>", line 999, in exec_module
  File "<frozen importlib._bootstrap>", line 488, in _call_with_frames_removed
  File "/Users/win-win/Documents/workspace-tbs/UIT/Python-ML/uit-vietnamese-mrc/.venv/lib/python3.12/site-packages/transformers/models/vitmatte/image_processing_vitmatte.py", line 19, in <module>
    from torchvision.transforms.v2 import functional as tvF
ModuleNotFoundError: No module named 'torchvision'
2026-09-12 20:25:56.937 Examining the path of transformers.models.vitpose.image_processing_vitpose_fast raised:
Traceback (most recent call last):
  File "/Users/win-win/Documents/workspace-tbs/UIT/Python-ML/uit-vietnamese-mrc/.venv/lib/python3.12/site-packages/streamlit/watcher/local_sources_watcher.py", line 340, in get_module_paths
    potential_paths = extract_paths(module)
                      ^^^^^^^^^^^^^^^^^^^^^
  File "/Users/win-win/Documents/workspace-tbs/UIT/Python-ML/uit-vietnamese-mrc/.venv/lib/python3.12/site-packages/streamlit/watcher/local_sources_watcher.py", line 327, in <lambda>
    if hasattr(m, "__path__")
       ^^^^^^^^^^^^^^^^^^^^^^
  File "/Users/win-win/Documents/workspace-tbs/UIT/Python-ML/uit-vietnamese-mrc/.venv/lib/python3.12/site-packages/transformers/__init__.py", line 867, in _getattr
    return getattr(importlib.import_module(target, __name__), name)
                   ^^^^^^^^^^^^^^^^^^^^^^^^^^^^^^^^^^^^^^^^^
  File "/Users/win-win/.local/share/uv/python/cpython-3.12.13-macos-aarch64-none/lib/python3.12/importlib/__init__.py", line 90, in import_module
    return _bootstrap._gcd_import(name[level:], package, level)
           ^^^^^^^^^^^^^^^^^^^^^^^^^^^^^^^^^^^^^^^^^^^^^^^^^^^^
  File "<frozen importlib._bootstrap>", line 1387, in _gcd_import
  File "<frozen importlib._bootstrap>", line 1360, in _find_and_load
  File "<frozen importlib._bootstrap>", line 1331, in _find_and_load_unlocked
  File "<frozen importlib._bootstrap>", line 935, in _load_unlocked
  File "<frozen importlib._bootstrap_external>", line 999, in exec_module
  File "<frozen importlib._bootstrap>", line 488, in _call_with_frames_removed
  File "/Users/win-win/Documents/workspace-tbs/UIT/Python-ML/uit-vietnamese-mrc/.venv/lib/python3.12/site-packages/transformers/models/vitpose/image_processing_vitpose.py", line 22, in <module>
    from torchvision.transforms.v2 import functional as tvF
ModuleNotFoundError: No module named 'torchvision'
2026-09-12 20:25:56.947 Examining the path of transformers.models.yolos.image_processing_yolos_fast raised:
Traceback (most recent call last):
  File "/Users/win-win/Documents/workspace-tbs/UIT/Python-ML/uit-vietnamese-mrc/.venv/lib/python3.12/site-packages/streamlit/watcher/local_sources_watcher.py", line 340, in get_module_paths
    potential_paths = extract_paths(module)
                      ^^^^^^^^^^^^^^^^^^^^^
  File "/Users/win-win/Documents/workspace-tbs/UIT/Python-ML/uit-vietnamese-mrc/.venv/lib/python3.12/site-packages/streamlit/watcher/local_sources_watcher.py", line 327, in <lambda>
    if hasattr(m, "__path__")
       ^^^^^^^^^^^^^^^^^^^^^^
  File "/Users/win-win/Documents/workspace-tbs/UIT/Python-ML/uit-vietnamese-mrc/.venv/lib/python3.12/site-packages/transformers/__init__.py", line 867, in _getattr
    return getattr(importlib.import_module(target, __name__), name)
                   ^^^^^^^^^^^^^^^^^^^^^^^^^^^^^^^^^^^^^^^^^
  File "/Users/win-win/.local/share/uv/python/cpython-3.12.13-macos-aarch64-none/lib/python3.12/importlib/__init__.py", line 90, in import_module
    return _bootstrap._gcd_import(name[level:], package, level)
           ^^^^^^^^^^^^^^^^^^^^^^^^^^^^^^^^^^^^^^^^^^^^^^^^^^^^
  File "<frozen importlib._bootstrap>", line 1387, in _gcd_import
  File "<frozen importlib._bootstrap>", line 1360, in _find_and_load
  File "<frozen importlib._bootstrap>", line 1331, in _find_and_load_unlocked
  File "<frozen importlib._bootstrap>", line 935, in _load_unlocked
  File "<frozen importlib._bootstrap_external>", line 999, in exec_module
  File "<frozen importlib._bootstrap>", line 488, in _call_with_frames_removed
  File "/Users/win-win/Documents/workspace-tbs/UIT/Python-ML/uit-vietnamese-mrc/.venv/lib/python3.12/site-packages/transformers/models/yolos/image_processing_yolos.py", line 12, in <module>
    from torchvision.io import read_image
ModuleNotFoundError: No module named 'torchvision'
2026-09-12 20:25:56.953 Examining the path of transformers.models.zoedepth.image_processing_zoedepth_fast raised:
Traceback (most recent call last):
  File "/Users/win-win/Documents/workspace-tbs/UIT/Python-ML/uit-vietnamese-mrc/.venv/lib/python3.12/site-packages/streamlit/watcher/local_sources_watcher.py", line 340, in get_module_paths
    potential_paths = extract_paths(module)
                      ^^^^^^^^^^^^^^^^^^^^^
  File "/Users/win-win/Documents/workspace-tbs/UIT/Python-ML/uit-vietnamese-mrc/.venv/lib/python3.12/site-packages/streamlit/watcher/local_sources_watcher.py", line 327, in <lambda>
    if hasattr(m, "__path__")
       ^^^^^^^^^^^^^^^^^^^^^^
  File "/Users/win-win/Documents/workspace-tbs/UIT/Python-ML/uit-vietnamese-mrc/.venv/lib/python3.12/site-packages/transformers/__init__.py", line 867, in _getattr
    return getattr(importlib.import_module(target, __name__), name)
                   ^^^^^^^^^^^^^^^^^^^^^^^^^^^^^^^^^^^^^^^^^
  File "/Users/win-win/.local/share/uv/python/cpython-3.12.13-macos-aarch64-none/lib/python3.12/importlib/__init__.py", line 90, in import_module
    return _bootstrap._gcd_import(name[level:], package, level)
           ^^^^^^^^^^^^^^^^^^^^^^^^^^^^^^^^^^^^^^^^^^^^^^^^^^^^
  File "<frozen importlib._bootstrap>", line 1387, in _gcd_import
  File "<frozen importlib._bootstrap>", line 1360, in _find_and_load
  File "<frozen importlib._bootstrap>", line 1331, in _find_and_load_unlocked
  File "<frozen importlib._bootstrap>", line 935, in _load_unlocked
  File "<frozen importlib._bootstrap_external>", line 999, in exec_module
  File "<frozen importlib._bootstrap>", line 488, in _call_with_frames_removed
  File "/Users/win-win/Documents/workspace-tbs/UIT/Python-ML/uit-vietnamese-mrc/.venv/lib/python3.12/site-packages/transformers/models/zoedepth/image_processing_zoedepth.py", line 43, in <module>
    from torchvision.transforms.v2 import functional as tvF
ModuleNotFoundError: No module named 'torchvision'
Loading weights:   0%|          | 0/199 [00:00<?, ?it/s]Loading weights: 100%|██████████| 199/199 [00:00<00:00, 10757.26it/s]
2026-09-12 20:27:47.818 Examining the path of transformers.models.aria.image_processing_aria_fast raised:
Traceback (most recent call last):
  File "/Users/win-win/Documents/workspace-tbs/UIT/Python-ML/uit-vietnamese-mrc/.venv/lib/python3.12/site-packages/streamlit/watcher/local_sources_watcher.py", line 340, in get_module_paths
    potential_paths = extract_paths(module)
                      ^^^^^^^^^^^^^^^^^^^^^
  File "/Users/win-win/Documents/workspace-tbs/UIT/Python-ML/uit-vietnamese-mrc/.venv/lib/python3.12/site-packages/streamlit/watcher/local_sources_watcher.py", line 327, in <lambda>
    if hasattr(m, "__path__")
       ^^^^^^^^^^^^^^^^^^^^^^
  File "/Users/win-win/Documents/workspace-tbs/UIT/Python-ML/uit-vietnamese-mrc/.venv/lib/python3.12/site-packages/transformers/__init__.py", line 867, in _getattr
    return getattr(importlib.import_module(target, __name__), name)
                   ^^^^^^^^^^^^^^^^^^^^^^^^^^^^^^^^^^^^^^^^^
  File "/Users/win-win/.local/share/uv/python/cpython-3.12.13-macos-aarch64-none/lib/python3.12/importlib/__init__.py", line 90, in import_module
    return _bootstrap._gcd_import(name[level:], package, level)
           ^^^^^^^^^^^^^^^^^^^^^^^^^^^^^^^^^^^^^^^^^^^^^^^^^^^^
  File "<frozen importlib._bootstrap>", line 1387, in _gcd_import
  File "<frozen importlib._bootstrap>", line 1360, in _find_and_load
  File "<frozen importlib._bootstrap>", line 1331, in _find_and_load_unlocked
  File "<frozen importlib._bootstrap>", line 935, in _load_unlocked
  File "<frozen importlib._bootstrap_external>", line 999, in exec_module
  File "<frozen importlib._bootstrap>", line 488, in _call_with_frames_removed
  File "/Users/win-win/Documents/workspace-tbs/UIT/Python-ML/uit-vietnamese-mrc/.venv/lib/python3.12/site-packages/transformers/models/aria/image_processing_aria.py", line 23, in <module>
    from torchvision.transforms.v2 import functional as tvF
ModuleNotFoundError: No module named 'torchvision'
2026-09-12 20:27:47.819 Examining the path of transformers.models.beit.image_processing_beit_fast raised:
Traceback (most recent call last):
  File "/Users/win-win/Documents/workspace-tbs/UIT/Python-ML/uit-vietnamese-mrc/.venv/lib/python3.12/site-packages/streamlit/watcher/local_sources_watcher.py", line 340, in get_module_paths
    potential_paths = extract_paths(module)
                      ^^^^^^^^^^^^^^^^^^^^^
  File "/Users/win-win/Documents/workspace-tbs/UIT/Python-ML/uit-vietnamese-mrc/.venv/lib/python3.12/site-packages/streamlit/watcher/local_sources_watcher.py", line 327, in <lambda>
    if hasattr(m, "__path__")
       ^^^^^^^^^^^^^^^^^^^^^^
  File "/Users/win-win/Documents/workspace-tbs/UIT/Python-ML/uit-vietnamese-mrc/.venv/lib/python3.12/site-packages/transformers/__init__.py", line 867, in _getattr
    return getattr(importlib.import_module(target, __name__), name)
                   ^^^^^^^^^^^^^^^^^^^^^^^^^^^^^^^^^^^^^^^^^
  File "/Users/win-win/.local/share/uv/python/cpython-3.12.13-macos-aarch64-none/lib/python3.12/importlib/__init__.py", line 90, in import_module
    return _bootstrap._gcd_import(name[level:], package, level)
           ^^^^^^^^^^^^^^^^^^^^^^^^^^^^^^^^^^^^^^^^^^^^^^^^^^^^
  File "<frozen importlib._bootstrap>", line 1387, in _gcd_import
  File "<frozen importlib._bootstrap>", line 1360, in _find_and_load
  File "<frozen importlib._bootstrap>", line 1331, in _find_and_load_unlocked
  File "<frozen importlib._bootstrap>", line 935, in _load_unlocked
  File "<frozen importlib._bootstrap_external>", line 999, in exec_module
  File "<frozen importlib._bootstrap>", line 488, in _call_with_frames_removed
  File "/Users/win-win/Documents/workspace-tbs/UIT/Python-ML/uit-vietnamese-mrc/.venv/lib/python3.12/site-packages/transformers/models/beit/image_processing_beit.py", line 20, in <module>
    from torchvision.transforms.v2 import functional as tvF
ModuleNotFoundError: No module named 'torchvision'
2026-09-12 20:27:47.820 Examining the path of transformers.models.bridgetower.image_processing_bridgetower_fast raised:
Traceback (most recent call last):
  File "/Users/win-win/Documents/workspace-tbs/UIT/Python-ML/uit-vietnamese-mrc/.venv/lib/python3.12/site-packages/streamlit/watcher/local_sources_watcher.py", line 340, in get_module_paths
    potential_paths = extract_paths(module)
                      ^^^^^^^^^^^^^^^^^^^^^
  File "/Users/win-win/Documents/workspace-tbs/UIT/Python-ML/uit-vietnamese-mrc/.venv/lib/python3.12/site-packages/streamlit/watcher/local_sources_watcher.py", line 327, in <lambda>
    if hasattr(m, "__path__")
       ^^^^^^^^^^^^^^^^^^^^^^
  File "/Users/win-win/Documents/workspace-tbs/UIT/Python-ML/uit-vietnamese-mrc/.venv/lib/python3.12/site-packages/transformers/__init__.py", line 867, in _getattr
    return getattr(importlib.import_module(target, __name__), name)
                   ^^^^^^^^^^^^^^^^^^^^^^^^^^^^^^^^^^^^^^^^^
  File "/Users/win-win/.local/share/uv/python/cpython-3.12.13-macos-aarch64-none/lib/python3.12/importlib/__init__.py", line 90, in import_module
    return _bootstrap._gcd_import(name[level:], package, level)
           ^^^^^^^^^^^^^^^^^^^^^^^^^^^^^^^^^^^^^^^^^^^^^^^^^^^^
  File "<frozen importlib._bootstrap>", line 1387, in _gcd_import
  File "<frozen importlib._bootstrap>", line 1360, in _find_and_load
  File "<frozen importlib._bootstrap>", line 1331, in _find_and_load_unlocked
  File "<frozen importlib._bootstrap>", line 935, in _load_unlocked
  File "<frozen importlib._bootstrap_external>", line 999, in exec_module
  File "<frozen importlib._bootstrap>", line 488, in _call_with_frames_removed
  File "/Users/win-win/Documents/workspace-tbs/UIT/Python-ML/uit-vietnamese-mrc/.venv/lib/python3.12/site-packages/transformers/models/bridgetower/image_processing_bridgetower.py", line 20, in <module>
    from torchvision.transforms.v2 import functional as tvF
ModuleNotFoundError: No module named 'torchvision'
2026-09-12 20:27:47.820 Examining the path of transformers.models.chmv2.image_processing_chmv2_fast raised:
Traceback (most recent call last):
  File "/Users/win-win/Documents/workspace-tbs/UIT/Python-ML/uit-vietnamese-mrc/.venv/lib/python3.12/site-packages/streamlit/watcher/local_sources_watcher.py", line 340, in get_module_paths
    potential_paths = extract_paths(module)
                      ^^^^^^^^^^^^^^^^^^^^^
  File "/Users/win-win/Documents/workspace-tbs/UIT/Python-ML/uit-vietnamese-mrc/.venv/lib/python3.12/site-packages/streamlit/watcher/local_sources_watcher.py", line 327, in <lambda>
    if hasattr(m, "__path__")
       ^^^^^^^^^^^^^^^^^^^^^^
  File "/Users/win-win/Documents/workspace-tbs/UIT/Python-ML/uit-vietnamese-mrc/.venv/lib/python3.12/site-packages/transformers/__init__.py", line 867, in _getattr
    return getattr(importlib.import_module(target, __name__), name)
                   ^^^^^^^^^^^^^^^^^^^^^^^^^^^^^^^^^^^^^^^^^
  File "/Users/win-win/.local/share/uv/python/cpython-3.12.13-macos-aarch64-none/lib/python3.12/importlib/__init__.py", line 90, in import_module
    return _bootstrap._gcd_import(name[level:], package, level)
           ^^^^^^^^^^^^^^^^^^^^^^^^^^^^^^^^^^^^^^^^^^^^^^^^^^^^
  File "<frozen importlib._bootstrap>", line 1387, in _gcd_import
  File "<frozen importlib._bootstrap>", line 1360, in _find_and_load
  File "<frozen importlib._bootstrap>", line 1331, in _find_and_load_unlocked
  File "<frozen importlib._bootstrap>", line 935, in _load_unlocked
  File "<frozen importlib._bootstrap_external>", line 999, in exec_module
  File "<frozen importlib._bootstrap>", line 488, in _call_with_frames_removed
  File "/Users/win-win/Documents/workspace-tbs/UIT/Python-ML/uit-vietnamese-mrc/.venv/lib/python3.12/site-packages/transformers/models/chmv2/image_processing_chmv2.py", line 27, in <module>
    from torchvision.transforms.v2 import functional as tvF
ModuleNotFoundError: No module named 'torchvision'
2026-09-12 20:27:47.820 Examining the path of transformers.models.cohere2_vision.image_processing_cohere2_vision_fast raised:
Traceback (most recent call last):
  File "/Users/win-win/Documents/workspace-tbs/UIT/Python-ML/uit-vietnamese-mrc/.venv/lib/python3.12/site-packages/streamlit/watcher/local_sources_watcher.py", line 340, in get_module_paths
    potential_paths = extract_paths(module)
                      ^^^^^^^^^^^^^^^^^^^^^
  File "/Users/win-win/Documents/workspace-tbs/UIT/Python-ML/uit-vietnamese-mrc/.venv/lib/python3.12/site-packages/streamlit/watcher/local_sources_watcher.py", line 327, in <lambda>
    if hasattr(m, "__path__")
       ^^^^^^^^^^^^^^^^^^^^^^
  File "/Users/win-win/Documents/workspace-tbs/UIT/Python-ML/uit-vietnamese-mrc/.venv/lib/python3.12/site-packages/transformers/__init__.py", line 867, in _getattr
    return getattr(importlib.import_module(target, __name__), name)
                   ^^^^^^^^^^^^^^^^^^^^^^^^^^^^^^^^^^^^^^^^^
  File "/Users/win-win/.local/share/uv/python/cpython-3.12.13-macos-aarch64-none/lib/python3.12/importlib/__init__.py", line 90, in import_module
    return _bootstrap._gcd_import(name[level:], package, level)
           ^^^^^^^^^^^^^^^^^^^^^^^^^^^^^^^^^^^^^^^^^^^^^^^^^^^^
  File "<frozen importlib._bootstrap>", line 1387, in _gcd_import
  File "<frozen importlib._bootstrap>", line 1360, in _find_and_load
  File "<frozen importlib._bootstrap>", line 1331, in _find_and_load_unlocked
  File "<frozen importlib._bootstrap>", line 935, in _load_unlocked
  File "<frozen importlib._bootstrap_external>", line 999, in exec_module
  File "<frozen importlib._bootstrap>", line 488, in _call_with_frames_removed
  File "/Users/win-win/Documents/workspace-tbs/UIT/Python-ML/uit-vietnamese-mrc/.venv/lib/python3.12/site-packages/transformers/models/cohere2_vision/image_processing_cohere2_vision.py", line 25, in <module>
    from torchvision.transforms.v2 import functional as tvF
ModuleNotFoundError: No module named 'torchvision'
2026-09-12 20:27:47.821 Examining the path of transformers.models.cohere_compass.image_processing_cohere_compass_fast raised:
Traceback (most recent call last):
  File "/Users/win-win/Documents/workspace-tbs/UIT/Python-ML/uit-vietnamese-mrc/.venv/lib/python3.12/site-packages/streamlit/watcher/local_sources_watcher.py", line 340, in get_module_paths
    potential_paths = extract_paths(module)
                      ^^^^^^^^^^^^^^^^^^^^^
  File "/Users/win-win/Documents/workspace-tbs/UIT/Python-ML/uit-vietnamese-mrc/.venv/lib/python3.12/site-packages/streamlit/watcher/local_sources_watcher.py", line 327, in <lambda>
    if hasattr(m, "__path__")
       ^^^^^^^^^^^^^^^^^^^^^^
  File "/Users/win-win/Documents/workspace-tbs/UIT/Python-ML/uit-vietnamese-mrc/.venv/lib/python3.12/site-packages/transformers/__init__.py", line 867, in _getattr
    return getattr(importlib.import_module(target, __name__), name)
                   ^^^^^^^^^^^^^^^^^^^^^^^^^^^^^^^^^^^^^^^^^
  File "/Users/win-win/.local/share/uv/python/cpython-3.12.13-macos-aarch64-none/lib/python3.12/importlib/__init__.py", line 90, in import_module
    return _bootstrap._gcd_import(name[level:], package, level)
           ^^^^^^^^^^^^^^^^^^^^^^^^^^^^^^^^^^^^^^^^^^^^^^^^^^^^
  File "<frozen importlib._bootstrap>", line 1387, in _gcd_import
  File "<frozen importlib._bootstrap>", line 1360, in _find_and_load
  File "<frozen importlib._bootstrap>", line 1331, in _find_and_load_unlocked
  File "<frozen importlib._bootstrap>", line 935, in _load_unlocked
  File "<frozen importlib._bootstrap_external>", line 999, in exec_module
  File "<frozen importlib._bootstrap>", line 488, in _call_with_frames_removed
  File "/Users/win-win/Documents/workspace-tbs/UIT/Python-ML/uit-vietnamese-mrc/.venv/lib/python3.12/site-packages/transformers/models/cohere_compass/image_processing_cohere_compass.py", line 25, in <module>
    from torchvision.transforms.v2 import functional as tvF
ModuleNotFoundError: No module named 'torchvision'
2026-09-12 20:27:47.821 Examining the path of transformers.models.conditional_detr.image_processing_conditional_detr_fast raised:
Traceback (most recent call last):
  File "/Users/win-win/Documents/workspace-tbs/UIT/Python-ML/uit-vietnamese-mrc/.venv/lib/python3.12/site-packages/streamlit/watcher/local_sources_watcher.py", line 340, in get_module_paths
    potential_paths = extract_paths(module)
                      ^^^^^^^^^^^^^^^^^^^^^
  File "/Users/win-win/Documents/workspace-tbs/UIT/Python-ML/uit-vietnamese-mrc/.venv/lib/python3.12/site-packages/streamlit/watcher/local_sources_watcher.py", line 327, in <lambda>
    if hasattr(m, "__path__")
       ^^^^^^^^^^^^^^^^^^^^^^
  File "/Users/win-win/Documents/workspace-tbs/UIT/Python-ML/uit-vietnamese-mrc/.venv/lib/python3.12/site-packages/transformers/__init__.py", line 867, in _getattr
    return getattr(importlib.import_module(target, __name__), name)
                   ^^^^^^^^^^^^^^^^^^^^^^^^^^^^^^^^^^^^^^^^^
  File "/Users/win-win/.local/share/uv/python/cpython-3.12.13-macos-aarch64-none/lib/python3.12/importlib/__init__.py", line 90, in import_module
    return _bootstrap._gcd_import(name[level:], package, level)
           ^^^^^^^^^^^^^^^^^^^^^^^^^^^^^^^^^^^^^^^^^^^^^^^^^^^^
  File "<frozen importlib._bootstrap>", line 1387, in _gcd_import
  File "<frozen importlib._bootstrap>", line 1360, in _find_and_load
  File "<frozen importlib._bootstrap>", line 1331, in _find_and_load_unlocked
  File "<frozen importlib._bootstrap>", line 935, in _load_unlocked
  File "<frozen importlib._bootstrap_external>", line 999, in exec_module
  File "<frozen importlib._bootstrap>", line 488, in _call_with_frames_removed
  File "/Users/win-win/Documents/workspace-tbs/UIT/Python-ML/uit-vietnamese-mrc/.venv/lib/python3.12/site-packages/transformers/models/conditional_detr/image_processing_conditional_detr.py", line 27, in <module>
    from torchvision.io import read_image
ModuleNotFoundError: No module named 'torchvision'
2026-09-12 20:27:47.822 Examining the path of transformers.models.convnext.image_processing_convnext_fast raised:
Traceback (most recent call last):
  File "/Users/win-win/Documents/workspace-tbs/UIT/Python-ML/uit-vietnamese-mrc/.venv/lib/python3.12/site-packages/streamlit/watcher/local_sources_watcher.py", line 340, in get_module_paths
    potential_paths = extract_paths(module)
                      ^^^^^^^^^^^^^^^^^^^^^
  File "/Users/win-win/Documents/workspace-tbs/UIT/Python-ML/uit-vietnamese-mrc/.venv/lib/python3.12/site-packages/streamlit/watcher/local_sources_watcher.py", line 327, in <lambda>
    if hasattr(m, "__path__")
       ^^^^^^^^^^^^^^^^^^^^^^
  File "/Users/win-win/Documents/workspace-tbs/UIT/Python-ML/uit-vietnamese-mrc/.venv/lib/python3.12/site-packages/transformers/__init__.py", line 867, in _getattr
    return getattr(importlib.import_module(target, __name__), name)
                   ^^^^^^^^^^^^^^^^^^^^^^^^^^^^^^^^^^^^^^^^^
  File "/Users/win-win/.local/share/uv/python/cpython-3.12.13-macos-aarch64-none/lib/python3.12/importlib/__init__.py", line 90, in import_module
    return _bootstrap._gcd_import(name[level:], package, level)
           ^^^^^^^^^^^^^^^^^^^^^^^^^^^^^^^^^^^^^^^^^^^^^^^^^^^^
  File "<frozen importlib._bootstrap>", line 1387, in _gcd_import
  File "<frozen importlib._bootstrap>", line 1360, in _find_and_load
  File "<frozen importlib._bootstrap>", line 1331, in _find_and_load_unlocked
  File "<frozen importlib._bootstrap>", line 935, in _load_unlocked
  File "<frozen importlib._bootstrap_external>", line 999, in exec_module
  File "<frozen importlib._bootstrap>", line 488, in _call_with_frames_removed
  File "/Users/win-win/Documents/workspace-tbs/UIT/Python-ML/uit-vietnamese-mrc/.venv/lib/python3.12/site-packages/transformers/models/convnext/image_processing_convnext.py", line 17, in <module>
    from torchvision.transforms.v2 import functional as tvF
ModuleNotFoundError: No module named 'torchvision'
2026-09-12 20:27:47.822 Examining the path of transformers.models.cosmos3_edge.image_processing_cosmos3_edge_fast raised:
Traceback (most recent call last):
  File "/Users/win-win/Documents/workspace-tbs/UIT/Python-ML/uit-vietnamese-mrc/.venv/lib/python3.12/site-packages/streamlit/watcher/local_sources_watcher.py", line 340, in get_module_paths
    potential_paths = extract_paths(module)
                      ^^^^^^^^^^^^^^^^^^^^^
  File "/Users/win-win/Documents/workspace-tbs/UIT/Python-ML/uit-vietnamese-mrc/.venv/lib/python3.12/site-packages/streamlit/watcher/local_sources_watcher.py", line 327, in <lambda>
    if hasattr(m, "__path__")
       ^^^^^^^^^^^^^^^^^^^^^^
  File "/Users/win-win/Documents/workspace-tbs/UIT/Python-ML/uit-vietnamese-mrc/.venv/lib/python3.12/site-packages/transformers/__init__.py", line 867, in _getattr
    return getattr(importlib.import_module(target, __name__), name)
                   ^^^^^^^^^^^^^^^^^^^^^^^^^^^^^^^^^^^^^^^^^
  File "/Users/win-win/.local/share/uv/python/cpython-3.12.13-macos-aarch64-none/lib/python3.12/importlib/__init__.py", line 90, in import_module
    return _bootstrap._gcd_import(name[level:], package, level)
           ^^^^^^^^^^^^^^^^^^^^^^^^^^^^^^^^^^^^^^^^^^^^^^^^^^^^
  File "<frozen importlib._bootstrap>", line 1387, in _gcd_import
  File "<frozen importlib._bootstrap>", line 1360, in _find_and_load
  File "<frozen importlib._bootstrap>", line 1331, in _find_and_load_unlocked
  File "<frozen importlib._bootstrap>", line 935, in _load_unlocked
  File "<frozen importlib._bootstrap_external>", line 999, in exec_module
  File "<frozen importlib._bootstrap>", line 488, in _call_with_frames_removed
  File "/Users/win-win/Documents/workspace-tbs/UIT/Python-ML/uit-vietnamese-mrc/.venv/lib/python3.12/site-packages/transformers/models/cosmos3_edge/image_processing_cosmos3_edge.py", line 23, in <module>
    from torchvision.transforms.v2 import functional as tvF
ModuleNotFoundError: No module named 'torchvision'
2026-09-12 20:27:47.822 Examining the path of transformers.models.deepseek_ocr2.image_processing_deepseek_ocr2_fast raised:
Traceback (most recent call last):
  File "/Users/win-win/Documents/workspace-tbs/UIT/Python-ML/uit-vietnamese-mrc/.venv/lib/python3.12/site-packages/streamlit/watcher/local_sources_watcher.py", line 340, in get_module_paths
    potential_paths = extract_paths(module)
                      ^^^^^^^^^^^^^^^^^^^^^
  File "/Users/win-win/Documents/workspace-tbs/UIT/Python-ML/uit-vietnamese-mrc/.venv/lib/python3.12/site-packages/streamlit/watcher/local_sources_watcher.py", line 327, in <lambda>
    if hasattr(m, "__path__")
       ^^^^^^^^^^^^^^^^^^^^^^
  File "/Users/win-win/Documents/workspace-tbs/UIT/Python-ML/uit-vietnamese-mrc/.venv/lib/python3.12/site-packages/transformers/__init__.py", line 867, in _getattr
    return getattr(importlib.import_module(target, __name__), name)
                   ^^^^^^^^^^^^^^^^^^^^^^^^^^^^^^^^^^^^^^^^^
  File "/Users/win-win/.local/share/uv/python/cpython-3.12.13-macos-aarch64-none/lib/python3.12/importlib/__init__.py", line 90, in import_module
    return _bootstrap._gcd_import(name[level:], package, level)
           ^^^^^^^^^^^^^^^^^^^^^^^^^^^^^^^^^^^^^^^^^^^^^^^^^^^^
  File "<frozen importlib._bootstrap>", line 1387, in _gcd_import
  File "<frozen importlib._bootstrap>", line 1360, in _find_and_load
  File "<frozen importlib._bootstrap>", line 1331, in _find_and_load_unlocked
  File "<frozen importlib._bootstrap>", line 935, in _load_unlocked
  File "<frozen importlib._bootstrap_external>", line 999, in exec_module
  File "<frozen importlib._bootstrap>", line 488, in _call_with_frames_removed
  File "/Users/win-win/Documents/workspace-tbs/UIT/Python-ML/uit-vietnamese-mrc/.venv/lib/python3.12/site-packages/transformers/models/deepseek_ocr2/image_processing_deepseek_ocr2.py", line 24, in <module>
    from torchvision.transforms.v2 import functional as tvF
ModuleNotFoundError: No module named 'torchvision'
2026-09-12 20:27:47.823 Examining the path of transformers.models.deepseek_vl.image_processing_deepseek_vl_fast raised:
Traceback (most recent call last):
  File "/Users/win-win/Documents/workspace-tbs/UIT/Python-ML/uit-vietnamese-mrc/.venv/lib/python3.12/site-packages/streamlit/watcher/local_sources_watcher.py", line 340, in get_module_paths
    potential_paths = extract_paths(module)
                      ^^^^^^^^^^^^^^^^^^^^^
  File "/Users/win-win/Documents/workspace-tbs/UIT/Python-ML/uit-vietnamese-mrc/.venv/lib/python3.12/site-packages/streamlit/watcher/local_sources_watcher.py", line 327, in <lambda>
    if hasattr(m, "__path__")
       ^^^^^^^^^^^^^^^^^^^^^^
  File "/Users/win-win/Documents/workspace-tbs/UIT/Python-ML/uit-vietnamese-mrc/.venv/lib/python3.12/site-packages/transformers/__init__.py", line 867, in _getattr
    return getattr(importlib.import_module(target, __name__), name)
                   ^^^^^^^^^^^^^^^^^^^^^^^^^^^^^^^^^^^^^^^^^
  File "/Users/win-win/.local/share/uv/python/cpython-3.12.13-macos-aarch64-none/lib/python3.12/importlib/__init__.py", line 90, in import_module
    return _bootstrap._gcd_import(name[level:], package, level)
           ^^^^^^^^^^^^^^^^^^^^^^^^^^^^^^^^^^^^^^^^^^^^^^^^^^^^
  File "<frozen importlib._bootstrap>", line 1387, in _gcd_import
  File "<frozen importlib._bootstrap>", line 1360, in _find_and_load
  File "<frozen importlib._bootstrap>", line 1331, in _find_and_load_unlocked
  File "<frozen importlib._bootstrap>", line 935, in _load_unlocked
  File "<frozen importlib._bootstrap_external>", line 999, in exec_module
  File "<frozen importlib._bootstrap>", line 488, in _call_with_frames_removed
  File "/Users/win-win/Documents/workspace-tbs/UIT/Python-ML/uit-vietnamese-mrc/.venv/lib/python3.12/site-packages/transformers/models/deepseek_vl/image_processing_deepseek_vl.py", line 23, in <module>
    import torchvision.transforms.v2.functional as tvF
ModuleNotFoundError: No module named 'torchvision'
2026-09-12 20:27:47.823 Examining the path of transformers.models.deepseek_vl_hybrid.image_processing_deepseek_vl_hybrid_fast raised:
Traceback (most recent call last):
  File "/Users/win-win/Documents/workspace-tbs/UIT/Python-ML/uit-vietnamese-mrc/.venv/lib/python3.12/site-packages/streamlit/watcher/local_sources_watcher.py", line 340, in get_module_paths
    potential_paths = extract_paths(module)
                      ^^^^^^^^^^^^^^^^^^^^^
  File "/Users/win-win/Documents/workspace-tbs/UIT/Python-ML/uit-vietnamese-mrc/.venv/lib/python3.12/site-packages/streamlit/watcher/local_sources_watcher.py", line 327, in <lambda>
    if hasattr(m, "__path__")
       ^^^^^^^^^^^^^^^^^^^^^^
  File "/Users/win-win/Documents/workspace-tbs/UIT/Python-ML/uit-vietnamese-mrc/.venv/lib/python3.12/site-packages/transformers/__init__.py", line 867, in _getattr
    return getattr(importlib.import_module(target, __name__), name)
                   ^^^^^^^^^^^^^^^^^^^^^^^^^^^^^^^^^^^^^^^^^
  File "/Users/win-win/.local/share/uv/python/cpython-3.12.13-macos-aarch64-none/lib/python3.12/importlib/__init__.py", line 90, in import_module
    return _bootstrap._gcd_import(name[level:], package, level)
           ^^^^^^^^^^^^^^^^^^^^^^^^^^^^^^^^^^^^^^^^^^^^^^^^^^^^
  File "<frozen importlib._bootstrap>", line 1387, in _gcd_import
  File "<frozen importlib._bootstrap>", line 1360, in _find_and_load
  File "<frozen importlib._bootstrap>", line 1331, in _find_and_load_unlocked
  File "<frozen importlib._bootstrap>", line 935, in _load_unlocked
  File "<frozen importlib._bootstrap_external>", line 999, in exec_module
  File "<frozen importlib._bootstrap>", line 488, in _call_with_frames_removed
  File "/Users/win-win/Documents/workspace-tbs/UIT/Python-ML/uit-vietnamese-mrc/.venv/lib/python3.12/site-packages/transformers/models/deepseek_vl_hybrid/image_processing_deepseek_vl_hybrid.py", line 25, in <module>
    import torchvision.transforms.v2.functional as tvF
ModuleNotFoundError: No module named 'torchvision'
2026-09-12 20:27:47.824 Examining the path of transformers.models.deformable_detr.image_processing_deformable_detr_fast raised:
Traceback (most recent call last):
  File "/Users/win-win/Documents/workspace-tbs/UIT/Python-ML/uit-vietnamese-mrc/.venv/lib/python3.12/site-packages/streamlit/watcher/local_sources_watcher.py", line 340, in get_module_paths
    potential_paths = extract_paths(module)
                      ^^^^^^^^^^^^^^^^^^^^^
  File "/Users/win-win/Documents/workspace-tbs/UIT/Python-ML/uit-vietnamese-mrc/.venv/lib/python3.12/site-packages/streamlit/watcher/local_sources_watcher.py", line 327, in <lambda>
    if hasattr(m, "__path__")
       ^^^^^^^^^^^^^^^^^^^^^^
  File "/Users/win-win/Documents/workspace-tbs/UIT/Python-ML/uit-vietnamese-mrc/.venv/lib/python3.12/site-packages/transformers/__init__.py", line 867, in _getattr
    return getattr(importlib.import_module(target, __name__), name)
                   ^^^^^^^^^^^^^^^^^^^^^^^^^^^^^^^^^^^^^^^^^
  File "/Users/win-win/.local/share/uv/python/cpython-3.12.13-macos-aarch64-none/lib/python3.12/importlib/__init__.py", line 90, in import_module
    return _bootstrap._gcd_import(name[level:], package, level)
           ^^^^^^^^^^^^^^^^^^^^^^^^^^^^^^^^^^^^^^^^^^^^^^^^^^^^
  File "<frozen importlib._bootstrap>", line 1387, in _gcd_import
  File "<frozen importlib._bootstrap>", line 1360, in _find_and_load
  File "<frozen importlib._bootstrap>", line 1331, in _find_and_load_unlocked
  File "<frozen importlib._bootstrap>", line 935, in _load_unlocked
  File "<frozen importlib._bootstrap_external>", line 999, in exec_module
  File "<frozen importlib._bootstrap>", line 488, in _call_with_frames_removed
  File "/Users/win-win/Documents/workspace-tbs/UIT/Python-ML/uit-vietnamese-mrc/.venv/lib/python3.12/site-packages/transformers/models/deformable_detr/image_processing_deformable_detr.py", line 25, in <module>
    from torchvision.io import read_image
ModuleNotFoundError: No module named 'torchvision'
2026-09-12 20:27:47.824 Examining the path of transformers.models.depth_pro.image_processing_depth_pro_fast raised:
Traceback (most recent call last):
  File "/Users/win-win/Documents/workspace-tbs/UIT/Python-ML/uit-vietnamese-mrc/.venv/lib/python3.12/site-packages/streamlit/watcher/local_sources_watcher.py", line 340, in get_module_paths
    potential_paths = extract_paths(module)
                      ^^^^^^^^^^^^^^^^^^^^^
  File "/Users/win-win/Documents/workspace-tbs/UIT/Python-ML/uit-vietnamese-mrc/.venv/lib/python3.12/site-packages/streamlit/watcher/local_sources_watcher.py", line 327, in <lambda>
    if hasattr(m, "__path__")
       ^^^^^^^^^^^^^^^^^^^^^^
  File "/Users/win-win/Documents/workspace-tbs/UIT/Python-ML/uit-vietnamese-mrc/.venv/lib/python3.12/site-packages/transformers/__init__.py", line 867, in _getattr
    return getattr(importlib.import_module(target, __name__), name)
                   ^^^^^^^^^^^^^^^^^^^^^^^^^^^^^^^^^^^^^^^^^
  File "/Users/win-win/.local/share/uv/python/cpython-3.12.13-macos-aarch64-none/lib/python3.12/importlib/__init__.py", line 90, in import_module
    return _bootstrap._gcd_import(name[level:], package, level)
           ^^^^^^^^^^^^^^^^^^^^^^^^^^^^^^^^^^^^^^^^^^^^^^^^^^^^
  File "<frozen importlib._bootstrap>", line 1387, in _gcd_import
  File "<frozen importlib._bootstrap>", line 1360, in _find_and_load
  File "<frozen importlib._bootstrap>", line 1331, in _find_and_load_unlocked
  File "<frozen importlib._bootstrap>", line 935, in _load_unlocked
  File "<frozen importlib._bootstrap_external>", line 999, in exec_module
  File "<frozen importlib._bootstrap>", line 488, in _call_with_frames_removed
  File "/Users/win-win/Documents/workspace-tbs/UIT/Python-ML/uit-vietnamese-mrc/.venv/lib/python3.12/site-packages/transformers/models/depth_pro/image_processing_depth_pro.py", line 19, in <module>
    from torchvision.transforms.v2 import functional as tvF
ModuleNotFoundError: No module named 'torchvision'
2026-09-12 20:27:47.824 Examining the path of transformers.models.detr.image_processing_detr_fast raised:
Traceback (most recent call last):
  File "/Users/win-win/Documents/workspace-tbs/UIT/Python-ML/uit-vietnamese-mrc/.venv/lib/python3.12/site-packages/streamlit/watcher/local_sources_watcher.py", line 340, in get_module_paths
    potential_paths = extract_paths(module)
                      ^^^^^^^^^^^^^^^^^^^^^
  File "/Users/win-win/Documents/workspace-tbs/UIT/Python-ML/uit-vietnamese-mrc/.venv/lib/python3.12/site-packages/streamlit/watcher/local_sources_watcher.py", line 327, in <lambda>
    if hasattr(m, "__path__")
       ^^^^^^^^^^^^^^^^^^^^^^
  File "/Users/win-win/Documents/workspace-tbs/UIT/Python-ML/uit-vietnamese-mrc/.venv/lib/python3.12/site-packages/transformers/__init__.py", line 867, in _getattr
    return getattr(importlib.import_module(target, __name__), name)
                   ^^^^^^^^^^^^^^^^^^^^^^^^^^^^^^^^^^^^^^^^^
  File "/Users/win-win/.local/share/uv/python/cpython-3.12.13-macos-aarch64-none/lib/python3.12/importlib/__init__.py", line 90, in import_module
    return _bootstrap._gcd_import(name[level:], package, level)
           ^^^^^^^^^^^^^^^^^^^^^^^^^^^^^^^^^^^^^^^^^^^^^^^^^^^^
  File "<frozen importlib._bootstrap>", line 1387, in _gcd_import
  File "<frozen importlib._bootstrap>", line 1360, in _find_and_load
  File "<frozen importlib._bootstrap>", line 1331, in _find_and_load_unlocked
  File "<frozen importlib._bootstrap>", line 935, in _load_unlocked
  File "<frozen importlib._bootstrap_external>", line 999, in exec_module
  File "<frozen importlib._bootstrap>", line 488, in _call_with_frames_removed
  File "/Users/win-win/Documents/workspace-tbs/UIT/Python-ML/uit-vietnamese-mrc/.venv/lib/python3.12/site-packages/transformers/models/detr/image_processing_detr.py", line 22, in <module>
    from torchvision.io import read_image
ModuleNotFoundError: No module named 'torchvision'
2026-09-12 20:27:47.825 Examining the path of transformers.models.dinov3_vit.image_processing_dinov3_vit_fast raised:
Traceback (most recent call last):
  File "/Users/win-win/Documents/workspace-tbs/UIT/Python-ML/uit-vietnamese-mrc/.venv/lib/python3.12/site-packages/streamlit/watcher/local_sources_watcher.py", line 340, in get_module_paths
    potential_paths = extract_paths(module)
                      ^^^^^^^^^^^^^^^^^^^^^
  File "/Users/win-win/Documents/workspace-tbs/UIT/Python-ML/uit-vietnamese-mrc/.venv/lib/python3.12/site-packages/streamlit/watcher/local_sources_watcher.py", line 327, in <lambda>
    if hasattr(m, "__path__")
       ^^^^^^^^^^^^^^^^^^^^^^
  File "/Users/win-win/Documents/workspace-tbs/UIT/Python-ML/uit-vietnamese-mrc/.venv/lib/python3.12/site-packages/transformers/__init__.py", line 867, in _getattr
    return getattr(importlib.import_module(target, __name__), name)
                   ^^^^^^^^^^^^^^^^^^^^^^^^^^^^^^^^^^^^^^^^^
  File "/Users/win-win/.local/share/uv/python/cpython-3.12.13-macos-aarch64-none/lib/python3.12/importlib/__init__.py", line 90, in import_module
    return _bootstrap._gcd_import(name[level:], package, level)
           ^^^^^^^^^^^^^^^^^^^^^^^^^^^^^^^^^^^^^^^^^^^^^^^^^^^^
  File "<frozen importlib._bootstrap>", line 1387, in _gcd_import
  File "<frozen importlib._bootstrap>", line 1360, in _find_and_load
  File "<frozen importlib._bootstrap>", line 1331, in _find_and_load_unlocked
  File "<frozen importlib._bootstrap>", line 935, in _load_unlocked
  File "<frozen importlib._bootstrap_external>", line 999, in exec_module
  File "<frozen importlib._bootstrap>", line 488, in _call_with_frames_removed
  File "/Users/win-win/Documents/workspace-tbs/UIT/Python-ML/uit-vietnamese-mrc/.venv/lib/python3.12/site-packages/transformers/models/dinov3_vit/image_processing_dinov3_vit.py", line 17, in <module>
    from torchvision.transforms.v2 import functional as tvF
ModuleNotFoundError: No module named 'torchvision'
2026-09-12 20:27:47.825 Examining the path of transformers.models.donut.image_processing_donut_fast raised:
Traceback (most recent call last):
  File "/Users/win-win/Documents/workspace-tbs/UIT/Python-ML/uit-vietnamese-mrc/.venv/lib/python3.12/site-packages/streamlit/watcher/local_sources_watcher.py", line 340, in get_module_paths
    potential_paths = extract_paths(module)
                      ^^^^^^^^^^^^^^^^^^^^^
  File "/Users/win-win/Documents/workspace-tbs/UIT/Python-ML/uit-vietnamese-mrc/.venv/lib/python3.12/site-packages/streamlit/watcher/local_sources_watcher.py", line 327, in <lambda>
    if hasattr(m, "__path__")
       ^^^^^^^^^^^^^^^^^^^^^^
  File "/Users/win-win/Documents/workspace-tbs/UIT/Python-ML/uit-vietnamese-mrc/.venv/lib/python3.12/site-packages/transformers/__init__.py", line 867, in _getattr
    return getattr(importlib.import_module(target, __name__), name)
                   ^^^^^^^^^^^^^^^^^^^^^^^^^^^^^^^^^^^^^^^^^
  File "/Users/win-win/.local/share/uv/python/cpython-3.12.13-macos-aarch64-none/lib/python3.12/importlib/__init__.py", line 90, in import_module
    return _bootstrap._gcd_import(name[level:], package, level)
           ^^^^^^^^^^^^^^^^^^^^^^^^^^^^^^^^^^^^^^^^^^^^^^^^^^^^
  File "<frozen importlib._bootstrap>", line 1387, in _gcd_import
  File "<frozen importlib._bootstrap>", line 1360, in _find_and_load
  File "<frozen importlib._bootstrap>", line 1331, in _find_and_load_unlocked
  File "<frozen importlib._bootstrap>", line 935, in _load_unlocked
  File "<frozen importlib._bootstrap_external>", line 999, in exec_module
  File "<frozen importlib._bootstrap>", line 488, in _call_with_frames_removed
  File "/Users/win-win/Documents/workspace-tbs/UIT/Python-ML/uit-vietnamese-mrc/.venv/lib/python3.12/site-packages/transformers/models/donut/image_processing_donut.py", line 17, in <module>
    from torchvision.transforms.v2 import functional as tvF
ModuleNotFoundError: No module named 'torchvision'
2026-09-12 20:27:47.825 Examining the path of transformers.models.dpt.image_processing_dpt_fast raised:
Traceback (most recent call last):
  File "/Users/win-win/Documents/workspace-tbs/UIT/Python-ML/uit-vietnamese-mrc/.venv/lib/python3.12/site-packages/streamlit/watcher/local_sources_watcher.py", line 340, in get_module_paths
    potential_paths = extract_paths(module)
                      ^^^^^^^^^^^^^^^^^^^^^
  File "/Users/win-win/Documents/workspace-tbs/UIT/Python-ML/uit-vietnamese-mrc/.venv/lib/python3.12/site-packages/streamlit/watcher/local_sources_watcher.py", line 327, in <lambda>
    if hasattr(m, "__path__")
       ^^^^^^^^^^^^^^^^^^^^^^
  File "/Users/win-win/Documents/workspace-tbs/UIT/Python-ML/uit-vietnamese-mrc/.venv/lib/python3.12/site-packages/transformers/__init__.py", line 867, in _getattr
    return getattr(importlib.import_module(target, __name__), name)
                   ^^^^^^^^^^^^^^^^^^^^^^^^^^^^^^^^^^^^^^^^^
  File "/Users/win-win/.local/share/uv/python/cpython-3.12.13-macos-aarch64-none/lib/python3.12/importlib/__init__.py", line 90, in import_module
    return _bootstrap._gcd_import(name[level:], package, level)
           ^^^^^^^^^^^^^^^^^^^^^^^^^^^^^^^^^^^^^^^^^^^^^^^^^^^^
  File "<frozen importlib._bootstrap>", line 1387, in _gcd_import
  File "<frozen importlib._bootstrap>", line 1360, in _find_and_load
  File "<frozen importlib._bootstrap>", line 1331, in _find_and_load_unlocked
  File "<frozen importlib._bootstrap>", line 935, in _load_unlocked
  File "<frozen importlib._bootstrap_external>", line 999, in exec_module
  File "<frozen importlib._bootstrap>", line 488, in _call_with_frames_removed
  File "/Users/win-win/Documents/workspace-tbs/UIT/Python-ML/uit-vietnamese-mrc/.venv/lib/python3.12/site-packages/transformers/models/dpt/image_processing_dpt.py", line 28, in <module>
    from torchvision.transforms.v2 import functional as tvF
ModuleNotFoundError: No module named 'torchvision'
2026-09-12 20:27:47.826 Examining the path of transformers.models.efficientloftr.image_processing_efficientloftr_fast raised:
Traceback (most recent call last):
  File "/Users/win-win/Documents/workspace-tbs/UIT/Python-ML/uit-vietnamese-mrc/.venv/lib/python3.12/site-packages/streamlit/watcher/local_sources_watcher.py", line 340, in get_module_paths
    potential_paths = extract_paths(module)
                      ^^^^^^^^^^^^^^^^^^^^^
  File "/Users/win-win/Documents/workspace-tbs/UIT/Python-ML/uit-vietnamese-mrc/.venv/lib/python3.12/site-packages/streamlit/watcher/local_sources_watcher.py", line 327, in <lambda>
    if hasattr(m, "__path__")
       ^^^^^^^^^^^^^^^^^^^^^^
  File "/Users/win-win/Documents/workspace-tbs/UIT/Python-ML/uit-vietnamese-mrc/.venv/lib/python3.12/site-packages/transformers/__init__.py", line 867, in _getattr
    return getattr(importlib.import_module(target, __name__), name)
                   ^^^^^^^^^^^^^^^^^^^^^^^^^^^^^^^^^^^^^^^^^
  File "/Users/win-win/.local/share/uv/python/cpython-3.12.13-macos-aarch64-none/lib/python3.12/importlib/__init__.py", line 90, in import_module
    return _bootstrap._gcd_import(name[level:], package, level)
           ^^^^^^^^^^^^^^^^^^^^^^^^^^^^^^^^^^^^^^^^^^^^^^^^^^^^
  File "<frozen importlib._bootstrap>", line 1387, in _gcd_import
  File "<frozen importlib._bootstrap>", line 1360, in _find_and_load
  File "<frozen importlib._bootstrap>", line 1331, in _find_and_load_unlocked
  File "<frozen importlib._bootstrap>", line 935, in _load_unlocked
  File "<frozen importlib._bootstrap_external>", line 999, in exec_module
  File "<frozen importlib._bootstrap>", line 488, in _call_with_frames_removed
  File "/Users/win-win/Documents/workspace-tbs/UIT/Python-ML/uit-vietnamese-mrc/.venv/lib/python3.12/site-packages/transformers/models/efficientloftr/image_processing_efficientloftr.py", line 10, in <module>
    from torchvision.transforms.v2 import functional as tvF
ModuleNotFoundError: No module named 'torchvision'
2026-09-12 20:27:47.826 Examining the path of transformers.models.efficientnet.image_processing_efficientnet_fast raised:
Traceback (most recent call last):
  File "/Users/win-win/Documents/workspace-tbs/UIT/Python-ML/uit-vietnamese-mrc/.venv/lib/python3.12/site-packages/streamlit/watcher/local_sources_watcher.py", line 340, in get_module_paths
    potential_paths = extract_paths(module)
                      ^^^^^^^^^^^^^^^^^^^^^
  File "/Users/win-win/Documents/workspace-tbs/UIT/Python-ML/uit-vietnamese-mrc/.venv/lib/python3.12/site-packages/streamlit/watcher/local_sources_watcher.py", line 327, in <lambda>
    if hasattr(m, "__path__")
       ^^^^^^^^^^^^^^^^^^^^^^
  File "/Users/win-win/Documents/workspace-tbs/UIT/Python-ML/uit-vietnamese-mrc/.venv/lib/python3.12/site-packages/transformers/__init__.py", line 867, in _getattr
    return getattr(importlib.import_module(target, __name__), name)
                   ^^^^^^^^^^^^^^^^^^^^^^^^^^^^^^^^^^^^^^^^^
  File "/Users/win-win/.local/share/uv/python/cpython-3.12.13-macos-aarch64-none/lib/python3.12/importlib/__init__.py", line 90, in import_module
    return _bootstrap._gcd_import(name[level:], package, level)
           ^^^^^^^^^^^^^^^^^^^^^^^^^^^^^^^^^^^^^^^^^^^^^^^^^^^^
  File "<frozen importlib._bootstrap>", line 1387, in _gcd_import
  File "<frozen importlib._bootstrap>", line 1360, in _find_and_load
  File "<frozen importlib._bootstrap>", line 1331, in _find_and_load_unlocked
  File "<frozen importlib._bootstrap>", line 935, in _load_unlocked
  File "<frozen importlib._bootstrap_external>", line 999, in exec_module
  File "<frozen importlib._bootstrap>", line 488, in _call_with_frames_removed
  File "/Users/win-win/Documents/workspace-tbs/UIT/Python-ML/uit-vietnamese-mrc/.venv/lib/python3.12/site-packages/transformers/models/efficientnet/image_processing_efficientnet.py", line 20, in <module>
    from torchvision.transforms.v2 import functional as tvF
ModuleNotFoundError: No module named 'torchvision'
2026-09-12 20:27:47.827 Examining the path of transformers.models.eomt.image_processing_eomt_fast raised:
Traceback (most recent call last):
  File "/Users/win-win/Documents/workspace-tbs/UIT/Python-ML/uit-vietnamese-mrc/.venv/lib/python3.12/site-packages/streamlit/watcher/local_sources_watcher.py", line 340, in get_module_paths
    potential_paths = extract_paths(module)
                      ^^^^^^^^^^^^^^^^^^^^^
  File "/Users/win-win/Documents/workspace-tbs/UIT/Python-ML/uit-vietnamese-mrc/.venv/lib/python3.12/site-packages/streamlit/watcher/local_sources_watcher.py", line 327, in <lambda>
    if hasattr(m, "__path__")
       ^^^^^^^^^^^^^^^^^^^^^^
  File "/Users/win-win/Documents/workspace-tbs/UIT/Python-ML/uit-vietnamese-mrc/.venv/lib/python3.12/site-packages/transformers/__init__.py", line 867, in _getattr
    return getattr(importlib.import_module(target, __name__), name)
                   ^^^^^^^^^^^^^^^^^^^^^^^^^^^^^^^^^^^^^^^^^
  File "/Users/win-win/.local/share/uv/python/cpython-3.12.13-macos-aarch64-none/lib/python3.12/importlib/__init__.py", line 90, in import_module
    return _bootstrap._gcd_import(name[level:], package, level)
           ^^^^^^^^^^^^^^^^^^^^^^^^^^^^^^^^^^^^^^^^^^^^^^^^^^^^
  File "<frozen importlib._bootstrap>", line 1387, in _gcd_import
  File "<frozen importlib._bootstrap>", line 1360, in _find_and_load
  File "<frozen importlib._bootstrap>", line 1331, in _find_and_load_unlocked
  File "<frozen importlib._bootstrap>", line 935, in _load_unlocked
  File "<frozen importlib._bootstrap_external>", line 999, in exec_module
  File "<frozen importlib._bootstrap>", line 488, in _call_with_frames_removed
  File "/Users/win-win/Documents/workspace-tbs/UIT/Python-ML/uit-vietnamese-mrc/.venv/lib/python3.12/site-packages/transformers/models/eomt/image_processing_eomt.py", line 20, in <module>
    from torchvision.transforms.v2 import functional as tvF
ModuleNotFoundError: No module named 'torchvision'
2026-09-12 20:27:47.827 Examining the path of transformers.models.ernie4_5_vl_moe.image_processing_ernie4_5_vl_moe_fast raised:
Traceback (most recent call last):
  File "/Users/win-win/Documents/workspace-tbs/UIT/Python-ML/uit-vietnamese-mrc/.venv/lib/python3.12/site-packages/streamlit/watcher/local_sources_watcher.py", line 340, in get_module_paths
    potential_paths = extract_paths(module)
                      ^^^^^^^^^^^^^^^^^^^^^
  File "/Users/win-win/Documents/workspace-tbs/UIT/Python-ML/uit-vietnamese-mrc/.venv/lib/python3.12/site-packages/streamlit/watcher/local_sources_watcher.py", line 327, in <lambda>
    if hasattr(m, "__path__")
       ^^^^^^^^^^^^^^^^^^^^^^
  File "/Users/win-win/Documents/workspace-tbs/UIT/Python-ML/uit-vietnamese-mrc/.venv/lib/python3.12/site-packages/transformers/__init__.py", line 867, in _getattr
    return getattr(importlib.import_module(target, __name__), name)
                   ^^^^^^^^^^^^^^^^^^^^^^^^^^^^^^^^^^^^^^^^^
  File "/Users/win-win/.local/share/uv/python/cpython-3.12.13-macos-aarch64-none/lib/python3.12/importlib/__init__.py", line 90, in import_module
    return _bootstrap._gcd_import(name[level:], package, level)
           ^^^^^^^^^^^^^^^^^^^^^^^^^^^^^^^^^^^^^^^^^^^^^^^^^^^^
  File "<frozen importlib._bootstrap>", line 1387, in _gcd_import
  File "<frozen importlib._bootstrap>", line 1360, in _find_and_load
  File "<frozen importlib._bootstrap>", line 1331, in _find_and_load_unlocked
  File "<frozen importlib._bootstrap>", line 935, in _load_unlocked
  File "<frozen importlib._bootstrap_external>", line 999, in exec_module
  File "<frozen importlib._bootstrap>", line 488, in _call_with_frames_removed
  File "/Users/win-win/Documents/workspace-tbs/UIT/Python-ML/uit-vietnamese-mrc/.venv/lib/python3.12/site-packages/transformers/models/ernie4_5_vl_moe/image_processing_ernie4_5_vl_moe.py", line 24, in <module>
    from torchvision.transforms.v2 import functional as tvF
ModuleNotFoundError: No module named 'torchvision'
2026-09-12 20:27:47.828 Examining the path of transformers.models.flava.image_processing_flava_fast raised:
Traceback (most recent call last):
  File "/Users/win-win/Documents/workspace-tbs/UIT/Python-ML/uit-vietnamese-mrc/.venv/lib/python3.12/site-packages/streamlit/watcher/local_sources_watcher.py", line 340, in get_module_paths
    potential_paths = extract_paths(module)
                      ^^^^^^^^^^^^^^^^^^^^^
  File "/Users/win-win/Documents/workspace-tbs/UIT/Python-ML/uit-vietnamese-mrc/.venv/lib/python3.12/site-packages/streamlit/watcher/local_sources_watcher.py", line 327, in <lambda>
    if hasattr(m, "__path__")
       ^^^^^^^^^^^^^^^^^^^^^^
  File "/Users/win-win/Documents/workspace-tbs/UIT/Python-ML/uit-vietnamese-mrc/.venv/lib/python3.12/site-packages/transformers/__init__.py", line 867, in _getattr
    return getattr(importlib.import_module(target, __name__), name)
                   ^^^^^^^^^^^^^^^^^^^^^^^^^^^^^^^^^^^^^^^^^
  File "/Users/win-win/.local/share/uv/python/cpython-3.12.13-macos-aarch64-none/lib/python3.12/importlib/__init__.py", line 90, in import_module
    return _bootstrap._gcd_import(name[level:], package, level)
           ^^^^^^^^^^^^^^^^^^^^^^^^^^^^^^^^^^^^^^^^^^^^^^^^^^^^
  File "<frozen importlib._bootstrap>", line 1387, in _gcd_import
  File "<frozen importlib._bootstrap>", line 1360, in _find_and_load
  File "<frozen importlib._bootstrap>", line 1331, in _find_and_load_unlocked
  File "<frozen importlib._bootstrap>", line 935, in _load_unlocked
  File "<frozen importlib._bootstrap_external>", line 999, in exec_module
  File "<frozen importlib._bootstrap>", line 488, in _call_with_frames_removed
  File "/Users/win-win/Documents/workspace-tbs/UIT/Python-ML/uit-vietnamese-mrc/.venv/lib/python3.12/site-packages/transformers/models/flava/image_processing_flava.py", line 23, in <module>
    from torchvision.transforms.v2 import functional as tvF
ModuleNotFoundError: No module named 'torchvision'
2026-09-12 20:27:47.828 Examining the path of transformers.models.fuyu.image_processing_fuyu_fast raised:
Traceback (most recent call last):
  File "/Users/win-win/Documents/workspace-tbs/UIT/Python-ML/uit-vietnamese-mrc/.venv/lib/python3.12/site-packages/streamlit/watcher/local_sources_watcher.py", line 340, in get_module_paths
    potential_paths = extract_paths(module)
                      ^^^^^^^^^^^^^^^^^^^^^
  File "/Users/win-win/Documents/workspace-tbs/UIT/Python-ML/uit-vietnamese-mrc/.venv/lib/python3.12/site-packages/streamlit/watcher/local_sources_watcher.py", line 327, in <lambda>
    if hasattr(m, "__path__")
       ^^^^^^^^^^^^^^^^^^^^^^
  File "/Users/win-win/Documents/workspace-tbs/UIT/Python-ML/uit-vietnamese-mrc/.venv/lib/python3.12/site-packages/transformers/__init__.py", line 867, in _getattr
    return getattr(importlib.import_module(target, __name__), name)
                   ^^^^^^^^^^^^^^^^^^^^^^^^^^^^^^^^^^^^^^^^^
  File "/Users/win-win/.local/share/uv/python/cpython-3.12.13-macos-aarch64-none/lib/python3.12/importlib/__init__.py", line 90, in import_module
    return _bootstrap._gcd_import(name[level:], package, level)
           ^^^^^^^^^^^^^^^^^^^^^^^^^^^^^^^^^^^^^^^^^^^^^^^^^^^^
  File "<frozen importlib._bootstrap>", line 1387, in _gcd_import
  File "<frozen importlib._bootstrap>", line 1360, in _find_and_load
  File "<frozen importlib._bootstrap>", line 1331, in _find_and_load_unlocked
  File "<frozen importlib._bootstrap>", line 935, in _load_unlocked
  File "<frozen importlib._bootstrap_external>", line 999, in exec_module
  File "<frozen importlib._bootstrap>", line 488, in _call_with_frames_removed
  File "/Users/win-win/Documents/workspace-tbs/UIT/Python-ML/uit-vietnamese-mrc/.venv/lib/python3.12/site-packages/transformers/models/fuyu/image_processing_fuyu.py", line 19, in <module>
    from torchvision.transforms.v2 import functional as tvF
ModuleNotFoundError: No module named 'torchvision'
2026-09-12 20:27:47.828 Examining the path of transformers.models.gemma3.image_processing_gemma3_fast raised:
Traceback (most recent call last):
  File "/Users/win-win/Documents/workspace-tbs/UIT/Python-ML/uit-vietnamese-mrc/.venv/lib/python3.12/site-packages/streamlit/watcher/local_sources_watcher.py", line 340, in get_module_paths
    potential_paths = extract_paths(module)
                      ^^^^^^^^^^^^^^^^^^^^^
  File "/Users/win-win/Documents/workspace-tbs/UIT/Python-ML/uit-vietnamese-mrc/.venv/lib/python3.12/site-packages/streamlit/watcher/local_sources_watcher.py", line 327, in <lambda>
    if hasattr(m, "__path__")
       ^^^^^^^^^^^^^^^^^^^^^^
  File "/Users/win-win/Documents/workspace-tbs/UIT/Python-ML/uit-vietnamese-mrc/.venv/lib/python3.12/site-packages/transformers/__init__.py", line 867, in _getattr
    return getattr(importlib.import_module(target, __name__), name)
                   ^^^^^^^^^^^^^^^^^^^^^^^^^^^^^^^^^^^^^^^^^
  File "/Users/win-win/.local/share/uv/python/cpython-3.12.13-macos-aarch64-none/lib/python3.12/importlib/__init__.py", line 90, in import_module
    return _bootstrap._gcd_import(name[level:], package, level)
           ^^^^^^^^^^^^^^^^^^^^^^^^^^^^^^^^^^^^^^^^^^^^^^^^^^^^
  File "<frozen importlib._bootstrap>", line 1387, in _gcd_import
  File "<frozen importlib._bootstrap>", line 1360, in _find_and_load
  File "<frozen importlib._bootstrap>", line 1331, in _find_and_load_unlocked
  File "<frozen importlib._bootstrap>", line 935, in _load_unlocked
  File "<frozen importlib._bootstrap_external>", line 999, in exec_module
  File "<frozen importlib._bootstrap>", line 488, in _call_with_frames_removed
  File "/Users/win-win/Documents/workspace-tbs/UIT/Python-ML/uit-vietnamese-mrc/.venv/lib/python3.12/site-packages/transformers/models/gemma3/image_processing_gemma3.py", line 20, in <module>
    from torchvision.transforms.v2 import functional as tvF
ModuleNotFoundError: No module named 'torchvision'
2026-09-12 20:27:47.829 Examining the path of transformers.models.gemma4.image_processing_gemma4_fast raised:
Traceback (most recent call last):
  File "/Users/win-win/Documents/workspace-tbs/UIT/Python-ML/uit-vietnamese-mrc/.venv/lib/python3.12/site-packages/streamlit/watcher/local_sources_watcher.py", line 340, in get_module_paths
    potential_paths = extract_paths(module)
                      ^^^^^^^^^^^^^^^^^^^^^
  File "/Users/win-win/Documents/workspace-tbs/UIT/Python-ML/uit-vietnamese-mrc/.venv/lib/python3.12/site-packages/streamlit/watcher/local_sources_watcher.py", line 327, in <lambda>
    if hasattr(m, "__path__")
       ^^^^^^^^^^^^^^^^^^^^^^
  File "/Users/win-win/Documents/workspace-tbs/UIT/Python-ML/uit-vietnamese-mrc/.venv/lib/python3.12/site-packages/transformers/__init__.py", line 867, in _getattr
    return getattr(importlib.import_module(target, __name__), name)
                   ^^^^^^^^^^^^^^^^^^^^^^^^^^^^^^^^^^^^^^^^^
  File "/Users/win-win/.local/share/uv/python/cpython-3.12.13-macos-aarch64-none/lib/python3.12/importlib/__init__.py", line 90, in import_module
    return _bootstrap._gcd_import(name[level:], package, level)
           ^^^^^^^^^^^^^^^^^^^^^^^^^^^^^^^^^^^^^^^^^^^^^^^^^^^^
  File "<frozen importlib._bootstrap>", line 1387, in _gcd_import
  File "<frozen importlib._bootstrap>", line 1360, in _find_and_load
  File "<frozen importlib._bootstrap>", line 1331, in _find_and_load_unlocked
  File "<frozen importlib._bootstrap>", line 935, in _load_unlocked
  File "<frozen importlib._bootstrap_external>", line 999, in exec_module
  File "<frozen importlib._bootstrap>", line 488, in _call_with_frames_removed
  File "/Users/win-win/Documents/workspace-tbs/UIT/Python-ML/uit-vietnamese-mrc/.venv/lib/python3.12/site-packages/transformers/models/gemma4/image_processing_gemma4.py", line 17, in <module>
    from torchvision.transforms.v2 import functional as tvF
ModuleNotFoundError: No module named 'torchvision'
2026-09-12 20:27:47.829 Examining the path of transformers.models.gemma4_unified.image_processing_gemma4_unified_fast raised:
Traceback (most recent call last):
  File "/Users/win-win/Documents/workspace-tbs/UIT/Python-ML/uit-vietnamese-mrc/.venv/lib/python3.12/site-packages/streamlit/watcher/local_sources_watcher.py", line 340, in get_module_paths
    potential_paths = extract_paths(module)
                      ^^^^^^^^^^^^^^^^^^^^^
  File "/Users/win-win/Documents/workspace-tbs/UIT/Python-ML/uit-vietnamese-mrc/.venv/lib/python3.12/site-packages/streamlit/watcher/local_sources_watcher.py", line 327, in <lambda>
    if hasattr(m, "__path__")
       ^^^^^^^^^^^^^^^^^^^^^^
  File "/Users/win-win/Documents/workspace-tbs/UIT/Python-ML/uit-vietnamese-mrc/.venv/lib/python3.12/site-packages/transformers/__init__.py", line 867, in _getattr
    return getattr(importlib.import_module(target, __name__), name)
                   ^^^^^^^^^^^^^^^^^^^^^^^^^^^^^^^^^^^^^^^^^
  File "/Users/win-win/.local/share/uv/python/cpython-3.12.13-macos-aarch64-none/lib/python3.12/importlib/__init__.py", line 90, in import_module
    return _bootstrap._gcd_import(name[level:], package, level)
           ^^^^^^^^^^^^^^^^^^^^^^^^^^^^^^^^^^^^^^^^^^^^^^^^^^^^
  File "<frozen importlib._bootstrap>", line 1387, in _gcd_import
  File "<frozen importlib._bootstrap>", line 1360, in _find_and_load
  File "<frozen importlib._bootstrap>", line 1331, in _find_and_load_unlocked
  File "<frozen importlib._bootstrap>", line 935, in _load_unlocked
  File "<frozen importlib._bootstrap_external>", line 999, in exec_module
  File "<frozen importlib._bootstrap>", line 488, in _call_with_frames_removed
  File "/Users/win-win/Documents/workspace-tbs/UIT/Python-ML/uit-vietnamese-mrc/.venv/lib/python3.12/site-packages/transformers/models/gemma4_unified/image_processing_gemma4_unified.py", line 23, in <module>
    from torchvision.transforms.v2 import functional as tvF
ModuleNotFoundError: No module named 'torchvision'
2026-09-12 20:27:47.829 Examining the path of transformers.models.glm46v.image_processing_glm46v_fast raised:
Traceback (most recent call last):
  File "/Users/win-win/Documents/workspace-tbs/UIT/Python-ML/uit-vietnamese-mrc/.venv/lib/python3.12/site-packages/streamlit/watcher/local_sources_watcher.py", line 340, in get_module_paths
    potential_paths = extract_paths(module)
                      ^^^^^^^^^^^^^^^^^^^^^
  File "/Users/win-win/Documents/workspace-tbs/UIT/Python-ML/uit-vietnamese-mrc/.venv/lib/python3.12/site-packages/streamlit/watcher/local_sources_watcher.py", line 327, in <lambda>
    if hasattr(m, "__path__")
       ^^^^^^^^^^^^^^^^^^^^^^
  File "/Users/win-win/Documents/workspace-tbs/UIT/Python-ML/uit-vietnamese-mrc/.venv/lib/python3.12/site-packages/transformers/__init__.py", line 867, in _getattr
    return getattr(importlib.import_module(target, __name__), name)
                   ^^^^^^^^^^^^^^^^^^^^^^^^^^^^^^^^^^^^^^^^^
  File "/Users/win-win/.local/share/uv/python/cpython-3.12.13-macos-aarch64-none/lib/python3.12/importlib/__init__.py", line 90, in import_module
    return _bootstrap._gcd_import(name[level:], package, level)
           ^^^^^^^^^^^^^^^^^^^^^^^^^^^^^^^^^^^^^^^^^^^^^^^^^^^^
  File "<frozen importlib._bootstrap>", line 1387, in _gcd_import
  File "<frozen importlib._bootstrap>", line 1360, in _find_and_load
  File "<frozen importlib._bootstrap>", line 1331, in _find_and_load_unlocked
  File "<frozen importlib._bootstrap>", line 935, in _load_unlocked
  File "<frozen importlib._bootstrap_external>", line 999, in exec_module
  File "<frozen importlib._bootstrap>", line 488, in _call_with_frames_removed
  File "/Users/win-win/Documents/workspace-tbs/UIT/Python-ML/uit-vietnamese-mrc/.venv/lib/python3.12/site-packages/transformers/models/glm46v/image_processing_glm46v.py", line 24, in <module>
    from torchvision.transforms.v2 import functional as tvF
ModuleNotFoundError: No module named 'torchvision'
2026-09-12 20:27:47.830 Examining the path of transformers.models.glm4v.image_processing_glm4v_fast raised:
Traceback (most recent call last):
  File "/Users/win-win/Documents/workspace-tbs/UIT/Python-ML/uit-vietnamese-mrc/.venv/lib/python3.12/site-packages/streamlit/watcher/local_sources_watcher.py", line 340, in get_module_paths
    potential_paths = extract_paths(module)
                      ^^^^^^^^^^^^^^^^^^^^^
  File "/Users/win-win/Documents/workspace-tbs/UIT/Python-ML/uit-vietnamese-mrc/.venv/lib/python3.12/site-packages/streamlit/watcher/local_sources_watcher.py", line 327, in <lambda>
    if hasattr(m, "__path__")
       ^^^^^^^^^^^^^^^^^^^^^^
  File "/Users/win-win/Documents/workspace-tbs/UIT/Python-ML/uit-vietnamese-mrc/.venv/lib/python3.12/site-packages/transformers/__init__.py", line 867, in _getattr
    return getattr(importlib.import_module(target, __name__), name)
                   ^^^^^^^^^^^^^^^^^^^^^^^^^^^^^^^^^^^^^^^^^
  File "/Users/win-win/.local/share/uv/python/cpython-3.12.13-macos-aarch64-none/lib/python3.12/importlib/__init__.py", line 90, in import_module
    return _bootstrap._gcd_import(name[level:], package, level)
           ^^^^^^^^^^^^^^^^^^^^^^^^^^^^^^^^^^^^^^^^^^^^^^^^^^^^
  File "<frozen importlib._bootstrap>", line 1387, in _gcd_import
  File "<frozen importlib._bootstrap>", line 1360, in _find_and_load
  File "<frozen importlib._bootstrap>", line 1331, in _find_and_load_unlocked
  File "<frozen importlib._bootstrap>", line 935, in _load_unlocked
  File "<frozen importlib._bootstrap_external>", line 999, in exec_module
  File "<frozen importlib._bootstrap>", line 488, in _call_with_frames_removed
  File "/Users/win-win/Documents/workspace-tbs/UIT/Python-ML/uit-vietnamese-mrc/.venv/lib/python3.12/site-packages/transformers/models/glm4v/image_processing_glm4v.py", line 19, in <module>
    from torchvision.transforms.v2 import functional as tvF
ModuleNotFoundError: No module named 'torchvision'
2026-09-12 20:27:47.830 Examining the path of transformers.models.glm5_next.image_processing_glm5_next_fast raised:
Traceback (most recent call last):
  File "/Users/win-win/Documents/workspace-tbs/UIT/Python-ML/uit-vietnamese-mrc/.venv/lib/python3.12/site-packages/streamlit/watcher/local_sources_watcher.py", line 340, in get_module_paths
    potential_paths = extract_paths(module)
                      ^^^^^^^^^^^^^^^^^^^^^
  File "/Users/win-win/Documents/workspace-tbs/UIT/Python-ML/uit-vietnamese-mrc/.venv/lib/python3.12/site-packages/streamlit/watcher/local_sources_watcher.py", line 327, in <lambda>
    if hasattr(m, "__path__")
       ^^^^^^^^^^^^^^^^^^^^^^
  File "/Users/win-win/Documents/workspace-tbs/UIT/Python-ML/uit-vietnamese-mrc/.venv/lib/python3.12/site-packages/transformers/__init__.py", line 867, in _getattr
    return getattr(importlib.import_module(target, __name__), name)
                   ^^^^^^^^^^^^^^^^^^^^^^^^^^^^^^^^^^^^^^^^^
  File "/Users/win-win/.local/share/uv/python/cpython-3.12.13-macos-aarch64-none/lib/python3.12/importlib/__init__.py", line 90, in import_module
    return _bootstrap._gcd_import(name[level:], package, level)
           ^^^^^^^^^^^^^^^^^^^^^^^^^^^^^^^^^^^^^^^^^^^^^^^^^^^^
  File "<frozen importlib._bootstrap>", line 1387, in _gcd_import
  File "<frozen importlib._bootstrap>", line 1360, in _find_and_load
  File "<frozen importlib._bootstrap>", line 1331, in _find_and_load_unlocked
  File "<frozen importlib._bootstrap>", line 935, in _load_unlocked
  File "<frozen importlib._bootstrap_external>", line 999, in exec_module
  File "<frozen importlib._bootstrap>", line 488, in _call_with_frames_removed
  File "/Users/win-win/Documents/workspace-tbs/UIT/Python-ML/uit-vietnamese-mrc/.venv/lib/python3.12/site-packages/transformers/models/glm5_next/image_processing_glm5_next.py", line 24, in <module>
    from torchvision.transforms.v2 import functional as tvF
ModuleNotFoundError: No module named 'torchvision'
2026-09-12 20:27:47.831 Examining the path of transformers.models.glm_image.image_processing_glm_image_fast raised:
Traceback (most recent call last):
  File "/Users/win-win/Documents/workspace-tbs/UIT/Python-ML/uit-vietnamese-mrc/.venv/lib/python3.12/site-packages/streamlit/watcher/local_sources_watcher.py", line 340, in get_module_paths
    potential_paths = extract_paths(module)
                      ^^^^^^^^^^^^^^^^^^^^^
  File "/Users/win-win/Documents/workspace-tbs/UIT/Python-ML/uit-vietnamese-mrc/.venv/lib/python3.12/site-packages/streamlit/watcher/local_sources_watcher.py", line 327, in <lambda>
    if hasattr(m, "__path__")
       ^^^^^^^^^^^^^^^^^^^^^^
  File "/Users/win-win/Documents/workspace-tbs/UIT/Python-ML/uit-vietnamese-mrc/.venv/lib/python3.12/site-packages/transformers/__init__.py", line 867, in _getattr
    return getattr(importlib.import_module(target, __name__), name)
                   ^^^^^^^^^^^^^^^^^^^^^^^^^^^^^^^^^^^^^^^^^
  File "/Users/win-win/.local/share/uv/python/cpython-3.12.13-macos-aarch64-none/lib/python3.12/importlib/__init__.py", line 90, in import_module
    return _bootstrap._gcd_import(name[level:], package, level)
           ^^^^^^^^^^^^^^^^^^^^^^^^^^^^^^^^^^^^^^^^^^^^^^^^^^^^
  File "<frozen importlib._bootstrap>", line 1387, in _gcd_import
  File "<frozen importlib._bootstrap>", line 1360, in _find_and_load
  File "<frozen importlib._bootstrap>", line 1331, in _find_and_load_unlocked
  File "<frozen importlib._bootstrap>", line 935, in _load_unlocked
  File "<frozen importlib._bootstrap_external>", line 999, in exec_module
  File "<frozen importlib._bootstrap>", line 488, in _call_with_frames_removed
  File "/Users/win-win/Documents/workspace-tbs/UIT/Python-ML/uit-vietnamese-mrc/.venv/lib/python3.12/site-packages/transformers/models/glm_image/image_processing_glm_image.py", line 25, in <module>
    from torchvision.transforms.v2 import functional as tvF
ModuleNotFoundError: No module named 'torchvision'
2026-09-12 20:27:47.831 Examining the path of transformers.models.glmga.image_processing_glmga_fast raised:
Traceback (most recent call last):
  File "/Users/win-win/Documents/workspace-tbs/UIT/Python-ML/uit-vietnamese-mrc/.venv/lib/python3.12/site-packages/streamlit/watcher/local_sources_watcher.py", line 340, in get_module_paths
    potential_paths = extract_paths(module)
                      ^^^^^^^^^^^^^^^^^^^^^
  File "/Users/win-win/Documents/workspace-tbs/UIT/Python-ML/uit-vietnamese-mrc/.venv/lib/python3.12/site-packages/streamlit/watcher/local_sources_watcher.py", line 327, in <lambda>
    if hasattr(m, "__path__")
       ^^^^^^^^^^^^^^^^^^^^^^
  File "/Users/win-win/Documents/workspace-tbs/UIT/Python-ML/uit-vietnamese-mrc/.venv/lib/python3.12/site-packages/transformers/__init__.py", line 867, in _getattr
    return getattr(importlib.import_module(target, __name__), name)
                   ^^^^^^^^^^^^^^^^^^^^^^^^^^^^^^^^^^^^^^^^^
  File "/Users/win-win/.local/share/uv/python/cpython-3.12.13-macos-aarch64-none/lib/python3.12/importlib/__init__.py", line 90, in import_module
    return _bootstrap._gcd_import(name[level:], package, level)
           ^^^^^^^^^^^^^^^^^^^^^^^^^^^^^^^^^^^^^^^^^^^^^^^^^^^^
  File "<frozen importlib._bootstrap>", line 1387, in _gcd_import
  File "<frozen importlib._bootstrap>", line 1360, in _find_and_load
  File "<frozen importlib._bootstrap>", line 1331, in _find_and_load_unlocked
  File "<frozen importlib._bootstrap>", line 935, in _load_unlocked
  File "<frozen importlib._bootstrap_external>", line 999, in exec_module
  File "<frozen importlib._bootstrap>", line 488, in _call_with_frames_removed
  File "/Users/win-win/Documents/workspace-tbs/UIT/Python-ML/uit-vietnamese-mrc/.venv/lib/python3.12/site-packages/transformers/models/glmga/image_processing_glmga.py", line 24, in <module>
    from torchvision.transforms.v2 import functional as tvF
ModuleNotFoundError: No module named 'torchvision'
2026-09-12 20:27:47.831 Examining the path of transformers.models.glpn.image_processing_glpn_fast raised:
Traceback (most recent call last):
  File "/Users/win-win/Documents/workspace-tbs/UIT/Python-ML/uit-vietnamese-mrc/.venv/lib/python3.12/site-packages/streamlit/watcher/local_sources_watcher.py", line 340, in get_module_paths
    potential_paths = extract_paths(module)
                      ^^^^^^^^^^^^^^^^^^^^^
  File "/Users/win-win/Documents/workspace-tbs/UIT/Python-ML/uit-vietnamese-mrc/.venv/lib/python3.12/site-packages/streamlit/watcher/local_sources_watcher.py", line 327, in <lambda>
    if hasattr(m, "__path__")
       ^^^^^^^^^^^^^^^^^^^^^^
  File "/Users/win-win/Documents/workspace-tbs/UIT/Python-ML/uit-vietnamese-mrc/.venv/lib/python3.12/site-packages/transformers/__init__.py", line 867, in _getattr
    return getattr(importlib.import_module(target, __name__), name)
                   ^^^^^^^^^^^^^^^^^^^^^^^^^^^^^^^^^^^^^^^^^
  File "/Users/win-win/.local/share/uv/python/cpython-3.12.13-macos-aarch64-none/lib/python3.12/importlib/__init__.py", line 90, in import_module
    return _bootstrap._gcd_import(name[level:], package, level)
           ^^^^^^^^^^^^^^^^^^^^^^^^^^^^^^^^^^^^^^^^^^^^^^^^^^^^
  File "<frozen importlib._bootstrap>", line 1387, in _gcd_import
  File "<frozen importlib._bootstrap>", line 1360, in _find_and_load
  File "<frozen importlib._bootstrap>", line 1331, in _find_and_load_unlocked
  File "<frozen importlib._bootstrap>", line 935, in _load_unlocked
  File "<frozen importlib._bootstrap_external>", line 999, in exec_module
  File "<frozen importlib._bootstrap>", line 488, in _call_with_frames_removed
  File "/Users/win-win/Documents/workspace-tbs/UIT/Python-ML/uit-vietnamese-mrc/.venv/lib/python3.12/site-packages/transformers/models/glpn/image_processing_glpn.py", line 34, in <module>
    from torchvision.transforms.v2 import functional as tvF
ModuleNotFoundError: No module named 'torchvision'
2026-09-12 20:27:47.832 Examining the path of transformers.models.got_ocr2.image_processing_got_ocr2_fast raised:
Traceback (most recent call last):
  File "/Users/win-win/Documents/workspace-tbs/UIT/Python-ML/uit-vietnamese-mrc/.venv/lib/python3.12/site-packages/streamlit/watcher/local_sources_watcher.py", line 340, in get_module_paths
    potential_paths = extract_paths(module)
                      ^^^^^^^^^^^^^^^^^^^^^
  File "/Users/win-win/Documents/workspace-tbs/UIT/Python-ML/uit-vietnamese-mrc/.venv/lib/python3.12/site-packages/streamlit/watcher/local_sources_watcher.py", line 327, in <lambda>
    if hasattr(m, "__path__")
       ^^^^^^^^^^^^^^^^^^^^^^
  File "/Users/win-win/Documents/workspace-tbs/UIT/Python-ML/uit-vietnamese-mrc/.venv/lib/python3.12/site-packages/transformers/__init__.py", line 867, in _getattr
    return getattr(importlib.import_module(target, __name__), name)
                   ^^^^^^^^^^^^^^^^^^^^^^^^^^^^^^^^^^^^^^^^^
  File "/Users/win-win/.local/share/uv/python/cpython-3.12.13-macos-aarch64-none/lib/python3.12/importlib/__init__.py", line 90, in import_module
    return _bootstrap._gcd_import(name[level:], package, level)
           ^^^^^^^^^^^^^^^^^^^^^^^^^^^^^^^^^^^^^^^^^^^^^^^^^^^^
  File "<frozen importlib._bootstrap>", line 1387, in _gcd_import
  File "<frozen importlib._bootstrap>", line 1360, in _find_and_load
  File "<frozen importlib._bootstrap>", line 1331, in _find_and_load_unlocked
  File "<frozen importlib._bootstrap>", line 935, in _load_unlocked
  File "<frozen importlib._bootstrap_external>", line 999, in exec_module
  File "<frozen importlib._bootstrap>", line 488, in _call_with_frames_removed
  File "/Users/win-win/Documents/workspace-tbs/UIT/Python-ML/uit-vietnamese-mrc/.venv/lib/python3.12/site-packages/transformers/models/got_ocr2/image_processing_got_ocr2.py", line 19, in <module>
    from torchvision.transforms.v2 import functional as tvF
ModuleNotFoundError: No module named 'torchvision'
2026-09-12 20:27:47.832 Examining the path of transformers.models.grounding_dino.image_processing_grounding_dino_fast raised:
Traceback (most recent call last):
  File "/Users/win-win/Documents/workspace-tbs/UIT/Python-ML/uit-vietnamese-mrc/.venv/lib/python3.12/site-packages/streamlit/watcher/local_sources_watcher.py", line 340, in get_module_paths
    potential_paths = extract_paths(module)
                      ^^^^^^^^^^^^^^^^^^^^^
  File "/Users/win-win/Documents/workspace-tbs/UIT/Python-ML/uit-vietnamese-mrc/.venv/lib/python3.12/site-packages/streamlit/watcher/local_sources_watcher.py", line 327, in <lambda>
    if hasattr(m, "__path__")
       ^^^^^^^^^^^^^^^^^^^^^^
  File "/Users/win-win/Documents/workspace-tbs/UIT/Python-ML/uit-vietnamese-mrc/.venv/lib/python3.12/site-packages/transformers/__init__.py", line 867, in _getattr
    return getattr(importlib.import_module(target, __name__), name)
                   ^^^^^^^^^^^^^^^^^^^^^^^^^^^^^^^^^^^^^^^^^
  File "/Users/win-win/.local/share/uv/python/cpython-3.12.13-macos-aarch64-none/lib/python3.12/importlib/__init__.py", line 90, in import_module
    return _bootstrap._gcd_import(name[level:], package, level)
           ^^^^^^^^^^^^^^^^^^^^^^^^^^^^^^^^^^^^^^^^^^^^^^^^^^^^
  File "<frozen importlib._bootstrap>", line 1387, in _gcd_import
  File "<frozen importlib._bootstrap>", line 1360, in _find_and_load
  File "<frozen importlib._bootstrap>", line 1331, in _find_and_load_unlocked
  File "<frozen importlib._bootstrap>", line 935, in _load_unlocked
  File "<frozen importlib._bootstrap_external>", line 999, in exec_module
  File "<frozen importlib._bootstrap>", line 488, in _call_with_frames_removed
  File "/Users/win-win/Documents/workspace-tbs/UIT/Python-ML/uit-vietnamese-mrc/.venv/lib/python3.12/site-packages/transformers/models/grounding_dino/image_processing_grounding_dino.py", line 30, in <module>
    from torchvision.io import read_image
ModuleNotFoundError: No module named 'torchvision'
2026-09-12 20:27:47.833 Examining the path of transformers.models.hunyuan_vl.image_processing_hunyuan_vl_fast raised:
Traceback (most recent call last):
  File "/Users/win-win/Documents/workspace-tbs/UIT/Python-ML/uit-vietnamese-mrc/.venv/lib/python3.12/site-packages/streamlit/watcher/local_sources_watcher.py", line 340, in get_module_paths
    potential_paths = extract_paths(module)
                      ^^^^^^^^^^^^^^^^^^^^^
  File "/Users/win-win/Documents/workspace-tbs/UIT/Python-ML/uit-vietnamese-mrc/.venv/lib/python3.12/site-packages/streamlit/watcher/local_sources_watcher.py", line 327, in <lambda>
    if hasattr(m, "__path__")
       ^^^^^^^^^^^^^^^^^^^^^^
  File "/Users/win-win/Documents/workspace-tbs/UIT/Python-ML/uit-vietnamese-mrc/.venv/lib/python3.12/site-packages/transformers/__init__.py", line 867, in _getattr
    return getattr(importlib.import_module(target, __name__), name)
                   ^^^^^^^^^^^^^^^^^^^^^^^^^^^^^^^^^^^^^^^^^
  File "/Users/win-win/.local/share/uv/python/cpython-3.12.13-macos-aarch64-none/lib/python3.12/importlib/__init__.py", line 90, in import_module
    return _bootstrap._gcd_import(name[level:], package, level)
           ^^^^^^^^^^^^^^^^^^^^^^^^^^^^^^^^^^^^^^^^^^^^^^^^^^^^
  File "<frozen importlib._bootstrap>", line 1387, in _gcd_import
  File "<frozen importlib._bootstrap>", line 1360, in _find_and_load
  File "<frozen importlib._bootstrap>", line 1331, in _find_and_load_unlocked
  File "<frozen importlib._bootstrap>", line 935, in _load_unlocked
  File "<frozen importlib._bootstrap_external>", line 999, in exec_module
  File "<frozen importlib._bootstrap>", line 488, in _call_with_frames_removed
  File "/Users/win-win/Documents/workspace-tbs/UIT/Python-ML/uit-vietnamese-mrc/.venv/lib/python3.12/site-packages/transformers/models/hunyuan_vl/image_processing_hunyuan_vl.py", line 25, in <module>
    from torchvision.transforms.v2 import functional as tvF
ModuleNotFoundError: No module named 'torchvision'
2026-09-12 20:27:47.833 Examining the path of transformers.models.idefics2.image_processing_idefics2_fast raised:
Traceback (most recent call last):
  File "/Users/win-win/Documents/workspace-tbs/UIT/Python-ML/uit-vietnamese-mrc/.venv/lib/python3.12/site-packages/streamlit/watcher/local_sources_watcher.py", line 340, in get_module_paths
    potential_paths = extract_paths(module)
                      ^^^^^^^^^^^^^^^^^^^^^
  File "/Users/win-win/Documents/workspace-tbs/UIT/Python-ML/uit-vietnamese-mrc/.venv/lib/python3.12/site-packages/streamlit/watcher/local_sources_watcher.py", line 327, in <lambda>
    if hasattr(m, "__path__")
       ^^^^^^^^^^^^^^^^^^^^^^
  File "/Users/win-win/Documents/workspace-tbs/UIT/Python-ML/uit-vietnamese-mrc/.venv/lib/python3.12/site-packages/transformers/__init__.py", line 867, in _getattr
    return getattr(importlib.import_module(target, __name__), name)
                   ^^^^^^^^^^^^^^^^^^^^^^^^^^^^^^^^^^^^^^^^^
  File "/Users/win-win/.local/share/uv/python/cpython-3.12.13-macos-aarch64-none/lib/python3.12/importlib/__init__.py", line 90, in import_module
    return _bootstrap._gcd_import(name[level:], package, level)
           ^^^^^^^^^^^^^^^^^^^^^^^^^^^^^^^^^^^^^^^^^^^^^^^^^^^^
  File "<frozen importlib._bootstrap>", line 1387, in _gcd_import
  File "<frozen importlib._bootstrap>", line 1360, in _find_and_load
  File "<frozen importlib._bootstrap>", line 1331, in _find_and_load_unlocked
  File "<frozen importlib._bootstrap>", line 935, in _load_unlocked
  File "<frozen importlib._bootstrap_external>", line 999, in exec_module
  File "<frozen importlib._bootstrap>", line 488, in _call_with_frames_removed
  File "/Users/win-win/Documents/workspace-tbs/UIT/Python-ML/uit-vietnamese-mrc/.venv/lib/python3.12/site-packages/transformers/models/idefics2/image_processing_idefics2.py", line 37, in <module>
    from torchvision.transforms.v2 import functional as tvF
ModuleNotFoundError: No module named 'torchvision'
2026-09-12 20:27:47.833 Examining the path of transformers.models.idefics3.image_processing_idefics3_fast raised:
Traceback (most recent call last):
  File "/Users/win-win/Documents/workspace-tbs/UIT/Python-ML/uit-vietnamese-mrc/.venv/lib/python3.12/site-packages/streamlit/watcher/local_sources_watcher.py", line 340, in get_module_paths
    potential_paths = extract_paths(module)
                      ^^^^^^^^^^^^^^^^^^^^^
  File "/Users/win-win/Documents/workspace-tbs/UIT/Python-ML/uit-vietnamese-mrc/.venv/lib/python3.12/site-packages/streamlit/watcher/local_sources_watcher.py", line 327, in <lambda>
    if hasattr(m, "__path__")
       ^^^^^^^^^^^^^^^^^^^^^^
  File "/Users/win-win/Documents/workspace-tbs/UIT/Python-ML/uit-vietnamese-mrc/.venv/lib/python3.12/site-packages/transformers/__init__.py", line 867, in _getattr
    return getattr(importlib.import_module(target, __name__), name)
                   ^^^^^^^^^^^^^^^^^^^^^^^^^^^^^^^^^^^^^^^^^
  File "/Users/win-win/.local/share/uv/python/cpython-3.12.13-macos-aarch64-none/lib/python3.12/importlib/__init__.py", line 90, in import_module
    return _bootstrap._gcd_import(name[level:], package, level)
           ^^^^^^^^^^^^^^^^^^^^^^^^^^^^^^^^^^^^^^^^^^^^^^^^^^^^
  File "<frozen importlib._bootstrap>", line 1387, in _gcd_import
  File "<frozen importlib._bootstrap>", line 1360, in _find_and_load
  File "<frozen importlib._bootstrap>", line 1331, in _find_and_load_unlocked
  File "<frozen importlib._bootstrap>", line 935, in _load_unlocked
  File "<frozen importlib._bootstrap_external>", line 999, in exec_module
  File "<frozen importlib._bootstrap>", line 488, in _call_with_frames_removed
  File "/Users/win-win/Documents/workspace-tbs/UIT/Python-ML/uit-vietnamese-mrc/.venv/lib/python3.12/site-packages/transformers/models/idefics3/image_processing_idefics3.py", line 20, in <module>
    from torchvision.transforms.v2 import functional as tvF
ModuleNotFoundError: No module named 'torchvision'
2026-09-12 20:27:47.834 Examining the path of transformers.models.imagegpt.image_processing_imagegpt_fast raised:
Traceback (most recent call last):
  File "/Users/win-win/Documents/workspace-tbs/UIT/Python-ML/uit-vietnamese-mrc/.venv/lib/python3.12/site-packages/streamlit/watcher/local_sources_watcher.py", line 340, in get_module_paths
    potential_paths = extract_paths(module)
                      ^^^^^^^^^^^^^^^^^^^^^
  File "/Users/win-win/Documents/workspace-tbs/UIT/Python-ML/uit-vietnamese-mrc/.venv/lib/python3.12/site-packages/streamlit/watcher/local_sources_watcher.py", line 327, in <lambda>
    if hasattr(m, "__path__")
       ^^^^^^^^^^^^^^^^^^^^^^
  File "/Users/win-win/Documents/workspace-tbs/UIT/Python-ML/uit-vietnamese-mrc/.venv/lib/python3.12/site-packages/transformers/__init__.py", line 867, in _getattr
    return getattr(importlib.import_module(target, __name__), name)
                   ^^^^^^^^^^^^^^^^^^^^^^^^^^^^^^^^^^^^^^^^^
  File "/Users/win-win/.local/share/uv/python/cpython-3.12.13-macos-aarch64-none/lib/python3.12/importlib/__init__.py", line 90, in import_module
    return _bootstrap._gcd_import(name[level:], package, level)
           ^^^^^^^^^^^^^^^^^^^^^^^^^^^^^^^^^^^^^^^^^^^^^^^^^^^^
  File "<frozen importlib._bootstrap>", line 1387, in _gcd_import
  File "<frozen importlib._bootstrap>", line 1360, in _find_and_load
  File "<frozen importlib._bootstrap>", line 1331, in _find_and_load_unlocked
  File "<frozen importlib._bootstrap>", line 935, in _load_unlocked
  File "<frozen importlib._bootstrap_external>", line 999, in exec_module
  File "<frozen importlib._bootstrap>", line 488, in _call_with_frames_removed
  File "/Users/win-win/Documents/workspace-tbs/UIT/Python-ML/uit-vietnamese-mrc/.venv/lib/python3.12/site-packages/transformers/models/imagegpt/image_processing_imagegpt.py", line 20, in <module>
    from torchvision.transforms.v2 import functional as tvF
ModuleNotFoundError: No module named 'torchvision'
2026-09-12 20:27:47.834 Examining the path of transformers.models.inkling.image_processing_inkling_fast raised:
Traceback (most recent call last):
  File "/Users/win-win/Documents/workspace-tbs/UIT/Python-ML/uit-vietnamese-mrc/.venv/lib/python3.12/site-packages/streamlit/watcher/local_sources_watcher.py", line 340, in get_module_paths
    potential_paths = extract_paths(module)
                      ^^^^^^^^^^^^^^^^^^^^^
  File "/Users/win-win/Documents/workspace-tbs/UIT/Python-ML/uit-vietnamese-mrc/.venv/lib/python3.12/site-packages/streamlit/watcher/local_sources_watcher.py", line 327, in <lambda>
    if hasattr(m, "__path__")
       ^^^^^^^^^^^^^^^^^^^^^^
  File "/Users/win-win/Documents/workspace-tbs/UIT/Python-ML/uit-vietnamese-mrc/.venv/lib/python3.12/site-packages/transformers/__init__.py", line 867, in _getattr
    return getattr(importlib.import_module(target, __name__), name)
                   ^^^^^^^^^^^^^^^^^^^^^^^^^^^^^^^^^^^^^^^^^
  File "/Users/win-win/.local/share/uv/python/cpython-3.12.13-macos-aarch64-none/lib/python3.12/importlib/__init__.py", line 90, in import_module
    return _bootstrap._gcd_import(name[level:], package, level)
           ^^^^^^^^^^^^^^^^^^^^^^^^^^^^^^^^^^^^^^^^^^^^^^^^^^^^
  File "<frozen importlib._bootstrap>", line 1387, in _gcd_import
  File "<frozen importlib._bootstrap>", line 1360, in _find_and_load
  File "<frozen importlib._bootstrap>", line 1331, in _find_and_load_unlocked
  File "<frozen importlib._bootstrap>", line 935, in _load_unlocked
  File "<frozen importlib._bootstrap_external>", line 999, in exec_module
  File "<frozen importlib._bootstrap>", line 488, in _call_with_frames_removed
  File "/Users/win-win/Documents/workspace-tbs/UIT/Python-ML/uit-vietnamese-mrc/.venv/lib/python3.12/site-packages/transformers/models/inkling/image_processing_inkling.py", line 19, in <module>
    from torchvision.transforms.v2 import functional as tvF
ModuleNotFoundError: No module named 'torchvision'
2026-09-12 20:27:47.834 Examining the path of transformers.models.janus.image_processing_janus_fast raised:
Traceback (most recent call last):
  File "/Users/win-win/Documents/workspace-tbs/UIT/Python-ML/uit-vietnamese-mrc/.venv/lib/python3.12/site-packages/streamlit/watcher/local_sources_watcher.py", line 340, in get_module_paths
    potential_paths = extract_paths(module)
                      ^^^^^^^^^^^^^^^^^^^^^
  File "/Users/win-win/Documents/workspace-tbs/UIT/Python-ML/uit-vietnamese-mrc/.venv/lib/python3.12/site-packages/streamlit/watcher/local_sources_watcher.py", line 327, in <lambda>
    if hasattr(m, "__path__")
       ^^^^^^^^^^^^^^^^^^^^^^
  File "/Users/win-win/Documents/workspace-tbs/UIT/Python-ML/uit-vietnamese-mrc/.venv/lib/python3.12/site-packages/transformers/__init__.py", line 867, in _getattr
    return getattr(importlib.import_module(target, __name__), name)
                   ^^^^^^^^^^^^^^^^^^^^^^^^^^^^^^^^^^^^^^^^^
  File "/Users/win-win/.local/share/uv/python/cpython-3.12.13-macos-aarch64-none/lib/python3.12/importlib/__init__.py", line 90, in import_module
    return _bootstrap._gcd_import(name[level:], package, level)
           ^^^^^^^^^^^^^^^^^^^^^^^^^^^^^^^^^^^^^^^^^^^^^^^^^^^^
  File "<frozen importlib._bootstrap>", line 1387, in _gcd_import
  File "<frozen importlib._bootstrap>", line 1360, in _find_and_load
  File "<frozen importlib._bootstrap>", line 1331, in _find_and_load_unlocked
  File "<frozen importlib._bootstrap>", line 935, in _load_unlocked
  File "<frozen importlib._bootstrap_external>", line 999, in exec_module
  File "<frozen importlib._bootstrap>", line 488, in _call_with_frames_removed
  File "/Users/win-win/Documents/workspace-tbs/UIT/Python-ML/uit-vietnamese-mrc/.venv/lib/python3.12/site-packages/transformers/models/janus/image_processing_janus.py", line 17, in <module>
    import torchvision.transforms.v2.functional as tvF
ModuleNotFoundError: No module named 'torchvision'
2026-09-12 20:27:47.835 Examining the path of transformers.models.kimi_k25.image_processing_kimi_k25_fast raised:
Traceback (most recent call last):
  File "/Users/win-win/Documents/workspace-tbs/UIT/Python-ML/uit-vietnamese-mrc/.venv/lib/python3.12/site-packages/streamlit/watcher/local_sources_watcher.py", line 340, in get_module_paths
    potential_paths = extract_paths(module)
                      ^^^^^^^^^^^^^^^^^^^^^
  File "/Users/win-win/Documents/workspace-tbs/UIT/Python-ML/uit-vietnamese-mrc/.venv/lib/python3.12/site-packages/streamlit/watcher/local_sources_watcher.py", line 327, in <lambda>
    if hasattr(m, "__path__")
       ^^^^^^^^^^^^^^^^^^^^^^
  File "/Users/win-win/Documents/workspace-tbs/UIT/Python-ML/uit-vietnamese-mrc/.venv/lib/python3.12/site-packages/transformers/__init__.py", line 867, in _getattr
    return getattr(importlib.import_module(target, __name__), name)
                   ^^^^^^^^^^^^^^^^^^^^^^^^^^^^^^^^^^^^^^^^^
  File "/Users/win-win/.local/share/uv/python/cpython-3.12.13-macos-aarch64-none/lib/python3.12/importlib/__init__.py", line 90, in import_module
    return _bootstrap._gcd_import(name[level:], package, level)
           ^^^^^^^^^^^^^^^^^^^^^^^^^^^^^^^^^^^^^^^^^^^^^^^^^^^^
  File "<frozen importlib._bootstrap>", line 1387, in _gcd_import
  File "<frozen importlib._bootstrap>", line 1360, in _find_and_load
  File "<frozen importlib._bootstrap>", line 1331, in _find_and_load_unlocked
  File "<frozen importlib._bootstrap>", line 935, in _load_unlocked
  File "<frozen importlib._bootstrap_external>", line 999, in exec_module
  File "<frozen importlib._bootstrap>", line 488, in _call_with_frames_removed
  File "/Users/win-win/Documents/workspace-tbs/UIT/Python-ML/uit-vietnamese-mrc/.venv/lib/python3.12/site-packages/transformers/models/kimi_k25/image_processing_kimi_k25.py", line 19, in <module>
    from torchvision.transforms.v2 import functional as tvF
ModuleNotFoundError: No module named 'torchvision'
2026-09-12 20:27:47.835 Examining the path of transformers.models.layoutlmv2.image_processing_layoutlmv2_fast raised:
Traceback (most recent call last):
  File "/Users/win-win/Documents/workspace-tbs/UIT/Python-ML/uit-vietnamese-mrc/.venv/lib/python3.12/site-packages/streamlit/watcher/local_sources_watcher.py", line 340, in get_module_paths
    potential_paths = extract_paths(module)
                      ^^^^^^^^^^^^^^^^^^^^^
  File "/Users/win-win/Documents/workspace-tbs/UIT/Python-ML/uit-vietnamese-mrc/.venv/lib/python3.12/site-packages/streamlit/watcher/local_sources_watcher.py", line 327, in <lambda>
    if hasattr(m, "__path__")
       ^^^^^^^^^^^^^^^^^^^^^^
  File "/Users/win-win/Documents/workspace-tbs/UIT/Python-ML/uit-vietnamese-mrc/.venv/lib/python3.12/site-packages/transformers/__init__.py", line 867, in _getattr
    return getattr(importlib.import_module(target, __name__), name)
                   ^^^^^^^^^^^^^^^^^^^^^^^^^^^^^^^^^^^^^^^^^
  File "/Users/win-win/.local/share/uv/python/cpython-3.12.13-macos-aarch64-none/lib/python3.12/importlib/__init__.py", line 90, in import_module
    return _bootstrap._gcd_import(name[level:], package, level)
           ^^^^^^^^^^^^^^^^^^^^^^^^^^^^^^^^^^^^^^^^^^^^^^^^^^^^
  File "<frozen importlib._bootstrap>", line 1387, in _gcd_import
  File "<frozen importlib._bootstrap>", line 1360, in _find_and_load
  File "<frozen importlib._bootstrap>", line 1331, in _find_and_load_unlocked
  File "<frozen importlib._bootstrap>", line 935, in _load_unlocked
  File "<frozen importlib._bootstrap_external>", line 999, in exec_module
  File "<frozen importlib._bootstrap>", line 488, in _call_with_frames_removed
  File "/Users/win-win/Documents/workspace-tbs/UIT/Python-ML/uit-vietnamese-mrc/.venv/lib/python3.12/site-packages/transformers/models/layoutlmv2/image_processing_layoutlmv2.py", line 36, in <module>
    from torchvision.transforms.v2 import functional as tvF
ModuleNotFoundError: No module named 'torchvision'
2026-09-12 20:27:47.836 Examining the path of transformers.models.layoutlmv3.image_processing_layoutlmv3_fast raised:
Traceback (most recent call last):
  File "/Users/win-win/Documents/workspace-tbs/UIT/Python-ML/uit-vietnamese-mrc/.venv/lib/python3.12/site-packages/streamlit/watcher/local_sources_watcher.py", line 340, in get_module_paths
    potential_paths = extract_paths(module)
                      ^^^^^^^^^^^^^^^^^^^^^
  File "/Users/win-win/Documents/workspace-tbs/UIT/Python-ML/uit-vietnamese-mrc/.venv/lib/python3.12/site-packages/streamlit/watcher/local_sources_watcher.py", line 327, in <lambda>
    if hasattr(m, "__path__")
       ^^^^^^^^^^^^^^^^^^^^^^
  File "/Users/win-win/Documents/workspace-tbs/UIT/Python-ML/uit-vietnamese-mrc/.venv/lib/python3.12/site-packages/transformers/__init__.py", line 867, in _getattr
    return getattr(importlib.import_module(target, __name__), name)
                   ^^^^^^^^^^^^^^^^^^^^^^^^^^^^^^^^^^^^^^^^^
  File "/Users/win-win/.local/share/uv/python/cpython-3.12.13-macos-aarch64-none/lib/python3.12/importlib/__init__.py", line 90, in import_module
    return _bootstrap._gcd_import(name[level:], package, level)
           ^^^^^^^^^^^^^^^^^^^^^^^^^^^^^^^^^^^^^^^^^^^^^^^^^^^^
  File "<frozen importlib._bootstrap>", line 1387, in _gcd_import
  File "<frozen importlib._bootstrap>", line 1360, in _find_and_load
  File "<frozen importlib._bootstrap>", line 1331, in _find_and_load_unlocked
  File "<frozen importlib._bootstrap>", line 935, in _load_unlocked
  File "<frozen importlib._bootstrap_external>", line 999, in exec_module
  File "<frozen importlib._bootstrap>", line 488, in _call_with_frames_removed
  File "/Users/win-win/Documents/workspace-tbs/UIT/Python-ML/uit-vietnamese-mrc/.venv/lib/python3.12/site-packages/transformers/models/layoutlmv3/image_processing_layoutlmv3.py", line 42, in <module>
    from torchvision.transforms.v2 import functional as tvF
ModuleNotFoundError: No module named 'torchvision'
2026-09-12 20:27:47.836 Examining the path of transformers.models.levit.image_processing_levit_fast raised:
Traceback (most recent call last):
  File "/Users/win-win/Documents/workspace-tbs/UIT/Python-ML/uit-vietnamese-mrc/.venv/lib/python3.12/site-packages/streamlit/watcher/local_sources_watcher.py", line 340, in get_module_paths
    potential_paths = extract_paths(module)
                      ^^^^^^^^^^^^^^^^^^^^^
  File "/Users/win-win/Documents/workspace-tbs/UIT/Python-ML/uit-vietnamese-mrc/.venv/lib/python3.12/site-packages/streamlit/watcher/local_sources_watcher.py", line 327, in <lambda>
    if hasattr(m, "__path__")
       ^^^^^^^^^^^^^^^^^^^^^^
  File "/Users/win-win/Documents/workspace-tbs/UIT/Python-ML/uit-vietnamese-mrc/.venv/lib/python3.12/site-packages/transformers/__init__.py", line 867, in _getattr
    return getattr(importlib.import_module(target, __name__), name)
                   ^^^^^^^^^^^^^^^^^^^^^^^^^^^^^^^^^^^^^^^^^
  File "/Users/win-win/.local/share/uv/python/cpython-3.12.13-macos-aarch64-none/lib/python3.12/importlib/__init__.py", line 90, in import_module
    return _bootstrap._gcd_import(name[level:], package, level)
           ^^^^^^^^^^^^^^^^^^^^^^^^^^^^^^^^^^^^^^^^^^^^^^^^^^^^
  File "<frozen importlib._bootstrap>", line 1387, in _gcd_import
  File "<frozen importlib._bootstrap>", line 1360, in _find_and_load
  File "<frozen importlib._bootstrap>", line 1331, in _find_and_load_unlocked
  File "<frozen importlib._bootstrap>", line 935, in _load_unlocked
  File "<frozen importlib._bootstrap_external>", line 999, in exec_module
  File "<frozen importlib._bootstrap>", line 488, in _call_with_frames_removed
  File "/Users/win-win/Documents/workspace-tbs/UIT/Python-ML/uit-vietnamese-mrc/.venv/lib/python3.12/site-packages/transformers/models/levit/image_processing_levit.py", line 17, in <module>
    from torchvision.transforms.v2 import functional as tvF
ModuleNotFoundError: No module named 'torchvision'
2026-09-12 20:27:47.836 Examining the path of transformers.models.lfm2_vl.image_processing_lfm2_vl_fast raised:
Traceback (most recent call last):
  File "/Users/win-win/Documents/workspace-tbs/UIT/Python-ML/uit-vietnamese-mrc/.venv/lib/python3.12/site-packages/streamlit/watcher/local_sources_watcher.py", line 340, in get_module_paths
    potential_paths = extract_paths(module)
                      ^^^^^^^^^^^^^^^^^^^^^
  File "/Users/win-win/Documents/workspace-tbs/UIT/Python-ML/uit-vietnamese-mrc/.venv/lib/python3.12/site-packages/streamlit/watcher/local_sources_watcher.py", line 327, in <lambda>
    if hasattr(m, "__path__")
       ^^^^^^^^^^^^^^^^^^^^^^
  File "/Users/win-win/Documents/workspace-tbs/UIT/Python-ML/uit-vietnamese-mrc/.venv/lib/python3.12/site-packages/transformers/__init__.py", line 867, in _getattr
    return getattr(importlib.import_module(target, __name__), name)
                   ^^^^^^^^^^^^^^^^^^^^^^^^^^^^^^^^^^^^^^^^^
  File "/Users/win-win/.local/share/uv/python/cpython-3.12.13-macos-aarch64-none/lib/python3.12/importlib/__init__.py", line 90, in import_module
    return _bootstrap._gcd_import(name[level:], package, level)
           ^^^^^^^^^^^^^^^^^^^^^^^^^^^^^^^^^^^^^^^^^^^^^^^^^^^^
  File "<frozen importlib._bootstrap>", line 1387, in _gcd_import
  File "<frozen importlib._bootstrap>", line 1360, in _find_and_load
  File "<frozen importlib._bootstrap>", line 1331, in _find_and_load_unlocked
  File "<frozen importlib._bootstrap>", line 935, in _load_unlocked
  File "<frozen importlib._bootstrap_external>", line 999, in exec_module
  File "<frozen importlib._bootstrap>", line 488, in _call_with_frames_removed
  File "/Users/win-win/Documents/workspace-tbs/UIT/Python-ML/uit-vietnamese-mrc/.venv/lib/python3.12/site-packages/transformers/models/lfm2_vl/image_processing_lfm2_vl.py", line 18, in <module>
    from torchvision.transforms.v2 import functional as tvF
ModuleNotFoundError: No module named 'torchvision'
2026-09-12 20:27:47.837 Examining the path of transformers.models.lightglue.image_processing_lightglue_fast raised:
Traceback (most recent call last):
  File "/Users/win-win/Documents/workspace-tbs/UIT/Python-ML/uit-vietnamese-mrc/.venv/lib/python3.12/site-packages/streamlit/watcher/local_sources_watcher.py", line 340, in get_module_paths
    potential_paths = extract_paths(module)
                      ^^^^^^^^^^^^^^^^^^^^^
  File "/Users/win-win/Documents/workspace-tbs/UIT/Python-ML/uit-vietnamese-mrc/.venv/lib/python3.12/site-packages/streamlit/watcher/local_sources_watcher.py", line 327, in <lambda>
    if hasattr(m, "__path__")
       ^^^^^^^^^^^^^^^^^^^^^^
  File "/Users/win-win/Documents/workspace-tbs/UIT/Python-ML/uit-vietnamese-mrc/.venv/lib/python3.12/site-packages/transformers/__init__.py", line 867, in _getattr
    return getattr(importlib.import_module(target, __name__), name)
                   ^^^^^^^^^^^^^^^^^^^^^^^^^^^^^^^^^^^^^^^^^
  File "/Users/win-win/.local/share/uv/python/cpython-3.12.13-macos-aarch64-none/lib/python3.12/importlib/__init__.py", line 90, in import_module
    return _bootstrap._gcd_import(name[level:], package, level)
           ^^^^^^^^^^^^^^^^^^^^^^^^^^^^^^^^^^^^^^^^^^^^^^^^^^^^
  File "<frozen importlib._bootstrap>", line 1387, in _gcd_import
  File "<frozen importlib._bootstrap>", line 1360, in _find_and_load
  File "<frozen importlib._bootstrap>", line 1331, in _find_and_load_unlocked
  File "<frozen importlib._bootstrap>", line 935, in _load_unlocked
  File "<frozen importlib._bootstrap_external>", line 999, in exec_module
  File "<frozen importlib._bootstrap>", line 488, in _call_with_frames_removed
  File "/Users/win-win/Documents/workspace-tbs/UIT/Python-ML/uit-vietnamese-mrc/.venv/lib/python3.12/site-packages/transformers/models/lightglue/image_processing_lightglue.py", line 24, in <module>
    from torchvision.transforms.v2 import functional as tvF
ModuleNotFoundError: No module named 'torchvision'
2026-09-12 20:27:47.837 Examining the path of transformers.models.llama4.image_processing_llama4_fast raised:
Traceback (most recent call last):
  File "/Users/win-win/Documents/workspace-tbs/UIT/Python-ML/uit-vietnamese-mrc/.venv/lib/python3.12/site-packages/streamlit/watcher/local_sources_watcher.py", line 340, in get_module_paths
    potential_paths = extract_paths(module)
                      ^^^^^^^^^^^^^^^^^^^^^
  File "/Users/win-win/Documents/workspace-tbs/UIT/Python-ML/uit-vietnamese-mrc/.venv/lib/python3.12/site-packages/streamlit/watcher/local_sources_watcher.py", line 327, in <lambda>
    if hasattr(m, "__path__")
       ^^^^^^^^^^^^^^^^^^^^^^
  File "/Users/win-win/Documents/workspace-tbs/UIT/Python-ML/uit-vietnamese-mrc/.venv/lib/python3.12/site-packages/transformers/__init__.py", line 867, in _getattr
    return getattr(importlib.import_module(target, __name__), name)
                   ^^^^^^^^^^^^^^^^^^^^^^^^^^^^^^^^^^^^^^^^^
  File "/Users/win-win/.local/share/uv/python/cpython-3.12.13-macos-aarch64-none/lib/python3.12/importlib/__init__.py", line 90, in import_module
    return _bootstrap._gcd_import(name[level:], package, level)
           ^^^^^^^^^^^^^^^^^^^^^^^^^^^^^^^^^^^^^^^^^^^^^^^^^^^^
  File "<frozen importlib._bootstrap>", line 1387, in _gcd_import
  File "<frozen importlib._bootstrap>", line 1360, in _find_and_load
  File "<frozen importlib._bootstrap>", line 1331, in _find_and_load_unlocked
  File "<frozen importlib._bootstrap>", line 935, in _load_unlocked
  File "<frozen importlib._bootstrap_external>", line 999, in exec_module
  File "<frozen importlib._bootstrap>", line 488, in _call_with_frames_removed
  File "/Users/win-win/Documents/workspace-tbs/UIT/Python-ML/uit-vietnamese-mrc/.venv/lib/python3.12/site-packages/transformers/models/llama4/image_processing_llama4.py", line 21, in <module>
    from torchvision.transforms.v2 import functional as tvF
ModuleNotFoundError: No module named 'torchvision'
2026-09-12 20:27:47.838 Examining the path of transformers.models.llava.image_processing_llava_fast raised:
Traceback (most recent call last):
  File "/Users/win-win/Documents/workspace-tbs/UIT/Python-ML/uit-vietnamese-mrc/.venv/lib/python3.12/site-packages/streamlit/watcher/local_sources_watcher.py", line 340, in get_module_paths
    potential_paths = extract_paths(module)
                      ^^^^^^^^^^^^^^^^^^^^^
  File "/Users/win-win/Documents/workspace-tbs/UIT/Python-ML/uit-vietnamese-mrc/.venv/lib/python3.12/site-packages/streamlit/watcher/local_sources_watcher.py", line 327, in <lambda>
    if hasattr(m, "__path__")
       ^^^^^^^^^^^^^^^^^^^^^^
  File "/Users/win-win/Documents/workspace-tbs/UIT/Python-ML/uit-vietnamese-mrc/.venv/lib/python3.12/site-packages/transformers/__init__.py", line 867, in _getattr
    return getattr(importlib.import_module(target, __name__), name)
                   ^^^^^^^^^^^^^^^^^^^^^^^^^^^^^^^^^^^^^^^^^
  File "/Users/win-win/.local/share/uv/python/cpython-3.12.13-macos-aarch64-none/lib/python3.12/importlib/__init__.py", line 90, in import_module
    return _bootstrap._gcd_import(name[level:], package, level)
           ^^^^^^^^^^^^^^^^^^^^^^^^^^^^^^^^^^^^^^^^^^^^^^^^^^^^
  File "<frozen importlib._bootstrap>", line 1387, in _gcd_import
  File "<frozen importlib._bootstrap>", line 1360, in _find_and_load
  File "<frozen importlib._bootstrap>", line 1331, in _find_and_load_unlocked
  File "<frozen importlib._bootstrap>", line 935, in _load_unlocked
  File "<frozen importlib._bootstrap_external>", line 999, in exec_module
  File "<frozen importlib._bootstrap>", line 488, in _call_with_frames_removed
  File "/Users/win-win/Documents/workspace-tbs/UIT/Python-ML/uit-vietnamese-mrc/.venv/lib/python3.12/site-packages/transformers/models/llava/image_processing_llava.py", line 19, in <module>
    from torchvision.transforms.v2 import functional as tvF
ModuleNotFoundError: No module named 'torchvision'
2026-09-12 20:27:47.838 Examining the path of transformers.models.llava_next.image_processing_llava_next_fast raised:
Traceback (most recent call last):
  File "/Users/win-win/Documents/workspace-tbs/UIT/Python-ML/uit-vietnamese-mrc/.venv/lib/python3.12/site-packages/streamlit/watcher/local_sources_watcher.py", line 340, in get_module_paths
    potential_paths = extract_paths(module)
                      ^^^^^^^^^^^^^^^^^^^^^
  File "/Users/win-win/Documents/workspace-tbs/UIT/Python-ML/uit-vietnamese-mrc/.venv/lib/python3.12/site-packages/streamlit/watcher/local_sources_watcher.py", line 327, in <lambda>
    if hasattr(m, "__path__")
       ^^^^^^^^^^^^^^^^^^^^^^
  File "/Users/win-win/Documents/workspace-tbs/UIT/Python-ML/uit-vietnamese-mrc/.venv/lib/python3.12/site-packages/transformers/__init__.py", line 867, in _getattr
    return getattr(importlib.import_module(target, __name__), name)
                   ^^^^^^^^^^^^^^^^^^^^^^^^^^^^^^^^^^^^^^^^^
  File "/Users/win-win/.local/share/uv/python/cpython-3.12.13-macos-aarch64-none/lib/python3.12/importlib/__init__.py", line 90, in import_module
    return _bootstrap._gcd_import(name[level:], package, level)
           ^^^^^^^^^^^^^^^^^^^^^^^^^^^^^^^^^^^^^^^^^^^^^^^^^^^^
  File "<frozen importlib._bootstrap>", line 1387, in _gcd_import
  File "<frozen importlib._bootstrap>", line 1360, in _find_and_load
  File "<frozen importlib._bootstrap>", line 1331, in _find_and_load_unlocked
  File "<frozen importlib._bootstrap>", line 935, in _load_unlocked
  File "<frozen importlib._bootstrap_external>", line 999, in exec_module
  File "<frozen importlib._bootstrap>", line 488, in _call_with_frames_removed
  File "/Users/win-win/Documents/workspace-tbs/UIT/Python-ML/uit-vietnamese-mrc/.venv/lib/python3.12/site-packages/transformers/models/llava_next/image_processing_llava_next.py", line 19, in <module>
    from torchvision.transforms.v2 import functional as tvF
ModuleNotFoundError: No module named 'torchvision'
2026-09-12 20:27:47.838 Examining the path of transformers.models.llava_onevision.image_processing_llava_onevision_fast raised:
Traceback (most recent call last):
  File "/Users/win-win/Documents/workspace-tbs/UIT/Python-ML/uit-vietnamese-mrc/.venv/lib/python3.12/site-packages/streamlit/watcher/local_sources_watcher.py", line 340, in get_module_paths
    potential_paths = extract_paths(module)
                      ^^^^^^^^^^^^^^^^^^^^^
  File "/Users/win-win/Documents/workspace-tbs/UIT/Python-ML/uit-vietnamese-mrc/.venv/lib/python3.12/site-packages/streamlit/watcher/local_sources_watcher.py", line 327, in <lambda>
    if hasattr(m, "__path__")
       ^^^^^^^^^^^^^^^^^^^^^^
  File "/Users/win-win/Documents/workspace-tbs/UIT/Python-ML/uit-vietnamese-mrc/.venv/lib/python3.12/site-packages/transformers/__init__.py", line 867, in _getattr
    return getattr(importlib.import_module(target, __name__), name)
                   ^^^^^^^^^^^^^^^^^^^^^^^^^^^^^^^^^^^^^^^^^
  File "/Users/win-win/.local/share/uv/python/cpython-3.12.13-macos-aarch64-none/lib/python3.12/importlib/__init__.py", line 90, in import_module
    return _bootstrap._gcd_import(name[level:], package, level)
           ^^^^^^^^^^^^^^^^^^^^^^^^^^^^^^^^^^^^^^^^^^^^^^^^^^^^
  File "<frozen importlib._bootstrap>", line 1387, in _gcd_import
  File "<frozen importlib._bootstrap>", line 1360, in _find_and_load
  File "<frozen importlib._bootstrap>", line 1331, in _find_and_load_unlocked
  File "<frozen importlib._bootstrap>", line 935, in _load_unlocked
  File "<frozen importlib._bootstrap_external>", line 999, in exec_module
  File "<frozen importlib._bootstrap>", line 488, in _call_with_frames_removed
  File "/Users/win-win/Documents/workspace-tbs/UIT/Python-ML/uit-vietnamese-mrc/.venv/lib/python3.12/site-packages/transformers/models/llava_onevision/image_processing_llava_onevision.py", line 24, in <module>
    import torchvision.transforms.v2.functional as tvF
ModuleNotFoundError: No module named 'torchvision'
2026-09-12 20:27:47.839 Examining the path of transformers.models.mask2former.image_processing_mask2former_fast raised:
Traceback (most recent call last):
  File "/Users/win-win/Documents/workspace-tbs/UIT/Python-ML/uit-vietnamese-mrc/.venv/lib/python3.12/site-packages/streamlit/watcher/local_sources_watcher.py", line 340, in get_module_paths
    potential_paths = extract_paths(module)
                      ^^^^^^^^^^^^^^^^^^^^^
  File "/Users/win-win/Documents/workspace-tbs/UIT/Python-ML/uit-vietnamese-mrc/.venv/lib/python3.12/site-packages/streamlit/watcher/local_sources_watcher.py", line 327, in <lambda>
    if hasattr(m, "__path__")
       ^^^^^^^^^^^^^^^^^^^^^^
  File "/Users/win-win/Documents/workspace-tbs/UIT/Python-ML/uit-vietnamese-mrc/.venv/lib/python3.12/site-packages/transformers/__init__.py", line 867, in _getattr
    return getattr(importlib.import_module(target, __name__), name)
                   ^^^^^^^^^^^^^^^^^^^^^^^^^^^^^^^^^^^^^^^^^
  File "/Users/win-win/.local/share/uv/python/cpython-3.12.13-macos-aarch64-none/lib/python3.12/importlib/__init__.py", line 90, in import_module
    return _bootstrap._gcd_import(name[level:], package, level)
           ^^^^^^^^^^^^^^^^^^^^^^^^^^^^^^^^^^^^^^^^^^^^^^^^^^^^
  File "<frozen importlib._bootstrap>", line 1387, in _gcd_import
  File "<frozen importlib._bootstrap>", line 1360, in _find_and_load
  File "<frozen importlib._bootstrap>", line 1331, in _find_and_load_unlocked
  File "<frozen importlib._bootstrap>", line 935, in _load_unlocked
  File "<frozen importlib._bootstrap_external>", line 999, in exec_module
  File "<frozen importlib._bootstrap>", line 488, in _call_with_frames_removed
  File "/Users/win-win/Documents/workspace-tbs/UIT/Python-ML/uit-vietnamese-mrc/.venv/lib/python3.12/site-packages/transformers/models/mask2former/image_processing_mask2former.py", line 27, in <module>
    from torchvision.transforms.v2 import functional as tvF
ModuleNotFoundError: No module named 'torchvision'
2026-09-12 20:27:47.839 Examining the path of transformers.models.maskformer.image_processing_maskformer_fast raised:
Traceback (most recent call last):
  File "/Users/win-win/Documents/workspace-tbs/UIT/Python-ML/uit-vietnamese-mrc/.venv/lib/python3.12/site-packages/streamlit/watcher/local_sources_watcher.py", line 340, in get_module_paths
    potential_paths = extract_paths(module)
                      ^^^^^^^^^^^^^^^^^^^^^
  File "/Users/win-win/Documents/workspace-tbs/UIT/Python-ML/uit-vietnamese-mrc/.venv/lib/python3.12/site-packages/streamlit/watcher/local_sources_watcher.py", line 327, in <lambda>
    if hasattr(m, "__path__")
       ^^^^^^^^^^^^^^^^^^^^^^
  File "/Users/win-win/Documents/workspace-tbs/UIT/Python-ML/uit-vietnamese-mrc/.venv/lib/python3.12/site-packages/transformers/__init__.py", line 867, in _getattr
    return getattr(importlib.import_module(target, __name__), name)
                   ^^^^^^^^^^^^^^^^^^^^^^^^^^^^^^^^^^^^^^^^^
  File "/Users/win-win/.local/share/uv/python/cpython-3.12.13-macos-aarch64-none/lib/python3.12/importlib/__init__.py", line 90, in import_module
    return _bootstrap._gcd_import(name[level:], package, level)
           ^^^^^^^^^^^^^^^^^^^^^^^^^^^^^^^^^^^^^^^^^^^^^^^^^^^^
  File "<frozen importlib._bootstrap>", line 1387, in _gcd_import
  File "<frozen importlib._bootstrap>", line 1360, in _find_and_load
  File "<frozen importlib._bootstrap>", line 1331, in _find_and_load_unlocked
  File "<frozen importlib._bootstrap>", line 935, in _load_unlocked
  File "<frozen importlib._bootstrap_external>", line 999, in exec_module
  File "<frozen importlib._bootstrap>", line 488, in _call_with_frames_removed
  File "/Users/win-win/Documents/workspace-tbs/UIT/Python-ML/uit-vietnamese-mrc/.venv/lib/python3.12/site-packages/transformers/models/maskformer/image_processing_maskformer.py", line 22, in <module>
    from torchvision.transforms.v2 import functional as tvF
ModuleNotFoundError: No module named 'torchvision'
2026-09-12 20:27:47.839 Examining the path of transformers.models.minimax_m3_vl.image_processing_minimax_m3_vl_fast raised:
Traceback (most recent call last):
  File "/Users/win-win/Documents/workspace-tbs/UIT/Python-ML/uit-vietnamese-mrc/.venv/lib/python3.12/site-packages/streamlit/watcher/local_sources_watcher.py", line 340, in get_module_paths
    potential_paths = extract_paths(module)
                      ^^^^^^^^^^^^^^^^^^^^^
  File "/Users/win-win/Documents/workspace-tbs/UIT/Python-ML/uit-vietnamese-mrc/.venv/lib/python3.12/site-packages/streamlit/watcher/local_sources_watcher.py", line 327, in <lambda>
    if hasattr(m, "__path__")
       ^^^^^^^^^^^^^^^^^^^^^^
  File "/Users/win-win/Documents/workspace-tbs/UIT/Python-ML/uit-vietnamese-mrc/.venv/lib/python3.12/site-packages/transformers/__init__.py", line 867, in _getattr
    return getattr(importlib.import_module(target, __name__), name)
                   ^^^^^^^^^^^^^^^^^^^^^^^^^^^^^^^^^^^^^^^^^
  File "/Users/win-win/.local/share/uv/python/cpython-3.12.13-macos-aarch64-none/lib/python3.12/importlib/__init__.py", line 90, in import_module
    return _bootstrap._gcd_import(name[level:], package, level)
           ^^^^^^^^^^^^^^^^^^^^^^^^^^^^^^^^^^^^^^^^^^^^^^^^^^^^
  File "<frozen importlib._bootstrap>", line 1387, in _gcd_import
  File "<frozen importlib._bootstrap>", line 1360, in _find_and_load
  File "<frozen importlib._bootstrap>", line 1331, in _find_and_load_unlocked
  File "<frozen importlib._bootstrap>", line 935, in _load_unlocked
  File "<frozen importlib._bootstrap_external>", line 999, in exec_module
  File "<frozen importlib._bootstrap>", line 488, in _call_with_frames_removed
  File "/Users/win-win/Documents/workspace-tbs/UIT/Python-ML/uit-vietnamese-mrc/.venv/lib/python3.12/site-packages/transformers/models/minimax_m3_vl/image_processing_minimax_m3_vl.py", line 25, in <module>
    from torchvision.transforms.v2 import functional as tvF
ModuleNotFoundError: No module named 'torchvision'
2026-09-12 20:27:47.840 Examining the path of transformers.models.mllama.image_processing_mllama_fast raised:
Traceback (most recent call last):
  File "/Users/win-win/Documents/workspace-tbs/UIT/Python-ML/uit-vietnamese-mrc/.venv/lib/python3.12/site-packages/streamlit/watcher/local_sources_watcher.py", line 340, in get_module_paths
    potential_paths = extract_paths(module)
                      ^^^^^^^^^^^^^^^^^^^^^
  File "/Users/win-win/Documents/workspace-tbs/UIT/Python-ML/uit-vietnamese-mrc/.venv/lib/python3.12/site-packages/streamlit/watcher/local_sources_watcher.py", line 327, in <lambda>
    if hasattr(m, "__path__")
       ^^^^^^^^^^^^^^^^^^^^^^
  File "/Users/win-win/Documents/workspace-tbs/UIT/Python-ML/uit-vietnamese-mrc/.venv/lib/python3.12/site-packages/transformers/__init__.py", line 867, in _getattr
    return getattr(importlib.import_module(target, __name__), name)
                   ^^^^^^^^^^^^^^^^^^^^^^^^^^^^^^^^^^^^^^^^^
  File "/Users/win-win/.local/share/uv/python/cpython-3.12.13-macos-aarch64-none/lib/python3.12/importlib/__init__.py", line 90, in import_module
    return _bootstrap._gcd_import(name[level:], package, level)
           ^^^^^^^^^^^^^^^^^^^^^^^^^^^^^^^^^^^^^^^^^^^^^^^^^^^^
  File "<frozen importlib._bootstrap>", line 1387, in _gcd_import
  File "<frozen importlib._bootstrap>", line 1360, in _find_and_load
  File "<frozen importlib._bootstrap>", line 1331, in _find_and_load_unlocked
  File "<frozen importlib._bootstrap>", line 935, in _load_unlocked
  File "<frozen importlib._bootstrap_external>", line 999, in exec_module
  File "<frozen importlib._bootstrap>", line 488, in _call_with_frames_removed
  File "/Users/win-win/Documents/workspace-tbs/UIT/Python-ML/uit-vietnamese-mrc/.venv/lib/python3.12/site-packages/transformers/models/mllama/image_processing_mllama.py", line 40, in <module>
    from torchvision.transforms.v2 import functional as tvF
ModuleNotFoundError: No module named 'torchvision'
2026-09-12 20:27:47.840 Examining the path of transformers.models.mobilenet_v2.image_processing_mobilenet_v2_fast raised:
Traceback (most recent call last):
  File "/Users/win-win/Documents/workspace-tbs/UIT/Python-ML/uit-vietnamese-mrc/.venv/lib/python3.12/site-packages/streamlit/watcher/local_sources_watcher.py", line 340, in get_module_paths
    potential_paths = extract_paths(module)
                      ^^^^^^^^^^^^^^^^^^^^^
  File "/Users/win-win/Documents/workspace-tbs/UIT/Python-ML/uit-vietnamese-mrc/.venv/lib/python3.12/site-packages/streamlit/watcher/local_sources_watcher.py", line 327, in <lambda>
    if hasattr(m, "__path__")
       ^^^^^^^^^^^^^^^^^^^^^^
  File "/Users/win-win/Documents/workspace-tbs/UIT/Python-ML/uit-vietnamese-mrc/.venv/lib/python3.12/site-packages/transformers/__init__.py", line 867, in _getattr
    return getattr(importlib.import_module(target, __name__), name)
                   ^^^^^^^^^^^^^^^^^^^^^^^^^^^^^^^^^^^^^^^^^
  File "/Users/win-win/.local/share/uv/python/cpython-3.12.13-macos-aarch64-none/lib/python3.12/importlib/__init__.py", line 90, in import_module
    return _bootstrap._gcd_import(name[level:], package, level)
           ^^^^^^^^^^^^^^^^^^^^^^^^^^^^^^^^^^^^^^^^^^^^^^^^^^^^
  File "<frozen importlib._bootstrap>", line 1387, in _gcd_import
  File "<frozen importlib._bootstrap>", line 1360, in _find_and_load
  File "<frozen importlib._bootstrap>", line 1331, in _find_and_load_unlocked
  File "<frozen importlib._bootstrap>", line 935, in _load_unlocked
  File "<frozen importlib._bootstrap_external>", line 999, in exec_module
  File "<frozen importlib._bootstrap>", line 488, in _call_with_frames_removed
  File "/Users/win-win/Documents/workspace-tbs/UIT/Python-ML/uit-vietnamese-mrc/.venv/lib/python3.12/site-packages/transformers/models/mobilenet_v2/image_processing_mobilenet_v2.py", line 19, in <module>
    from torchvision.transforms.v2 import functional as tvF
ModuleNotFoundError: No module named 'torchvision'
2026-09-12 20:27:47.841 Examining the path of transformers.models.mobilevit.image_processing_mobilevit_fast raised:
Traceback (most recent call last):
  File "/Users/win-win/Documents/workspace-tbs/UIT/Python-ML/uit-vietnamese-mrc/.venv/lib/python3.12/site-packages/streamlit/watcher/local_sources_watcher.py", line 340, in get_module_paths
    potential_paths = extract_paths(module)
                      ^^^^^^^^^^^^^^^^^^^^^
  File "/Users/win-win/Documents/workspace-tbs/UIT/Python-ML/uit-vietnamese-mrc/.venv/lib/python3.12/site-packages/streamlit/watcher/local_sources_watcher.py", line 327, in <lambda>
    if hasattr(m, "__path__")
       ^^^^^^^^^^^^^^^^^^^^^^
  File "/Users/win-win/Documents/workspace-tbs/UIT/Python-ML/uit-vietnamese-mrc/.venv/lib/python3.12/site-packages/transformers/__init__.py", line 867, in _getattr
    return getattr(importlib.import_module(target, __name__), name)
                   ^^^^^^^^^^^^^^^^^^^^^^^^^^^^^^^^^^^^^^^^^
  File "/Users/win-win/.local/share/uv/python/cpython-3.12.13-macos-aarch64-none/lib/python3.12/importlib/__init__.py", line 90, in import_module
    return _bootstrap._gcd_import(name[level:], package, level)
           ^^^^^^^^^^^^^^^^^^^^^^^^^^^^^^^^^^^^^^^^^^^^^^^^^^^^
  File "<frozen importlib._bootstrap>", line 1387, in _gcd_import
  File "<frozen importlib._bootstrap>", line 1360, in _find_and_load
  File "<frozen importlib._bootstrap>", line 1331, in _find_and_load_unlocked
  File "<frozen importlib._bootstrap>", line 935, in _load_unlocked
  File "<frozen importlib._bootstrap_external>", line 999, in exec_module
  File "<frozen importlib._bootstrap>", line 488, in _call_with_frames_removed
  File "/Users/win-win/Documents/workspace-tbs/UIT/Python-ML/uit-vietnamese-mrc/.venv/lib/python3.12/site-packages/transformers/models/mobilevit/image_processing_mobilevit.py", line 19, in <module>
    from torchvision.transforms.v2 import functional as tvF
ModuleNotFoundError: No module named 'torchvision'
2026-09-12 20:27:47.841 Examining the path of transformers.models.muse_glimmer.image_processing_muse_glimmer_fast raised:
Traceback (most recent call last):
  File "/Users/win-win/Documents/workspace-tbs/UIT/Python-ML/uit-vietnamese-mrc/.venv/lib/python3.12/site-packages/streamlit/watcher/local_sources_watcher.py", line 340, in get_module_paths
    potential_paths = extract_paths(module)
                      ^^^^^^^^^^^^^^^^^^^^^
  File "/Users/win-win/Documents/workspace-tbs/UIT/Python-ML/uit-vietnamese-mrc/.venv/lib/python3.12/site-packages/streamlit/watcher/local_sources_watcher.py", line 327, in <lambda>
    if hasattr(m, "__path__")
       ^^^^^^^^^^^^^^^^^^^^^^
  File "/Users/win-win/Documents/workspace-tbs/UIT/Python-ML/uit-vietnamese-mrc/.venv/lib/python3.12/site-packages/transformers/__init__.py", line 867, in _getattr
    return getattr(importlib.import_module(target, __name__), name)
                   ^^^^^^^^^^^^^^^^^^^^^^^^^^^^^^^^^^^^^^^^^
  File "/Users/win-win/.local/share/uv/python/cpython-3.12.13-macos-aarch64-none/lib/python3.12/importlib/__init__.py", line 90, in import_module
    return _bootstrap._gcd_import(name[level:], package, level)
           ^^^^^^^^^^^^^^^^^^^^^^^^^^^^^^^^^^^^^^^^^^^^^^^^^^^^
  File "<frozen importlib._bootstrap>", line 1387, in _gcd_import
  File "<frozen importlib._bootstrap>", line 1360, in _find_and_load
  File "<frozen importlib._bootstrap>", line 1331, in _find_and_load_unlocked
  File "<frozen importlib._bootstrap>", line 935, in _load_unlocked
  File "<frozen importlib._bootstrap_external>", line 999, in exec_module
  File "<frozen importlib._bootstrap>", line 488, in _call_with_frames_removed
  File "/Users/win-win/Documents/workspace-tbs/UIT/Python-ML/uit-vietnamese-mrc/.venv/lib/python3.12/site-packages/transformers/models/muse_glimmer/image_processing_muse_glimmer.py", line 25, in <module>
    from torchvision.transforms.v2 import functional as tvF
ModuleNotFoundError: No module named 'torchvision'
2026-09-12 20:27:47.841 Examining the path of transformers.models.neomme.image_processing_neomme_fast raised:
Traceback (most recent call last):
  File "/Users/win-win/Documents/workspace-tbs/UIT/Python-ML/uit-vietnamese-mrc/.venv/lib/python3.12/site-packages/streamlit/watcher/local_sources_watcher.py", line 340, in get_module_paths
    potential_paths = extract_paths(module)
                      ^^^^^^^^^^^^^^^^^^^^^
  File "/Users/win-win/Documents/workspace-tbs/UIT/Python-ML/uit-vietnamese-mrc/.venv/lib/python3.12/site-packages/streamlit/watcher/local_sources_watcher.py", line 327, in <lambda>
    if hasattr(m, "__path__")
       ^^^^^^^^^^^^^^^^^^^^^^
  File "/Users/win-win/Documents/workspace-tbs/UIT/Python-ML/uit-vietnamese-mrc/.venv/lib/python3.12/site-packages/transformers/__init__.py", line 867, in _getattr
    return getattr(importlib.import_module(target, __name__), name)
                   ^^^^^^^^^^^^^^^^^^^^^^^^^^^^^^^^^^^^^^^^^
  File "/Users/win-win/.local/share/uv/python/cpython-3.12.13-macos-aarch64-none/lib/python3.12/importlib/__init__.py", line 90, in import_module
    return _bootstrap._gcd_import(name[level:], package, level)
           ^^^^^^^^^^^^^^^^^^^^^^^^^^^^^^^^^^^^^^^^^^^^^^^^^^^^
  File "<frozen importlib._bootstrap>", line 1387, in _gcd_import
  File "<frozen importlib._bootstrap>", line 1360, in _find_and_load
  File "<frozen importlib._bootstrap>", line 1331, in _find_and_load_unlocked
  File "<frozen importlib._bootstrap>", line 935, in _load_unlocked
  File "<frozen importlib._bootstrap_external>", line 999, in exec_module
  File "<frozen importlib._bootstrap>", line 488, in _call_with_frames_removed
  File "/Users/win-win/Documents/workspace-tbs/UIT/Python-ML/uit-vietnamese-mrc/.venv/lib/python3.12/site-packages/transformers/models/neomme/image_processing_neomme.py", line 25, in <module>
    from torchvision.transforms.v2 import functional as tvF
ModuleNotFoundError: No module named 'torchvision'
2026-09-12 20:27:47.842 Examining the path of transformers.models.nougat.image_processing_nougat_fast raised:
Traceback (most recent call last):
  File "/Users/win-win/Documents/workspace-tbs/UIT/Python-ML/uit-vietnamese-mrc/.venv/lib/python3.12/site-packages/streamlit/watcher/local_sources_watcher.py", line 340, in get_module_paths
    potential_paths = extract_paths(module)
                      ^^^^^^^^^^^^^^^^^^^^^
  File "/Users/win-win/Documents/workspace-tbs/UIT/Python-ML/uit-vietnamese-mrc/.venv/lib/python3.12/site-packages/streamlit/watcher/local_sources_watcher.py", line 327, in <lambda>
    if hasattr(m, "__path__")
       ^^^^^^^^^^^^^^^^^^^^^^
  File "/Users/win-win/Documents/workspace-tbs/UIT/Python-ML/uit-vietnamese-mrc/.venv/lib/python3.12/site-packages/transformers/__init__.py", line 867, in _getattr
    return getattr(importlib.import_module(target, __name__), name)
                   ^^^^^^^^^^^^^^^^^^^^^^^^^^^^^^^^^^^^^^^^^
  File "/Users/win-win/.local/share/uv/python/cpython-3.12.13-macos-aarch64-none/lib/python3.12/importlib/__init__.py", line 90, in import_module
    return _bootstrap._gcd_import(name[level:], package, level)
           ^^^^^^^^^^^^^^^^^^^^^^^^^^^^^^^^^^^^^^^^^^^^^^^^^^^^
  File "<frozen importlib._bootstrap>", line 1387, in _gcd_import
  File "<frozen importlib._bootstrap>", line 1360, in _find_and_load
  File "<frozen importlib._bootstrap>", line 1331, in _find_and_load_unlocked
  File "<frozen importlib._bootstrap>", line 935, in _load_unlocked
  File "<frozen importlib._bootstrap_external>", line 999, in exec_module
  File "<frozen importlib._bootstrap>", line 488, in _call_with_frames_removed
  File "/Users/win-win/Documents/workspace-tbs/UIT/Python-ML/uit-vietnamese-mrc/.venv/lib/python3.12/site-packages/transformers/models/nougat/image_processing_nougat.py", line 17, in <module>
    from torchvision.transforms.v2 import functional as tvF
ModuleNotFoundError: No module named 'torchvision'
2026-09-12 20:27:47.842 Examining the path of transformers.models.oneformer.image_processing_oneformer_fast raised:
Traceback (most recent call last):
  File "/Users/win-win/Documents/workspace-tbs/UIT/Python-ML/uit-vietnamese-mrc/.venv/lib/python3.12/site-packages/streamlit/watcher/local_sources_watcher.py", line 340, in get_module_paths
    potential_paths = extract_paths(module)
                      ^^^^^^^^^^^^^^^^^^^^^
  File "/Users/win-win/Documents/workspace-tbs/UIT/Python-ML/uit-vietnamese-mrc/.venv/lib/python3.12/site-packages/streamlit/watcher/local_sources_watcher.py", line 327, in <lambda>
    if hasattr(m, "__path__")
       ^^^^^^^^^^^^^^^^^^^^^^
  File "/Users/win-win/Documents/workspace-tbs/UIT/Python-ML/uit-vietnamese-mrc/.venv/lib/python3.12/site-packages/transformers/__init__.py", line 867, in _getattr
    return getattr(importlib.import_module(target, __name__), name)
                   ^^^^^^^^^^^^^^^^^^^^^^^^^^^^^^^^^^^^^^^^^
  File "/Users/win-win/.local/share/uv/python/cpython-3.12.13-macos-aarch64-none/lib/python3.12/importlib/__init__.py", line 90, in import_module
    return _bootstrap._gcd_import(name[level:], package, level)
           ^^^^^^^^^^^^^^^^^^^^^^^^^^^^^^^^^^^^^^^^^^^^^^^^^^^^
  File "<frozen importlib._bootstrap>", line 1387, in _gcd_import
  File "<frozen importlib._bootstrap>", line 1360, in _find_and_load
  File "<frozen importlib._bootstrap>", line 1331, in _find_and_load_unlocked
  File "<frozen importlib._bootstrap>", line 935, in _load_unlocked
  File "<frozen importlib._bootstrap_external>", line 999, in exec_module
  File "<frozen importlib._bootstrap>", line 488, in _call_with_frames_removed
  File "/Users/win-win/Documents/workspace-tbs/UIT/Python-ML/uit-vietnamese-mrc/.venv/lib/python3.12/site-packages/transformers/models/oneformer/image_processing_oneformer.py", line 23, in <module>
    from torchvision.transforms.v2 import functional as tvF
ModuleNotFoundError: No module named 'torchvision'
2026-09-12 20:27:47.842 Examining the path of transformers.models.ovis2.image_processing_ovis2_fast raised:
Traceback (most recent call last):
  File "/Users/win-win/Documents/workspace-tbs/UIT/Python-ML/uit-vietnamese-mrc/.venv/lib/python3.12/site-packages/streamlit/watcher/local_sources_watcher.py", line 340, in get_module_paths
    potential_paths = extract_paths(module)
                      ^^^^^^^^^^^^^^^^^^^^^
  File "/Users/win-win/Documents/workspace-tbs/UIT/Python-ML/uit-vietnamese-mrc/.venv/lib/python3.12/site-packages/streamlit/watcher/local_sources_watcher.py", line 327, in <lambda>
    if hasattr(m, "__path__")
       ^^^^^^^^^^^^^^^^^^^^^^
  File "/Users/win-win/Documents/workspace-tbs/UIT/Python-ML/uit-vietnamese-mrc/.venv/lib/python3.12/site-packages/transformers/__init__.py", line 867, in _getattr
    return getattr(importlib.import_module(target, __name__), name)
                   ^^^^^^^^^^^^^^^^^^^^^^^^^^^^^^^^^^^^^^^^^
  File "/Users/win-win/.local/share/uv/python/cpython-3.12.13-macos-aarch64-none/lib/python3.12/importlib/__init__.py", line 90, in import_module
    return _bootstrap._gcd_import(name[level:], package, level)
           ^^^^^^^^^^^^^^^^^^^^^^^^^^^^^^^^^^^^^^^^^^^^^^^^^^^^
  File "<frozen importlib._bootstrap>", line 1387, in _gcd_import
  File "<frozen importlib._bootstrap>", line 1360, in _find_and_load
  File "<frozen importlib._bootstrap>", line 1331, in _find_and_load_unlocked
  File "<frozen importlib._bootstrap>", line 935, in _load_unlocked
  File "<frozen importlib._bootstrap_external>", line 999, in exec_module
  File "<frozen importlib._bootstrap>", line 488, in _call_with_frames_removed
  File "/Users/win-win/Documents/workspace-tbs/UIT/Python-ML/uit-vietnamese-mrc/.venv/lib/python3.12/site-packages/transformers/models/ovis2/image_processing_ovis2.py", line 19, in <module>
    from torchvision.transforms.v2 import functional as tvF
ModuleNotFoundError: No module named 'torchvision'
2026-09-12 20:27:47.843 Examining the path of transformers.models.owlv2.image_processing_owlv2_fast raised:
Traceback (most recent call last):
  File "/Users/win-win/Documents/workspace-tbs/UIT/Python-ML/uit-vietnamese-mrc/.venv/lib/python3.12/site-packages/streamlit/watcher/local_sources_watcher.py", line 340, in get_module_paths
    potential_paths = extract_paths(module)
                      ^^^^^^^^^^^^^^^^^^^^^
  File "/Users/win-win/Documents/workspace-tbs/UIT/Python-ML/uit-vietnamese-mrc/.venv/lib/python3.12/site-packages/streamlit/watcher/local_sources_watcher.py", line 327, in <lambda>
    if hasattr(m, "__path__")
       ^^^^^^^^^^^^^^^^^^^^^^
  File "/Users/win-win/Documents/workspace-tbs/UIT/Python-ML/uit-vietnamese-mrc/.venv/lib/python3.12/site-packages/transformers/__init__.py", line 867, in _getattr
    return getattr(importlib.import_module(target, __name__), name)
                   ^^^^^^^^^^^^^^^^^^^^^^^^^^^^^^^^^^^^^^^^^
  File "/Users/win-win/.local/share/uv/python/cpython-3.12.13-macos-aarch64-none/lib/python3.12/importlib/__init__.py", line 90, in import_module
    return _bootstrap._gcd_import(name[level:], package, level)
           ^^^^^^^^^^^^^^^^^^^^^^^^^^^^^^^^^^^^^^^^^^^^^^^^^^^^
  File "<frozen importlib._bootstrap>", line 1387, in _gcd_import
  File "<frozen importlib._bootstrap>", line 1360, in _find_and_load
  File "<frozen importlib._bootstrap>", line 1331, in _find_and_load_unlocked
  File "<frozen importlib._bootstrap>", line 935, in _load_unlocked
  File "<frozen importlib._bootstrap_external>", line 999, in exec_module
  File "<frozen importlib._bootstrap>", line 488, in _call_with_frames_removed
  File "/Users/win-win/Documents/workspace-tbs/UIT/Python-ML/uit-vietnamese-mrc/.venv/lib/python3.12/site-packages/transformers/models/owlv2/image_processing_owlv2.py", line 25, in <module>
    import torchvision.transforms.v2.functional as tvF
ModuleNotFoundError: No module named 'torchvision'
2026-09-12 20:27:47.843 Examining the path of transformers.models.paddleocr_vl.image_processing_paddleocr_vl_fast raised:
Traceback (most recent call last):
  File "/Users/win-win/Documents/workspace-tbs/UIT/Python-ML/uit-vietnamese-mrc/.venv/lib/python3.12/site-packages/streamlit/watcher/local_sources_watcher.py", line 340, in get_module_paths
    potential_paths = extract_paths(module)
                      ^^^^^^^^^^^^^^^^^^^^^
  File "/Users/win-win/Documents/workspace-tbs/UIT/Python-ML/uit-vietnamese-mrc/.venv/lib/python3.12/site-packages/streamlit/watcher/local_sources_watcher.py", line 327, in <lambda>
    if hasattr(m, "__path__")
       ^^^^^^^^^^^^^^^^^^^^^^
  File "/Users/win-win/Documents/workspace-tbs/UIT/Python-ML/uit-vietnamese-mrc/.venv/lib/python3.12/site-packages/transformers/__init__.py", line 867, in _getattr
    return getattr(importlib.import_module(target, __name__), name)
                   ^^^^^^^^^^^^^^^^^^^^^^^^^^^^^^^^^^^^^^^^^
  File "/Users/win-win/.local/share/uv/python/cpython-3.12.13-macos-aarch64-none/lib/python3.12/importlib/__init__.py", line 90, in import_module
    return _bootstrap._gcd_import(name[level:], package, level)
           ^^^^^^^^^^^^^^^^^^^^^^^^^^^^^^^^^^^^^^^^^^^^^^^^^^^^
  File "<frozen importlib._bootstrap>", line 1387, in _gcd_import
  File "<frozen importlib._bootstrap>", line 1360, in _find_and_load
  File "<frozen importlib._bootstrap>", line 1331, in _find_and_load_unlocked
  File "<frozen importlib._bootstrap>", line 935, in _load_unlocked
  File "<frozen importlib._bootstrap_external>", line 999, in exec_module
  File "<frozen importlib._bootstrap>", line 488, in _call_with_frames_removed
  File "/Users/win-win/Documents/workspace-tbs/UIT/Python-ML/uit-vietnamese-mrc/.venv/lib/python3.12/site-packages/transformers/models/paddleocr_vl/image_processing_paddleocr_vl.py", line 30, in <module>
    from torchvision.transforms.v2 import functional as tvF
ModuleNotFoundError: No module named 'torchvision'
2026-09-12 20:27:47.844 Examining the path of transformers.models.perceiver.image_processing_perceiver_fast raised:
Traceback (most recent call last):
  File "/Users/win-win/Documents/workspace-tbs/UIT/Python-ML/uit-vietnamese-mrc/.venv/lib/python3.12/site-packages/streamlit/watcher/local_sources_watcher.py", line 340, in get_module_paths
    potential_paths = extract_paths(module)
                      ^^^^^^^^^^^^^^^^^^^^^
  File "/Users/win-win/Documents/workspace-tbs/UIT/Python-ML/uit-vietnamese-mrc/.venv/lib/python3.12/site-packages/streamlit/watcher/local_sources_watcher.py", line 327, in <lambda>
    if hasattr(m, "__path__")
       ^^^^^^^^^^^^^^^^^^^^^^
  File "/Users/win-win/Documents/workspace-tbs/UIT/Python-ML/uit-vietnamese-mrc/.venv/lib/python3.12/site-packages/transformers/__init__.py", line 867, in _getattr
    return getattr(importlib.import_module(target, __name__), name)
                   ^^^^^^^^^^^^^^^^^^^^^^^^^^^^^^^^^^^^^^^^^
  File "/Users/win-win/.local/share/uv/python/cpython-3.12.13-macos-aarch64-none/lib/python3.12/importlib/__init__.py", line 90, in import_module
    return _bootstrap._gcd_import(name[level:], package, level)
           ^^^^^^^^^^^^^^^^^^^^^^^^^^^^^^^^^^^^^^^^^^^^^^^^^^^^
  File "<frozen importlib._bootstrap>", line 1387, in _gcd_import
  File "<frozen importlib._bootstrap>", line 1360, in _find_and_load
  File "<frozen importlib._bootstrap>", line 1331, in _find_and_load_unlocked
  File "<frozen importlib._bootstrap>", line 935, in _load_unlocked
  File "<frozen importlib._bootstrap_external>", line 999, in exec_module
  File "<frozen importlib._bootstrap>", line 488, in _call_with_frames_removed
  File "/Users/win-win/Documents/workspace-tbs/UIT/Python-ML/uit-vietnamese-mrc/.venv/lib/python3.12/site-packages/transformers/models/perceiver/image_processing_perceiver.py", line 17, in <module>
    from torchvision.transforms.v2 import functional as tvF
ModuleNotFoundError: No module named 'torchvision'
2026-09-12 20:27:47.844 Examining the path of transformers.models.perception_lm.image_processing_perception_lm_fast raised:
Traceback (most recent call last):
  File "/Users/win-win/Documents/workspace-tbs/UIT/Python-ML/uit-vietnamese-mrc/.venv/lib/python3.12/site-packages/streamlit/watcher/local_sources_watcher.py", line 340, in get_module_paths
    potential_paths = extract_paths(module)
                      ^^^^^^^^^^^^^^^^^^^^^
  File "/Users/win-win/Documents/workspace-tbs/UIT/Python-ML/uit-vietnamese-mrc/.venv/lib/python3.12/site-packages/streamlit/watcher/local_sources_watcher.py", line 327, in <lambda>
    if hasattr(m, "__path__")
       ^^^^^^^^^^^^^^^^^^^^^^
  File "/Users/win-win/Documents/workspace-tbs/UIT/Python-ML/uit-vietnamese-mrc/.venv/lib/python3.12/site-packages/transformers/__init__.py", line 867, in _getattr
    return getattr(importlib.import_module(target, __name__), name)
                   ^^^^^^^^^^^^^^^^^^^^^^^^^^^^^^^^^^^^^^^^^
  File "/Users/win-win/.local/share/uv/python/cpython-3.12.13-macos-aarch64-none/lib/python3.12/importlib/__init__.py", line 90, in import_module
    return _bootstrap._gcd_import(name[level:], package, level)
           ^^^^^^^^^^^^^^^^^^^^^^^^^^^^^^^^^^^^^^^^^^^^^^^^^^^^
  File "<frozen importlib._bootstrap>", line 1387, in _gcd_import
  File "<frozen importlib._bootstrap>", line 1360, in _find_and_load
  File "<frozen importlib._bootstrap>", line 1331, in _find_and_load_unlocked
  File "<frozen importlib._bootstrap>", line 935, in _load_unlocked
  File "<frozen importlib._bootstrap_external>", line 999, in exec_module
  File "<frozen importlib._bootstrap>", line 488, in _call_with_frames_removed
  File "/Users/win-win/Documents/workspace-tbs/UIT/Python-ML/uit-vietnamese-mrc/.venv/lib/python3.12/site-packages/transformers/models/perception_lm/image_processing_perception_lm.py", line 19, in <module>
    from torchvision.transforms.v2 import functional as tvF
ModuleNotFoundError: No module named 'torchvision'
2026-09-12 20:27:47.845 Examining the path of transformers.models.phi4_multimodal.image_processing_phi4_multimodal_fast raised:
Traceback (most recent call last):
  File "/Users/win-win/Documents/workspace-tbs/UIT/Python-ML/uit-vietnamese-mrc/.venv/lib/python3.12/site-packages/streamlit/watcher/local_sources_watcher.py", line 340, in get_module_paths
    potential_paths = extract_paths(module)
                      ^^^^^^^^^^^^^^^^^^^^^
  File "/Users/win-win/Documents/workspace-tbs/UIT/Python-ML/uit-vietnamese-mrc/.venv/lib/python3.12/site-packages/streamlit/watcher/local_sources_watcher.py", line 327, in <lambda>
    if hasattr(m, "__path__")
       ^^^^^^^^^^^^^^^^^^^^^^
  File "/Users/win-win/Documents/workspace-tbs/UIT/Python-ML/uit-vietnamese-mrc/.venv/lib/python3.12/site-packages/transformers/__init__.py", line 867, in _getattr
    return getattr(importlib.import_module(target, __name__), name)
                   ^^^^^^^^^^^^^^^^^^^^^^^^^^^^^^^^^^^^^^^^^
  File "/Users/win-win/.local/share/uv/python/cpython-3.12.13-macos-aarch64-none/lib/python3.12/importlib/__init__.py", line 90, in import_module
    return _bootstrap._gcd_import(name[level:], package, level)
           ^^^^^^^^^^^^^^^^^^^^^^^^^^^^^^^^^^^^^^^^^^^^^^^^^^^^
  File "<frozen importlib._bootstrap>", line 1387, in _gcd_import
  File "<frozen importlib._bootstrap>", line 1360, in _find_and_load
  File "<frozen importlib._bootstrap>", line 1331, in _find_and_load_unlocked
  File "<frozen importlib._bootstrap>", line 935, in _load_unlocked
  File "<frozen importlib._bootstrap_external>", line 999, in exec_module
  File "<frozen importlib._bootstrap>", line 488, in _call_with_frames_removed
  File "/Users/win-win/Documents/workspace-tbs/UIT/Python-ML/uit-vietnamese-mrc/.venv/lib/python3.12/site-packages/transformers/models/phi4_multimodal/image_processing_phi4_multimodal.py", line 19, in <module>
    from torchvision.transforms.v2 import functional as tvF
ModuleNotFoundError: No module named 'torchvision'
2026-09-12 20:27:47.845 Examining the path of transformers.models.pix2struct.image_processing_pix2struct_fast raised:
Traceback (most recent call last):
  File "/Users/win-win/Documents/workspace-tbs/UIT/Python-ML/uit-vietnamese-mrc/.venv/lib/python3.12/site-packages/streamlit/watcher/local_sources_watcher.py", line 340, in get_module_paths
    potential_paths = extract_paths(module)
                      ^^^^^^^^^^^^^^^^^^^^^
  File "/Users/win-win/Documents/workspace-tbs/UIT/Python-ML/uit-vietnamese-mrc/.venv/lib/python3.12/site-packages/streamlit/watcher/local_sources_watcher.py", line 327, in <lambda>
    if hasattr(m, "__path__")
       ^^^^^^^^^^^^^^^^^^^^^^
  File "/Users/win-win/Documents/workspace-tbs/UIT/Python-ML/uit-vietnamese-mrc/.venv/lib/python3.12/site-packages/transformers/__init__.py", line 867, in _getattr
    return getattr(importlib.import_module(target, __name__), name)
                   ^^^^^^^^^^^^^^^^^^^^^^^^^^^^^^^^^^^^^^^^^
  File "/Users/win-win/.local/share/uv/python/cpython-3.12.13-macos-aarch64-none/lib/python3.12/importlib/__init__.py", line 90, in import_module
    return _bootstrap._gcd_import(name[level:], package, level)
           ^^^^^^^^^^^^^^^^^^^^^^^^^^^^^^^^^^^^^^^^^^^^^^^^^^^^
  File "<frozen importlib._bootstrap>", line 1387, in _gcd_import
  File "<frozen importlib._bootstrap>", line 1360, in _find_and_load
  File "<frozen importlib._bootstrap>", line 1331, in _find_and_load_unlocked
  File "<frozen importlib._bootstrap>", line 935, in _load_unlocked
  File "<frozen importlib._bootstrap_external>", line 999, in exec_module
  File "<frozen importlib._bootstrap>", line 488, in _call_with_frames_removed
  File "/Users/win-win/Documents/workspace-tbs/UIT/Python-ML/uit-vietnamese-mrc/.venv/lib/python3.12/site-packages/transformers/models/pix2struct/image_processing_pix2struct.py", line 21, in <module>
    import torchvision.transforms.v2.functional as tvF
ModuleNotFoundError: No module named 'torchvision'
2026-09-12 20:27:47.845 Examining the path of transformers.models.pixtral.image_processing_pixtral_fast raised:
Traceback (most recent call last):
  File "/Users/win-win/Documents/workspace-tbs/UIT/Python-ML/uit-vietnamese-mrc/.venv/lib/python3.12/site-packages/streamlit/watcher/local_sources_watcher.py", line 340, in get_module_paths
    potential_paths = extract_paths(module)
                      ^^^^^^^^^^^^^^^^^^^^^
  File "/Users/win-win/Documents/workspace-tbs/UIT/Python-ML/uit-vietnamese-mrc/.venv/lib/python3.12/site-packages/streamlit/watcher/local_sources_watcher.py", line 327, in <lambda>
    if hasattr(m, "__path__")
       ^^^^^^^^^^^^^^^^^^^^^^
  File "/Users/win-win/Documents/workspace-tbs/UIT/Python-ML/uit-vietnamese-mrc/.venv/lib/python3.12/site-packages/transformers/__init__.py", line 867, in _getattr
    return getattr(importlib.import_module(target, __name__), name)
                   ^^^^^^^^^^^^^^^^^^^^^^^^^^^^^^^^^^^^^^^^^
  File "/Users/win-win/.local/share/uv/python/cpython-3.12.13-macos-aarch64-none/lib/python3.12/importlib/__init__.py", line 90, in import_module
    return _bootstrap._gcd_import(name[level:], package, level)
           ^^^^^^^^^^^^^^^^^^^^^^^^^^^^^^^^^^^^^^^^^^^^^^^^^^^^
  File "<frozen importlib._bootstrap>", line 1387, in _gcd_import
  File "<frozen importlib._bootstrap>", line 1360, in _find_and_load
  File "<frozen importlib._bootstrap>", line 1331, in _find_and_load_unlocked
  File "<frozen importlib._bootstrap>", line 935, in _load_unlocked
  File "<frozen importlib._bootstrap_external>", line 999, in exec_module
  File "<frozen importlib._bootstrap>", line 488, in _call_with_frames_removed
  File "/Users/win-win/Documents/workspace-tbs/UIT/Python-ML/uit-vietnamese-mrc/.venv/lib/python3.12/site-packages/transformers/models/pixtral/image_processing_pixtral.py", line 19, in <module>
    from torchvision.transforms.v2 import functional as tvF
ModuleNotFoundError: No module named 'torchvision'
2026-09-12 20:27:47.846 Examining the path of transformers.models.poolformer.image_processing_poolformer_fast raised:
Traceback (most recent call last):
  File "/Users/win-win/Documents/workspace-tbs/UIT/Python-ML/uit-vietnamese-mrc/.venv/lib/python3.12/site-packages/streamlit/watcher/local_sources_watcher.py", line 340, in get_module_paths
    potential_paths = extract_paths(module)
                      ^^^^^^^^^^^^^^^^^^^^^
  File "/Users/win-win/Documents/workspace-tbs/UIT/Python-ML/uit-vietnamese-mrc/.venv/lib/python3.12/site-packages/streamlit/watcher/local_sources_watcher.py", line 327, in <lambda>
    if hasattr(m, "__path__")
       ^^^^^^^^^^^^^^^^^^^^^^
  File "/Users/win-win/Documents/workspace-tbs/UIT/Python-ML/uit-vietnamese-mrc/.venv/lib/python3.12/site-packages/transformers/__init__.py", line 867, in _getattr
    return getattr(importlib.import_module(target, __name__), name)
                   ^^^^^^^^^^^^^^^^^^^^^^^^^^^^^^^^^^^^^^^^^
  File "/Users/win-win/.local/share/uv/python/cpython-3.12.13-macos-aarch64-none/lib/python3.12/importlib/__init__.py", line 90, in import_module
    return _bootstrap._gcd_import(name[level:], package, level)
           ^^^^^^^^^^^^^^^^^^^^^^^^^^^^^^^^^^^^^^^^^^^^^^^^^^^^
  File "<frozen importlib._bootstrap>", line 1387, in _gcd_import
  File "<frozen importlib._bootstrap>", line 1360, in _find_and_load
  File "<frozen importlib._bootstrap>", line 1331, in _find_and_load_unlocked
  File "<frozen importlib._bootstrap>", line 935, in _load_unlocked
  File "<frozen importlib._bootstrap_external>", line 999, in exec_module
  File "<frozen importlib._bootstrap>", line 488, in _call_with_frames_removed
  File "/Users/win-win/Documents/workspace-tbs/UIT/Python-ML/uit-vietnamese-mrc/.venv/lib/python3.12/site-packages/transformers/models/poolformer/image_processing_poolformer.py", line 17, in <module>
    from torchvision.transforms.v2 import functional as tvF
ModuleNotFoundError: No module named 'torchvision'
2026-09-12 20:27:47.846 Examining the path of transformers.models.pp_doclayout_v2.image_processing_pp_doclayout_v2_fast raised:
Traceback (most recent call last):
  File "/Users/win-win/Documents/workspace-tbs/UIT/Python-ML/uit-vietnamese-mrc/.venv/lib/python3.12/site-packages/streamlit/watcher/local_sources_watcher.py", line 340, in get_module_paths
    potential_paths = extract_paths(module)
                      ^^^^^^^^^^^^^^^^^^^^^
  File "/Users/win-win/Documents/workspace-tbs/UIT/Python-ML/uit-vietnamese-mrc/.venv/lib/python3.12/site-packages/streamlit/watcher/local_sources_watcher.py", line 327, in <lambda>
    if hasattr(m, "__path__")
       ^^^^^^^^^^^^^^^^^^^^^^
  File "/Users/win-win/Documents/workspace-tbs/UIT/Python-ML/uit-vietnamese-mrc/.venv/lib/python3.12/site-packages/transformers/__init__.py", line 867, in _getattr
    return getattr(importlib.import_module(target, __name__), name)
                   ^^^^^^^^^^^^^^^^^^^^^^^^^^^^^^^^^^^^^^^^^
  File "/Users/win-win/.local/share/uv/python/cpython-3.12.13-macos-aarch64-none/lib/python3.12/importlib/__init__.py", line 90, in import_module
    return _bootstrap._gcd_import(name[level:], package, level)
           ^^^^^^^^^^^^^^^^^^^^^^^^^^^^^^^^^^^^^^^^^^^^^^^^^^^^
  File "<frozen importlib._bootstrap>", line 1387, in _gcd_import
  File "<frozen importlib._bootstrap>", line 1360, in _find_and_load
  File "<frozen importlib._bootstrap>", line 1331, in _find_and_load_unlocked
  File "<frozen importlib._bootstrap>", line 935, in _load_unlocked
  File "<frozen importlib._bootstrap_external>", line 999, in exec_module
  File "<frozen importlib._bootstrap>", line 488, in _call_with_frames_removed
  File "/Users/win-win/Documents/workspace-tbs/UIT/Python-ML/uit-vietnamese-mrc/.venv/lib/python3.12/site-packages/transformers/models/pp_doclayout_v2/image_processing_pp_doclayout_v2.py", line 23, in <module>
    from torchvision.transforms.v2 import functional as tvF
ModuleNotFoundError: No module named 'torchvision'
2026-09-12 20:27:47.846 Examining the path of transformers.models.pp_doclayout_v3.image_processing_pp_doclayout_v3_fast raised:
Traceback (most recent call last):
  File "/Users/win-win/Documents/workspace-tbs/UIT/Python-ML/uit-vietnamese-mrc/.venv/lib/python3.12/site-packages/streamlit/watcher/local_sources_watcher.py", line 340, in get_module_paths
    potential_paths = extract_paths(module)
                      ^^^^^^^^^^^^^^^^^^^^^
  File "/Users/win-win/Documents/workspace-tbs/UIT/Python-ML/uit-vietnamese-mrc/.venv/lib/python3.12/site-packages/streamlit/watcher/local_sources_watcher.py", line 327, in <lambda>
    if hasattr(m, "__path__")
       ^^^^^^^^^^^^^^^^^^^^^^
  File "/Users/win-win/Documents/workspace-tbs/UIT/Python-ML/uit-vietnamese-mrc/.venv/lib/python3.12/site-packages/transformers/__init__.py", line 867, in _getattr
    return getattr(importlib.import_module(target, __name__), name)
                   ^^^^^^^^^^^^^^^^^^^^^^^^^^^^^^^^^^^^^^^^^
  File "/Users/win-win/.local/share/uv/python/cpython-3.12.13-macos-aarch64-none/lib/python3.12/importlib/__init__.py", line 90, in import_module
    return _bootstrap._gcd_import(name[level:], package, level)
           ^^^^^^^^^^^^^^^^^^^^^^^^^^^^^^^^^^^^^^^^^^^^^^^^^^^^
  File "<frozen importlib._bootstrap>", line 1387, in _gcd_import
  File "<frozen importlib._bootstrap>", line 1360, in _find_and_load
  File "<frozen importlib._bootstrap>", line 1331, in _find_and_load_unlocked
  File "<frozen importlib._bootstrap>", line 935, in _load_unlocked
  File "<frozen importlib._bootstrap_external>", line 999, in exec_module
  File "<frozen importlib._bootstrap>", line 488, in _call_with_frames_removed
  File "/Users/win-win/Documents/workspace-tbs/UIT/Python-ML/uit-vietnamese-mrc/.venv/lib/python3.12/site-packages/transformers/models/pp_doclayout_v3/image_processing_pp_doclayout_v3.py", line 24, in <module>
    from torchvision.transforms.v2 import functional as tvF
ModuleNotFoundError: No module named 'torchvision'
2026-09-12 20:27:47.847 Examining the path of transformers.models.pp_formulanet.image_processing_pp_formulanet_fast raised:
Traceback (most recent call last):
  File "/Users/win-win/Documents/workspace-tbs/UIT/Python-ML/uit-vietnamese-mrc/.venv/lib/python3.12/site-packages/streamlit/watcher/local_sources_watcher.py", line 340, in get_module_paths
    potential_paths = extract_paths(module)
                      ^^^^^^^^^^^^^^^^^^^^^
  File "/Users/win-win/Documents/workspace-tbs/UIT/Python-ML/uit-vietnamese-mrc/.venv/lib/python3.12/site-packages/streamlit/watcher/local_sources_watcher.py", line 327, in <lambda>
    if hasattr(m, "__path__")
       ^^^^^^^^^^^^^^^^^^^^^^
  File "/Users/win-win/Documents/workspace-tbs/UIT/Python-ML/uit-vietnamese-mrc/.venv/lib/python3.12/site-packages/transformers/__init__.py", line 867, in _getattr
    return getattr(importlib.import_module(target, __name__), name)
                   ^^^^^^^^^^^^^^^^^^^^^^^^^^^^^^^^^^^^^^^^^
  File "/Users/win-win/.local/share/uv/python/cpython-3.12.13-macos-aarch64-none/lib/python3.12/importlib/__init__.py", line 90, in import_module
    return _bootstrap._gcd_import(name[level:], package, level)
           ^^^^^^^^^^^^^^^^^^^^^^^^^^^^^^^^^^^^^^^^^^^^^^^^^^^^
  File "<frozen importlib._bootstrap>", line 1387, in _gcd_import
  File "<frozen importlib._bootstrap>", line 1360, in _find_and_load
  File "<frozen importlib._bootstrap>", line 1331, in _find_and_load_unlocked
  File "<frozen importlib._bootstrap>", line 935, in _load_unlocked
  File "<frozen importlib._bootstrap_external>", line 999, in exec_module
  File "<frozen importlib._bootstrap>", line 488, in _call_with_frames_removed
  File "/Users/win-win/Documents/workspace-tbs/UIT/Python-ML/uit-vietnamese-mrc/.venv/lib/python3.12/site-packages/transformers/models/pp_formulanet/image_processing_pp_formulanet.py", line 23, in <module>
    from torchvision.transforms.v2 import functional as tvF
ModuleNotFoundError: No module named 'torchvision'
2026-09-12 20:27:47.847 Examining the path of transformers.models.pp_lcnet.image_processing_pp_lcnet_fast raised:
Traceback (most recent call last):
  File "/Users/win-win/Documents/workspace-tbs/UIT/Python-ML/uit-vietnamese-mrc/.venv/lib/python3.12/site-packages/streamlit/watcher/local_sources_watcher.py", line 340, in get_module_paths
    potential_paths = extract_paths(module)
                      ^^^^^^^^^^^^^^^^^^^^^
  File "/Users/win-win/Documents/workspace-tbs/UIT/Python-ML/uit-vietnamese-mrc/.venv/lib/python3.12/site-packages/streamlit/watcher/local_sources_watcher.py", line 327, in <lambda>
    if hasattr(m, "__path__")
       ^^^^^^^^^^^^^^^^^^^^^^
  File "/Users/win-win/Documents/workspace-tbs/UIT/Python-ML/uit-vietnamese-mrc/.venv/lib/python3.12/site-packages/transformers/__init__.py", line 867, in _getattr
    return getattr(importlib.import_module(target, __name__), name)
                   ^^^^^^^^^^^^^^^^^^^^^^^^^^^^^^^^^^^^^^^^^
  File "/Users/win-win/.local/share/uv/python/cpython-3.12.13-macos-aarch64-none/lib/python3.12/importlib/__init__.py", line 90, in import_module
    return _bootstrap._gcd_import(name[level:], package, level)
           ^^^^^^^^^^^^^^^^^^^^^^^^^^^^^^^^^^^^^^^^^^^^^^^^^^^^
  File "<frozen importlib._bootstrap>", line 1387, in _gcd_import
  File "<frozen importlib._bootstrap>", line 1360, in _find_and_load
  File "<frozen importlib._bootstrap>", line 1331, in _find_and_load_unlocked
  File "<frozen importlib._bootstrap>", line 935, in _load_unlocked
  File "<frozen importlib._bootstrap_external>", line 999, in exec_module
  File "<frozen importlib._bootstrap>", line 488, in _call_with_frames_removed
  File "/Users/win-win/Documents/workspace-tbs/UIT/Python-ML/uit-vietnamese-mrc/.venv/lib/python3.12/site-packages/transformers/models/pp_lcnet/image_processing_pp_lcnet.py", line 24, in <module>
    import torchvision.transforms.v2.functional as tvF
ModuleNotFoundError: No module named 'torchvision'
2026-09-12 20:27:47.847 Examining the path of transformers.models.pp_ocrv5_server_det.image_processing_pp_ocrv5_server_det_fast raised:
Traceback (most recent call last):
  File "/Users/win-win/Documents/workspace-tbs/UIT/Python-ML/uit-vietnamese-mrc/.venv/lib/python3.12/site-packages/streamlit/watcher/local_sources_watcher.py", line 340, in get_module_paths
    potential_paths = extract_paths(module)
                      ^^^^^^^^^^^^^^^^^^^^^
  File "/Users/win-win/Documents/workspace-tbs/UIT/Python-ML/uit-vietnamese-mrc/.venv/lib/python3.12/site-packages/streamlit/watcher/local_sources_watcher.py", line 327, in <lambda>
    if hasattr(m, "__path__")
       ^^^^^^^^^^^^^^^^^^^^^^
  File "/Users/win-win/Documents/workspace-tbs/UIT/Python-ML/uit-vietnamese-mrc/.venv/lib/python3.12/site-packages/transformers/__init__.py", line 867, in _getattr
    return getattr(importlib.import_module(target, __name__), name)
                   ^^^^^^^^^^^^^^^^^^^^^^^^^^^^^^^^^^^^^^^^^
  File "/Users/win-win/.local/share/uv/python/cpython-3.12.13-macos-aarch64-none/lib/python3.12/importlib/__init__.py", line 90, in import_module
    return _bootstrap._gcd_import(name[level:], package, level)
           ^^^^^^^^^^^^^^^^^^^^^^^^^^^^^^^^^^^^^^^^^^^^^^^^^^^^
  File "<frozen importlib._bootstrap>", line 1387, in _gcd_import
  File "<frozen importlib._bootstrap>", line 1360, in _find_and_load
  File "<frozen importlib._bootstrap>", line 1331, in _find_and_load_unlocked
  File "<frozen importlib._bootstrap>", line 935, in _load_unlocked
  File "<frozen importlib._bootstrap_external>", line 999, in exec_module
  File "<frozen importlib._bootstrap>", line 488, in _call_with_frames_removed
  File "/Users/win-win/Documents/workspace-tbs/UIT/Python-ML/uit-vietnamese-mrc/.venv/lib/python3.12/site-packages/transformers/models/pp_ocrv5_server_det/image_processing_pp_ocrv5_server_det.py", line 25, in <module>
    import torchvision.transforms.v2.functional as tvF
ModuleNotFoundError: No module named 'torchvision'
2026-09-12 20:27:47.848 Examining the path of transformers.models.pp_ocrv5_server_rec.image_processing_pp_ocrv5_server_rec_fast raised:
Traceback (most recent call last):
  File "/Users/win-win/Documents/workspace-tbs/UIT/Python-ML/uit-vietnamese-mrc/.venv/lib/python3.12/site-packages/streamlit/watcher/local_sources_watcher.py", line 340, in get_module_paths
    potential_paths = extract_paths(module)
                      ^^^^^^^^^^^^^^^^^^^^^
  File "/Users/win-win/Documents/workspace-tbs/UIT/Python-ML/uit-vietnamese-mrc/.venv/lib/python3.12/site-packages/streamlit/watcher/local_sources_watcher.py", line 327, in <lambda>
    if hasattr(m, "__path__")
       ^^^^^^^^^^^^^^^^^^^^^^
  File "/Users/win-win/Documents/workspace-tbs/UIT/Python-ML/uit-vietnamese-mrc/.venv/lib/python3.12/site-packages/transformers/__init__.py", line 867, in _getattr
    return getattr(importlib.import_module(target, __name__), name)
                   ^^^^^^^^^^^^^^^^^^^^^^^^^^^^^^^^^^^^^^^^^
  File "/Users/win-win/.local/share/uv/python/cpython-3.12.13-macos-aarch64-none/lib/python3.12/importlib/__init__.py", line 90, in import_module
    return _bootstrap._gcd_import(name[level:], package, level)
           ^^^^^^^^^^^^^^^^^^^^^^^^^^^^^^^^^^^^^^^^^^^^^^^^^^^^
  File "<frozen importlib._bootstrap>", line 1387, in _gcd_import
  File "<frozen importlib._bootstrap>", line 1360, in _find_and_load
  File "<frozen importlib._bootstrap>", line 1331, in _find_and_load_unlocked
  File "<frozen importlib._bootstrap>", line 935, in _load_unlocked
  File "<frozen importlib._bootstrap_external>", line 999, in exec_module
  File "<frozen importlib._bootstrap>", line 488, in _call_with_frames_removed
  File "/Users/win-win/Documents/workspace-tbs/UIT/Python-ML/uit-vietnamese-mrc/.venv/lib/python3.12/site-packages/transformers/models/pp_ocrv5_server_rec/image_processing_pp_ocrv5_server_rec.py", line 24, in <module>
    import torchvision.transforms.v2.functional as tvF
ModuleNotFoundError: No module named 'torchvision'
2026-09-12 20:27:47.848 Examining the path of transformers.models.pp_ocrv6_small_rec.image_processing_pp_ocrv6_small_rec_fast raised:
Traceback (most recent call last):
  File "/Users/win-win/Documents/workspace-tbs/UIT/Python-ML/uit-vietnamese-mrc/.venv/lib/python3.12/site-packages/streamlit/watcher/local_sources_watcher.py", line 340, in get_module_paths
    potential_paths = extract_paths(module)
                      ^^^^^^^^^^^^^^^^^^^^^
  File "/Users/win-win/Documents/workspace-tbs/UIT/Python-ML/uit-vietnamese-mrc/.venv/lib/python3.12/site-packages/streamlit/watcher/local_sources_watcher.py", line 327, in <lambda>
    if hasattr(m, "__path__")
       ^^^^^^^^^^^^^^^^^^^^^^
  File "/Users/win-win/Documents/workspace-tbs/UIT/Python-ML/uit-vietnamese-mrc/.venv/lib/python3.12/site-packages/transformers/__init__.py", line 867, in _getattr
    return getattr(importlib.import_module(target, __name__), name)
                   ^^^^^^^^^^^^^^^^^^^^^^^^^^^^^^^^^^^^^^^^^
  File "/Users/win-win/.local/share/uv/python/cpython-3.12.13-macos-aarch64-none/lib/python3.12/importlib/__init__.py", line 90, in import_module
    return _bootstrap._gcd_import(name[level:], package, level)
           ^^^^^^^^^^^^^^^^^^^^^^^^^^^^^^^^^^^^^^^^^^^^^^^^^^^^
  File "<frozen importlib._bootstrap>", line 1387, in _gcd_import
  File "<frozen importlib._bootstrap>", line 1360, in _find_and_load
  File "<frozen importlib._bootstrap>", line 1331, in _find_and_load_unlocked
  File "<frozen importlib._bootstrap>", line 935, in _load_unlocked
  File "<frozen importlib._bootstrap_external>", line 999, in exec_module
  File "<frozen importlib._bootstrap>", line 488, in _call_with_frames_removed
  File "/Users/win-win/Documents/workspace-tbs/UIT/Python-ML/uit-vietnamese-mrc/.venv/lib/python3.12/site-packages/transformers/models/pp_ocrv6_small_rec/image_processing_pp_ocrv6_small_rec.py", line 24, in <module>
    import torchvision.transforms.v2.functional as tvF
ModuleNotFoundError: No module named 'torchvision'
2026-09-12 20:27:47.848 Examining the path of transformers.models.prompt_depth_anything.image_processing_prompt_depth_anything_fast raised:
Traceback (most recent call last):
  File "/Users/win-win/Documents/workspace-tbs/UIT/Python-ML/uit-vietnamese-mrc/.venv/lib/python3.12/site-packages/streamlit/watcher/local_sources_watcher.py", line 340, in get_module_paths
    potential_paths = extract_paths(module)
                      ^^^^^^^^^^^^^^^^^^^^^
  File "/Users/win-win/Documents/workspace-tbs/UIT/Python-ML/uit-vietnamese-mrc/.venv/lib/python3.12/site-packages/streamlit/watcher/local_sources_watcher.py", line 327, in <lambda>
    if hasattr(m, "__path__")
       ^^^^^^^^^^^^^^^^^^^^^^
  File "/Users/win-win/Documents/workspace-tbs/UIT/Python-ML/uit-vietnamese-mrc/.venv/lib/python3.12/site-packages/transformers/__init__.py", line 867, in _getattr
    return getattr(importlib.import_module(target, __name__), name)
                   ^^^^^^^^^^^^^^^^^^^^^^^^^^^^^^^^^^^^^^^^^
  File "/Users/win-win/.local/share/uv/python/cpython-3.12.13-macos-aarch64-none/lib/python3.12/importlib/__init__.py", line 90, in import_module
    return _bootstrap._gcd_import(name[level:], package, level)
           ^^^^^^^^^^^^^^^^^^^^^^^^^^^^^^^^^^^^^^^^^^^^^^^^^^^^
  File "<frozen importlib._bootstrap>", line 1387, in _gcd_import
  File "<frozen importlib._bootstrap>", line 1360, in _find_and_load
  File "<frozen importlib._bootstrap>", line 1331, in _find_and_load_unlocked
  File "<frozen importlib._bootstrap>", line 935, in _load_unlocked
  File "<frozen importlib._bootstrap_external>", line 999, in exec_module
  File "<frozen importlib._bootstrap>", line 488, in _call_with_frames_removed
  File "/Users/win-win/Documents/workspace-tbs/UIT/Python-ML/uit-vietnamese-mrc/.venv/lib/python3.12/site-packages/transformers/models/prompt_depth_anything/image_processing_prompt_depth_anything.py", line 42, in <module>
    from torchvision.transforms.v2 import functional as tvF
ModuleNotFoundError: No module named 'torchvision'
2026-09-12 20:27:47.849 Examining the path of transformers.models.qwen2_vl.image_processing_qwen2_vl_fast raised:
Traceback (most recent call last):
  File "/Users/win-win/Documents/workspace-tbs/UIT/Python-ML/uit-vietnamese-mrc/.venv/lib/python3.12/site-packages/streamlit/watcher/local_sources_watcher.py", line 340, in get_module_paths
    potential_paths = extract_paths(module)
                      ^^^^^^^^^^^^^^^^^^^^^
  File "/Users/win-win/Documents/workspace-tbs/UIT/Python-ML/uit-vietnamese-mrc/.venv/lib/python3.12/site-packages/streamlit/watcher/local_sources_watcher.py", line 327, in <lambda>
    if hasattr(m, "__path__")
       ^^^^^^^^^^^^^^^^^^^^^^
  File "/Users/win-win/Documents/workspace-tbs/UIT/Python-ML/uit-vietnamese-mrc/.venv/lib/python3.12/site-packages/transformers/__init__.py", line 867, in _getattr
    return getattr(importlib.import_module(target, __name__), name)
                   ^^^^^^^^^^^^^^^^^^^^^^^^^^^^^^^^^^^^^^^^^
  File "/Users/win-win/.local/share/uv/python/cpython-3.12.13-macos-aarch64-none/lib/python3.12/importlib/__init__.py", line 90, in import_module
    return _bootstrap._gcd_import(name[level:], package, level)
           ^^^^^^^^^^^^^^^^^^^^^^^^^^^^^^^^^^^^^^^^^^^^^^^^^^^^
  File "<frozen importlib._bootstrap>", line 1387, in _gcd_import
  File "<frozen importlib._bootstrap>", line 1360, in _find_and_load
  File "<frozen importlib._bootstrap>", line 1331, in _find_and_load_unlocked
  File "<frozen importlib._bootstrap>", line 935, in _load_unlocked
  File "<frozen importlib._bootstrap_external>", line 999, in exec_module
  File "<frozen importlib._bootstrap>", line 488, in _call_with_frames_removed
  File "/Users/win-win/Documents/workspace-tbs/UIT/Python-ML/uit-vietnamese-mrc/.venv/lib/python3.12/site-packages/transformers/models/qwen2_vl/image_processing_qwen2_vl.py", line 25, in <module>
    from torchvision.transforms.v2 import functional as tvF
ModuleNotFoundError: No module named 'torchvision'
2026-09-12 20:27:47.849 Examining the path of transformers.models.rf_detr.image_processing_rf_detr_fast raised:
Traceback (most recent call last):
  File "/Users/win-win/Documents/workspace-tbs/UIT/Python-ML/uit-vietnamese-mrc/.venv/lib/python3.12/site-packages/streamlit/watcher/local_sources_watcher.py", line 340, in get_module_paths
    potential_paths = extract_paths(module)
                      ^^^^^^^^^^^^^^^^^^^^^
  File "/Users/win-win/Documents/workspace-tbs/UIT/Python-ML/uit-vietnamese-mrc/.venv/lib/python3.12/site-packages/streamlit/watcher/local_sources_watcher.py", line 327, in <lambda>
    if hasattr(m, "__path__")
       ^^^^^^^^^^^^^^^^^^^^^^
  File "/Users/win-win/Documents/workspace-tbs/UIT/Python-ML/uit-vietnamese-mrc/.venv/lib/python3.12/site-packages/transformers/__init__.py", line 867, in _getattr
    return getattr(importlib.import_module(target, __name__), name)
                   ^^^^^^^^^^^^^^^^^^^^^^^^^^^^^^^^^^^^^^^^^
  File "/Users/win-win/.local/share/uv/python/cpython-3.12.13-macos-aarch64-none/lib/python3.12/importlib/__init__.py", line 90, in import_module
    return _bootstrap._gcd_import(name[level:], package, level)
           ^^^^^^^^^^^^^^^^^^^^^^^^^^^^^^^^^^^^^^^^^^^^^^^^^^^^
  File "<frozen importlib._bootstrap>", line 1387, in _gcd_import
  File "<frozen importlib._bootstrap>", line 1360, in _find_and_load
  File "<frozen importlib._bootstrap>", line 1331, in _find_and_load_unlocked
  File "<frozen importlib._bootstrap>", line 935, in _load_unlocked
  File "<frozen importlib._bootstrap_external>", line 999, in exec_module
  File "<frozen importlib._bootstrap>", line 488, in _call_with_frames_removed
  File "/Users/win-win/Documents/workspace-tbs/UIT/Python-ML/uit-vietnamese-mrc/.venv/lib/python3.12/site-packages/transformers/models/rf_detr/image_processing_rf_detr.py", line 26, in <module>
    from torchvision.transforms.v2 import functional as tvF
ModuleNotFoundError: No module named 'torchvision'
2026-09-12 20:27:47.849 Examining the path of transformers.models.rt_detr.image_processing_rt_detr_fast raised:
Traceback (most recent call last):
  File "/Users/win-win/Documents/workspace-tbs/UIT/Python-ML/uit-vietnamese-mrc/.venv/lib/python3.12/site-packages/streamlit/watcher/local_sources_watcher.py", line 340, in get_module_paths
    potential_paths = extract_paths(module)
                      ^^^^^^^^^^^^^^^^^^^^^
  File "/Users/win-win/Documents/workspace-tbs/UIT/Python-ML/uit-vietnamese-mrc/.venv/lib/python3.12/site-packages/streamlit/watcher/local_sources_watcher.py", line 327, in <lambda>
    if hasattr(m, "__path__")
       ^^^^^^^^^^^^^^^^^^^^^^
  File "/Users/win-win/Documents/workspace-tbs/UIT/Python-ML/uit-vietnamese-mrc/.venv/lib/python3.12/site-packages/transformers/__init__.py", line 867, in _getattr
    return getattr(importlib.import_module(target, __name__), name)
                   ^^^^^^^^^^^^^^^^^^^^^^^^^^^^^^^^^^^^^^^^^
  File "/Users/win-win/.local/share/uv/python/cpython-3.12.13-macos-aarch64-none/lib/python3.12/importlib/__init__.py", line 90, in import_module
    return _bootstrap._gcd_import(name[level:], package, level)
           ^^^^^^^^^^^^^^^^^^^^^^^^^^^^^^^^^^^^^^^^^^^^^^^^^^^^
  File "<frozen importlib._bootstrap>", line 1387, in _gcd_import
  File "<frozen importlib._bootstrap>", line 1360, in _find_and_load
  File "<frozen importlib._bootstrap>", line 1331, in _find_and_load_unlocked
  File "<frozen importlib._bootstrap>", line 935, in _load_unlocked
  File "<frozen importlib._bootstrap_external>", line 999, in exec_module
  File "<frozen importlib._bootstrap>", line 488, in _call_with_frames_removed
  File "/Users/win-win/Documents/workspace-tbs/UIT/Python-ML/uit-vietnamese-mrc/.venv/lib/python3.12/site-packages/transformers/models/rt_detr/image_processing_rt_detr.py", line 24, in <module>
    from torchvision.transforms.v2 import functional as tvF
ModuleNotFoundError: No module named 'torchvision'
2026-09-12 20:27:47.850 Examining the path of transformers.models.sam.image_processing_sam_fast raised:
Traceback (most recent call last):
  File "/Users/win-win/Documents/workspace-tbs/UIT/Python-ML/uit-vietnamese-mrc/.venv/lib/python3.12/site-packages/streamlit/watcher/local_sources_watcher.py", line 340, in get_module_paths
    potential_paths = extract_paths(module)
                      ^^^^^^^^^^^^^^^^^^^^^
  File "/Users/win-win/Documents/workspace-tbs/UIT/Python-ML/uit-vietnamese-mrc/.venv/lib/python3.12/site-packages/streamlit/watcher/local_sources_watcher.py", line 327, in <lambda>
    if hasattr(m, "__path__")
       ^^^^^^^^^^^^^^^^^^^^^^
  File "/Users/win-win/Documents/workspace-tbs/UIT/Python-ML/uit-vietnamese-mrc/.venv/lib/python3.12/site-packages/transformers/__init__.py", line 867, in _getattr
    return getattr(importlib.import_module(target, __name__), name)
                   ^^^^^^^^^^^^^^^^^^^^^^^^^^^^^^^^^^^^^^^^^
  File "/Users/win-win/.local/share/uv/python/cpython-3.12.13-macos-aarch64-none/lib/python3.12/importlib/__init__.py", line 90, in import_module
    return _bootstrap._gcd_import(name[level:], package, level)
           ^^^^^^^^^^^^^^^^^^^^^^^^^^^^^^^^^^^^^^^^^^^^^^^^^^^^
  File "<frozen importlib._bootstrap>", line 1387, in _gcd_import
  File "<frozen importlib._bootstrap>", line 1360, in _find_and_load
  File "<frozen importlib._bootstrap>", line 1331, in _find_and_load_unlocked
  File "<frozen importlib._bootstrap>", line 935, in _load_unlocked
  File "<frozen importlib._bootstrap_external>", line 999, in exec_module
  File "<frozen importlib._bootstrap>", line 488, in _call_with_frames_removed
  File "/Users/win-win/Documents/workspace-tbs/UIT/Python-ML/uit-vietnamese-mrc/.venv/lib/python3.12/site-packages/transformers/models/sam/image_processing_sam.py", line 25, in <module>
    from torchvision.ops.boxes import batched_nms
ModuleNotFoundError: No module named 'torchvision'
2026-09-12 20:27:47.850 Examining the path of transformers.models.sam2.image_processing_sam2_fast raised:
Traceback (most recent call last):
  File "/Users/win-win/Documents/workspace-tbs/UIT/Python-ML/uit-vietnamese-mrc/.venv/lib/python3.12/site-packages/streamlit/watcher/local_sources_watcher.py", line 340, in get_module_paths
    potential_paths = extract_paths(module)
                      ^^^^^^^^^^^^^^^^^^^^^
  File "/Users/win-win/Documents/workspace-tbs/UIT/Python-ML/uit-vietnamese-mrc/.venv/lib/python3.12/site-packages/streamlit/watcher/local_sources_watcher.py", line 327, in <lambda>
    if hasattr(m, "__path__")
       ^^^^^^^^^^^^^^^^^^^^^^
  File "/Users/win-win/Documents/workspace-tbs/UIT/Python-ML/uit-vietnamese-mrc/.venv/lib/python3.12/site-packages/transformers/__init__.py", line 867, in _getattr
    return getattr(importlib.import_module(target, __name__), name)
                   ^^^^^^^^^^^^^^^^^^^^^^^^^^^^^^^^^^^^^^^^^
  File "/Users/win-win/.local/share/uv/python/cpython-3.12.13-macos-aarch64-none/lib/python3.12/importlib/__init__.py", line 90, in import_module
    return _bootstrap._gcd_import(name[level:], package, level)
           ^^^^^^^^^^^^^^^^^^^^^^^^^^^^^^^^^^^^^^^^^^^^^^^^^^^^
  File "<frozen importlib._bootstrap>", line 1387, in _gcd_import
  File "<frozen importlib._bootstrap>", line 1360, in _find_and_load
  File "<frozen importlib._bootstrap>", line 1331, in _find_and_load_unlocked
  File "<frozen importlib._bootstrap>", line 935, in _load_unlocked
  File "<frozen importlib._bootstrap_external>", line 999, in exec_module
  File "<frozen importlib._bootstrap>", line 488, in _call_with_frames_removed
  File "/Users/win-win/Documents/workspace-tbs/UIT/Python-ML/uit-vietnamese-mrc/.venv/lib/python3.12/site-packages/transformers/models/sam2/image_processing_sam2.py", line 28, in <module>
    from torchvision.ops.boxes import batched_nms
ModuleNotFoundError: No module named 'torchvision'
2026-09-12 20:27:47.850 Examining the path of transformers.models.sam3.image_processing_sam3_fast raised:
Traceback (most recent call last):
  File "/Users/win-win/Documents/workspace-tbs/UIT/Python-ML/uit-vietnamese-mrc/.venv/lib/python3.12/site-packages/streamlit/watcher/local_sources_watcher.py", line 340, in get_module_paths
    potential_paths = extract_paths(module)
                      ^^^^^^^^^^^^^^^^^^^^^
  File "/Users/win-win/Documents/workspace-tbs/UIT/Python-ML/uit-vietnamese-mrc/.venv/lib/python3.12/site-packages/streamlit/watcher/local_sources_watcher.py", line 327, in <lambda>
    if hasattr(m, "__path__")
       ^^^^^^^^^^^^^^^^^^^^^^
  File "/Users/win-win/Documents/workspace-tbs/UIT/Python-ML/uit-vietnamese-mrc/.venv/lib/python3.12/site-packages/transformers/__init__.py", line 867, in _getattr
    return getattr(importlib.import_module(target, __name__), name)
                   ^^^^^^^^^^^^^^^^^^^^^^^^^^^^^^^^^^^^^^^^^
  File "/Users/win-win/.local/share/uv/python/cpython-3.12.13-macos-aarch64-none/lib/python3.12/importlib/__init__.py", line 90, in import_module
    return _bootstrap._gcd_import(name[level:], package, level)
           ^^^^^^^^^^^^^^^^^^^^^^^^^^^^^^^^^^^^^^^^^^^^^^^^^^^^
  File "<frozen importlib._bootstrap>", line 1387, in _gcd_import
  File "<frozen importlib._bootstrap>", line 1360, in _find_and_load
  File "<frozen importlib._bootstrap>", line 1331, in _find_and_load_unlocked
  File "<frozen importlib._bootstrap>", line 935, in _load_unlocked
  File "<frozen importlib._bootstrap_external>", line 999, in exec_module
  File "<frozen importlib._bootstrap>", line 488, in _call_with_frames_removed
  File "/Users/win-win/Documents/workspace-tbs/UIT/Python-ML/uit-vietnamese-mrc/.venv/lib/python3.12/site-packages/transformers/models/sam3/image_processing_sam3.py", line 30, in <module>
    from torchvision.ops.boxes import batched_nms
ModuleNotFoundError: No module named 'torchvision'
2026-09-12 20:27:47.851 Examining the path of transformers.models.sapiens2.image_processing_sapiens2_fast raised:
Traceback (most recent call last):
  File "/Users/win-win/Documents/workspace-tbs/UIT/Python-ML/uit-vietnamese-mrc/.venv/lib/python3.12/site-packages/streamlit/watcher/local_sources_watcher.py", line 340, in get_module_paths
    potential_paths = extract_paths(module)
                      ^^^^^^^^^^^^^^^^^^^^^
  File "/Users/win-win/Documents/workspace-tbs/UIT/Python-ML/uit-vietnamese-mrc/.venv/lib/python3.12/site-packages/streamlit/watcher/local_sources_watcher.py", line 327, in <lambda>
    if hasattr(m, "__path__")
       ^^^^^^^^^^^^^^^^^^^^^^
  File "/Users/win-win/Documents/workspace-tbs/UIT/Python-ML/uit-vietnamese-mrc/.venv/lib/python3.12/site-packages/transformers/__init__.py", line 867, in _getattr
    return getattr(importlib.import_module(target, __name__), name)
                   ^^^^^^^^^^^^^^^^^^^^^^^^^^^^^^^^^^^^^^^^^
  File "/Users/win-win/.local/share/uv/python/cpython-3.12.13-macos-aarch64-none/lib/python3.12/importlib/__init__.py", line 90, in import_module
    return _bootstrap._gcd_import(name[level:], package, level)
           ^^^^^^^^^^^^^^^^^^^^^^^^^^^^^^^^^^^^^^^^^^^^^^^^^^^^
  File "<frozen importlib._bootstrap>", line 1387, in _gcd_import
  File "<frozen importlib._bootstrap>", line 1360, in _find_and_load
  File "<frozen importlib._bootstrap>", line 1331, in _find_and_load_unlocked
  File "<frozen importlib._bootstrap>", line 935, in _load_unlocked
  File "<frozen importlib._bootstrap_external>", line 999, in exec_module
  File "<frozen importlib._bootstrap>", line 488, in _call_with_frames_removed
  File "/Users/win-win/Documents/workspace-tbs/UIT/Python-ML/uit-vietnamese-mrc/.venv/lib/python3.12/site-packages/transformers/models/sapiens2/image_processing_sapiens2.py", line 23, in <module>
    from torchvision.transforms.v2 import functional as tvF
ModuleNotFoundError: No module named 'torchvision'
2026-09-12 20:27:47.851 Examining the path of transformers.models.segformer.image_processing_segformer_fast raised:
Traceback (most recent call last):
  File "/Users/win-win/Documents/workspace-tbs/UIT/Python-ML/uit-vietnamese-mrc/.venv/lib/python3.12/site-packages/streamlit/watcher/local_sources_watcher.py", line 340, in get_module_paths
    potential_paths = extract_paths(module)
                      ^^^^^^^^^^^^^^^^^^^^^
  File "/Users/win-win/Documents/workspace-tbs/UIT/Python-ML/uit-vietnamese-mrc/.venv/lib/python3.12/site-packages/streamlit/watcher/local_sources_watcher.py", line 327, in <lambda>
    if hasattr(m, "__path__")
       ^^^^^^^^^^^^^^^^^^^^^^
  File "/Users/win-win/Documents/workspace-tbs/UIT/Python-ML/uit-vietnamese-mrc/.venv/lib/python3.12/site-packages/transformers/__init__.py", line 867, in _getattr
    return getattr(importlib.import_module(target, __name__), name)
                   ^^^^^^^^^^^^^^^^^^^^^^^^^^^^^^^^^^^^^^^^^
  File "/Users/win-win/.local/share/uv/python/cpython-3.12.13-macos-aarch64-none/lib/python3.12/importlib/__init__.py", line 90, in import_module
    return _bootstrap._gcd_import(name[level:], package, level)
           ^^^^^^^^^^^^^^^^^^^^^^^^^^^^^^^^^^^^^^^^^^^^^^^^^^^^
  File "<frozen importlib._bootstrap>", line 1387, in _gcd_import
  File "<frozen importlib._bootstrap>", line 1360, in _find_and_load
  File "<frozen importlib._bootstrap>", line 1331, in _find_and_load_unlocked
  File "<frozen importlib._bootstrap>", line 935, in _load_unlocked
  File "<frozen importlib._bootstrap_external>", line 999, in exec_module
  File "<frozen importlib._bootstrap>", line 488, in _call_with_frames_removed
  File "/Users/win-win/Documents/workspace-tbs/UIT/Python-ML/uit-vietnamese-mrc/.venv/lib/python3.12/site-packages/transformers/models/segformer/image_processing_segformer.py", line 25, in <module>
    import torchvision.transforms.v2.functional as tvF
ModuleNotFoundError: No module named 'torchvision'
2026-09-12 20:27:47.852 Examining the path of transformers.models.seggpt.image_processing_seggpt_fast raised:
Traceback (most recent call last):
  File "/Users/win-win/Documents/workspace-tbs/UIT/Python-ML/uit-vietnamese-mrc/.venv/lib/python3.12/site-packages/streamlit/watcher/local_sources_watcher.py", line 340, in get_module_paths
    potential_paths = extract_paths(module)
                      ^^^^^^^^^^^^^^^^^^^^^
  File "/Users/win-win/Documents/workspace-tbs/UIT/Python-ML/uit-vietnamese-mrc/.venv/lib/python3.12/site-packages/streamlit/watcher/local_sources_watcher.py", line 327, in <lambda>
    if hasattr(m, "__path__")
       ^^^^^^^^^^^^^^^^^^^^^^
  File "/Users/win-win/Documents/workspace-tbs/UIT/Python-ML/uit-vietnamese-mrc/.venv/lib/python3.12/site-packages/transformers/__init__.py", line 867, in _getattr
    return getattr(importlib.import_module(target, __name__), name)
                   ^^^^^^^^^^^^^^^^^^^^^^^^^^^^^^^^^^^^^^^^^
  File "/Users/win-win/.local/share/uv/python/cpython-3.12.13-macos-aarch64-none/lib/python3.12/importlib/__init__.py", line 90, in import_module
    return _bootstrap._gcd_import(name[level:], package, level)
           ^^^^^^^^^^^^^^^^^^^^^^^^^^^^^^^^^^^^^^^^^^^^^^^^^^^^
  File "<frozen importlib._bootstrap>", line 1387, in _gcd_import
  File "<frozen importlib._bootstrap>", line 1360, in _find_and_load
  File "<frozen importlib._bootstrap>", line 1331, in _find_and_load_unlocked
  File "<frozen importlib._bootstrap>", line 935, in _load_unlocked
  File "<frozen importlib._bootstrap_external>", line 999, in exec_module
  File "<frozen importlib._bootstrap>", line 488, in _call_with_frames_removed
  File "/Users/win-win/Documents/workspace-tbs/UIT/Python-ML/uit-vietnamese-mrc/.venv/lib/python3.12/site-packages/transformers/models/seggpt/image_processing_seggpt.py", line 20, in <module>
    from torchvision.transforms.v2 import functional as tvF
ModuleNotFoundError: No module named 'torchvision'
2026-09-12 20:27:47.852 Examining the path of transformers.models.siglip2.image_processing_siglip2_fast raised:
Traceback (most recent call last):
  File "/Users/win-win/Documents/workspace-tbs/UIT/Python-ML/uit-vietnamese-mrc/.venv/lib/python3.12/site-packages/streamlit/watcher/local_sources_watcher.py", line 340, in get_module_paths
    potential_paths = extract_paths(module)
                      ^^^^^^^^^^^^^^^^^^^^^
  File "/Users/win-win/Documents/workspace-tbs/UIT/Python-ML/uit-vietnamese-mrc/.venv/lib/python3.12/site-packages/streamlit/watcher/local_sources_watcher.py", line 327, in <lambda>
    if hasattr(m, "__path__")
       ^^^^^^^^^^^^^^^^^^^^^^
  File "/Users/win-win/Documents/workspace-tbs/UIT/Python-ML/uit-vietnamese-mrc/.venv/lib/python3.12/site-packages/transformers/__init__.py", line 867, in _getattr
    return getattr(importlib.import_module(target, __name__), name)
                   ^^^^^^^^^^^^^^^^^^^^^^^^^^^^^^^^^^^^^^^^^
  File "/Users/win-win/.local/share/uv/python/cpython-3.12.13-macos-aarch64-none/lib/python3.12/importlib/__init__.py", line 90, in import_module
    return _bootstrap._gcd_import(name[level:], package, level)
           ^^^^^^^^^^^^^^^^^^^^^^^^^^^^^^^^^^^^^^^^^^^^^^^^^^^^
  File "<frozen importlib._bootstrap>", line 1387, in _gcd_import
  File "<frozen importlib._bootstrap>", line 1360, in _find_and_load
  File "<frozen importlib._bootstrap>", line 1331, in _find_and_load_unlocked
  File "<frozen importlib._bootstrap>", line 935, in _load_unlocked
  File "<frozen importlib._bootstrap_external>", line 999, in exec_module
  File "<frozen importlib._bootstrap>", line 488, in _call_with_frames_removed
  File "/Users/win-win/Documents/workspace-tbs/UIT/Python-ML/uit-vietnamese-mrc/.venv/lib/python3.12/site-packages/transformers/models/siglip2/image_processing_siglip2.py", line 17, in <module>
    from torchvision.transforms.v2 import functional as tvF
ModuleNotFoundError: No module named 'torchvision'
2026-09-12 20:27:47.852 Examining the path of transformers.models.slanext.image_processing_slanext_fast raised:
Traceback (most recent call last):
  File "/Users/win-win/Documents/workspace-tbs/UIT/Python-ML/uit-vietnamese-mrc/.venv/lib/python3.12/site-packages/streamlit/watcher/local_sources_watcher.py", line 340, in get_module_paths
    potential_paths = extract_paths(module)
                      ^^^^^^^^^^^^^^^^^^^^^
  File "/Users/win-win/Documents/workspace-tbs/UIT/Python-ML/uit-vietnamese-mrc/.venv/lib/python3.12/site-packages/streamlit/watcher/local_sources_watcher.py", line 327, in <lambda>
    if hasattr(m, "__path__")
       ^^^^^^^^^^^^^^^^^^^^^^
  File "/Users/win-win/Documents/workspace-tbs/UIT/Python-ML/uit-vietnamese-mrc/.venv/lib/python3.12/site-packages/transformers/__init__.py", line 867, in _getattr
    return getattr(importlib.import_module(target, __name__), name)
                   ^^^^^^^^^^^^^^^^^^^^^^^^^^^^^^^^^^^^^^^^^
  File "/Users/win-win/.local/share/uv/python/cpython-3.12.13-macos-aarch64-none/lib/python3.12/importlib/__init__.py", line 90, in import_module
    return _bootstrap._gcd_import(name[level:], package, level)
           ^^^^^^^^^^^^^^^^^^^^^^^^^^^^^^^^^^^^^^^^^^^^^^^^^^^^
  File "<frozen importlib._bootstrap>", line 1387, in _gcd_import
  File "<frozen importlib._bootstrap>", line 1360, in _find_and_load
  File "<frozen importlib._bootstrap>", line 1331, in _find_and_load_unlocked
  File "<frozen importlib._bootstrap>", line 935, in _load_unlocked
  File "<frozen importlib._bootstrap_external>", line 999, in exec_module
  File "<frozen importlib._bootstrap>", line 488, in _call_with_frames_removed
  File "/Users/win-win/Documents/workspace-tbs/UIT/Python-ML/uit-vietnamese-mrc/.venv/lib/python3.12/site-packages/transformers/models/slanext/image_processing_slanext.py", line 23, in <module>
    import torchvision.transforms.v2.functional as tvF
ModuleNotFoundError: No module named 'torchvision'
2026-09-12 20:27:47.853 Examining the path of transformers.models.smolvlm.image_processing_smolvlm_fast raised:
Traceback (most recent call last):
  File "/Users/win-win/Documents/workspace-tbs/UIT/Python-ML/uit-vietnamese-mrc/.venv/lib/python3.12/site-packages/streamlit/watcher/local_sources_watcher.py", line 340, in get_module_paths
    potential_paths = extract_paths(module)
                      ^^^^^^^^^^^^^^^^^^^^^
  File "/Users/win-win/Documents/workspace-tbs/UIT/Python-ML/uit-vietnamese-mrc/.venv/lib/python3.12/site-packages/streamlit/watcher/local_sources_watcher.py", line 327, in <lambda>
    if hasattr(m, "__path__")
       ^^^^^^^^^^^^^^^^^^^^^^
  File "/Users/win-win/Documents/workspace-tbs/UIT/Python-ML/uit-vietnamese-mrc/.venv/lib/python3.12/site-packages/transformers/__init__.py", line 867, in _getattr
    return getattr(importlib.import_module(target, __name__), name)
                   ^^^^^^^^^^^^^^^^^^^^^^^^^^^^^^^^^^^^^^^^^
  File "/Users/win-win/.local/share/uv/python/cpython-3.12.13-macos-aarch64-none/lib/python3.12/importlib/__init__.py", line 90, in import_module
    return _bootstrap._gcd_import(name[level:], package, level)
           ^^^^^^^^^^^^^^^^^^^^^^^^^^^^^^^^^^^^^^^^^^^^^^^^^^^^
  File "<frozen importlib._bootstrap>", line 1387, in _gcd_import
  File "<frozen importlib._bootstrap>", line 1360, in _find_and_load
  File "<frozen importlib._bootstrap>", line 1331, in _find_and_load_unlocked
  File "<frozen importlib._bootstrap>", line 935, in _load_unlocked
  File "<frozen importlib._bootstrap_external>", line 999, in exec_module
  File "<frozen importlib._bootstrap>", line 488, in _call_with_frames_removed
  File "/Users/win-win/Documents/workspace-tbs/UIT/Python-ML/uit-vietnamese-mrc/.venv/lib/python3.12/site-packages/transformers/models/smolvlm/image_processing_smolvlm.py", line 27, in <module>
    from torchvision.transforms.v2 import functional as tvF
ModuleNotFoundError: No module named 'torchvision'
2026-09-12 20:27:47.853 Examining the path of transformers.models.superglue.image_processing_superglue_fast raised:
Traceback (most recent call last):
  File "/Users/win-win/Documents/workspace-tbs/UIT/Python-ML/uit-vietnamese-mrc/.venv/lib/python3.12/site-packages/streamlit/watcher/local_sources_watcher.py", line 340, in get_module_paths
    potential_paths = extract_paths(module)
                      ^^^^^^^^^^^^^^^^^^^^^
  File "/Users/win-win/Documents/workspace-tbs/UIT/Python-ML/uit-vietnamese-mrc/.venv/lib/python3.12/site-packages/streamlit/watcher/local_sources_watcher.py", line 327, in <lambda>
    if hasattr(m, "__path__")
       ^^^^^^^^^^^^^^^^^^^^^^
  File "/Users/win-win/Documents/workspace-tbs/UIT/Python-ML/uit-vietnamese-mrc/.venv/lib/python3.12/site-packages/transformers/__init__.py", line 867, in _getattr
    return getattr(importlib.import_module(target, __name__), name)
                   ^^^^^^^^^^^^^^^^^^^^^^^^^^^^^^^^^^^^^^^^^
  File "/Users/win-win/.local/share/uv/python/cpython-3.12.13-macos-aarch64-none/lib/python3.12/importlib/__init__.py", line 90, in import_module
    return _bootstrap._gcd_import(name[level:], package, level)
           ^^^^^^^^^^^^^^^^^^^^^^^^^^^^^^^^^^^^^^^^^^^^^^^^^^^^
  File "<frozen importlib._bootstrap>", line 1387, in _gcd_import
  File "<frozen importlib._bootstrap>", line 1360, in _find_and_load
  File "<frozen importlib._bootstrap>", line 1331, in _find_and_load_unlocked
  File "<frozen importlib._bootstrap>", line 935, in _load_unlocked
  File "<frozen importlib._bootstrap_external>", line 999, in exec_module
  File "<frozen importlib._bootstrap>", line 488, in _call_with_frames_removed
  File "/Users/win-win/Documents/workspace-tbs/UIT/Python-ML/uit-vietnamese-mrc/.venv/lib/python3.12/site-packages/transformers/models/superglue/image_processing_superglue.py", line 47, in <module>
    from torchvision.transforms.v2 import functional as tvF
ModuleNotFoundError: No module named 'torchvision'
2026-09-12 20:27:47.853 Examining the path of transformers.models.superpoint.image_processing_superpoint_fast raised:
Traceback (most recent call last):
  File "/Users/win-win/Documents/workspace-tbs/UIT/Python-ML/uit-vietnamese-mrc/.venv/lib/python3.12/site-packages/streamlit/watcher/local_sources_watcher.py", line 340, in get_module_paths
    potential_paths = extract_paths(module)
                      ^^^^^^^^^^^^^^^^^^^^^
  File "/Users/win-win/Documents/workspace-tbs/UIT/Python-ML/uit-vietnamese-mrc/.venv/lib/python3.12/site-packages/streamlit/watcher/local_sources_watcher.py", line 327, in <lambda>
    if hasattr(m, "__path__")
       ^^^^^^^^^^^^^^^^^^^^^^
  File "/Users/win-win/Documents/workspace-tbs/UIT/Python-ML/uit-vietnamese-mrc/.venv/lib/python3.12/site-packages/transformers/__init__.py", line 867, in _getattr
    return getattr(importlib.import_module(target, __name__), name)
                   ^^^^^^^^^^^^^^^^^^^^^^^^^^^^^^^^^^^^^^^^^
  File "/Users/win-win/.local/share/uv/python/cpython-3.12.13-macos-aarch64-none/lib/python3.12/importlib/__init__.py", line 90, in import_module
    return _bootstrap._gcd_import(name[level:], package, level)
           ^^^^^^^^^^^^^^^^^^^^^^^^^^^^^^^^^^^^^^^^^^^^^^^^^^^^
  File "<frozen importlib._bootstrap>", line 1387, in _gcd_import
  File "<frozen importlib._bootstrap>", line 1360, in _find_and_load
  File "<frozen importlib._bootstrap>", line 1331, in _find_and_load_unlocked
  File "<frozen importlib._bootstrap>", line 935, in _load_unlocked
  File "<frozen importlib._bootstrap_external>", line 999, in exec_module
  File "<frozen importlib._bootstrap>", line 488, in _call_with_frames_removed
  File "/Users/win-win/Documents/workspace-tbs/UIT/Python-ML/uit-vietnamese-mrc/.venv/lib/python3.12/site-packages/transformers/models/superpoint/image_processing_superpoint.py", line 31, in <module>
    from torchvision.transforms.v2 import functional as tvF
ModuleNotFoundError: No module named 'torchvision'
2026-09-12 20:27:47.854 Examining the path of transformers.models.swin2sr.image_processing_swin2sr_fast raised:
Traceback (most recent call last):
  File "/Users/win-win/Documents/workspace-tbs/UIT/Python-ML/uit-vietnamese-mrc/.venv/lib/python3.12/site-packages/streamlit/watcher/local_sources_watcher.py", line 340, in get_module_paths
    potential_paths = extract_paths(module)
                      ^^^^^^^^^^^^^^^^^^^^^
  File "/Users/win-win/Documents/workspace-tbs/UIT/Python-ML/uit-vietnamese-mrc/.venv/lib/python3.12/site-packages/streamlit/watcher/local_sources_watcher.py", line 327, in <lambda>
    if hasattr(m, "__path__")
       ^^^^^^^^^^^^^^^^^^^^^^
  File "/Users/win-win/Documents/workspace-tbs/UIT/Python-ML/uit-vietnamese-mrc/.venv/lib/python3.12/site-packages/transformers/__init__.py", line 867, in _getattr
    return getattr(importlib.import_module(target, __name__), name)
                   ^^^^^^^^^^^^^^^^^^^^^^^^^^^^^^^^^^^^^^^^^
  File "/Users/win-win/.local/share/uv/python/cpython-3.12.13-macos-aarch64-none/lib/python3.12/importlib/__init__.py", line 90, in import_module
    return _bootstrap._gcd_import(name[level:], package, level)
           ^^^^^^^^^^^^^^^^^^^^^^^^^^^^^^^^^^^^^^^^^^^^^^^^^^^^
  File "<frozen importlib._bootstrap>", line 1387, in _gcd_import
  File "<frozen importlib._bootstrap>", line 1360, in _find_and_load
  File "<frozen importlib._bootstrap>", line 1331, in _find_and_load_unlocked
  File "<frozen importlib._bootstrap>", line 935, in _load_unlocked
  File "<frozen importlib._bootstrap_external>", line 999, in exec_module
  File "<frozen importlib._bootstrap>", line 488, in _call_with_frames_removed
  File "/Users/win-win/Documents/workspace-tbs/UIT/Python-ML/uit-vietnamese-mrc/.venv/lib/python3.12/site-packages/transformers/models/swin2sr/image_processing_swin2sr.py", line 17, in <module>
    from torchvision.transforms.v2 import functional as tvF
ModuleNotFoundError: No module named 'torchvision'
2026-09-12 20:27:47.854 Examining the path of transformers.models.textnet.image_processing_textnet_fast raised:
Traceback (most recent call last):
  File "/Users/win-win/Documents/workspace-tbs/UIT/Python-ML/uit-vietnamese-mrc/.venv/lib/python3.12/site-packages/streamlit/watcher/local_sources_watcher.py", line 340, in get_module_paths
    potential_paths = extract_paths(module)
                      ^^^^^^^^^^^^^^^^^^^^^
  File "/Users/win-win/Documents/workspace-tbs/UIT/Python-ML/uit-vietnamese-mrc/.venv/lib/python3.12/site-packages/streamlit/watcher/local_sources_watcher.py", line 327, in <lambda>
    if hasattr(m, "__path__")
       ^^^^^^^^^^^^^^^^^^^^^^
  File "/Users/win-win/Documents/workspace-tbs/UIT/Python-ML/uit-vietnamese-mrc/.venv/lib/python3.12/site-packages/transformers/__init__.py", line 867, in _getattr
    return getattr(importlib.import_module(target, __name__), name)
                   ^^^^^^^^^^^^^^^^^^^^^^^^^^^^^^^^^^^^^^^^^
  File "/Users/win-win/.local/share/uv/python/cpython-3.12.13-macos-aarch64-none/lib/python3.12/importlib/__init__.py", line 90, in import_module
    return _bootstrap._gcd_import(name[level:], package, level)
           ^^^^^^^^^^^^^^^^^^^^^^^^^^^^^^^^^^^^^^^^^^^^^^^^^^^^
  File "<frozen importlib._bootstrap>", line 1387, in _gcd_import
  File "<frozen importlib._bootstrap>", line 1360, in _find_and_load
  File "<frozen importlib._bootstrap>", line 1331, in _find_and_load_unlocked
  File "<frozen importlib._bootstrap>", line 935, in _load_unlocked
  File "<frozen importlib._bootstrap_external>", line 999, in exec_module
  File "<frozen importlib._bootstrap>", line 488, in _call_with_frames_removed
  File "/Users/win-win/Documents/workspace-tbs/UIT/Python-ML/uit-vietnamese-mrc/.venv/lib/python3.12/site-packages/transformers/models/textnet/image_processing_textnet.py", line 17, in <module>
    from torchvision.transforms.v2 import functional as tvF
ModuleNotFoundError: No module named 'torchvision'
2026-09-12 20:27:47.854 Examining the path of transformers.models.tvp.image_processing_tvp_fast raised:
Traceback (most recent call last):
  File "/Users/win-win/Documents/workspace-tbs/UIT/Python-ML/uit-vietnamese-mrc/.venv/lib/python3.12/site-packages/streamlit/watcher/local_sources_watcher.py", line 340, in get_module_paths
    potential_paths = extract_paths(module)
                      ^^^^^^^^^^^^^^^^^^^^^
  File "/Users/win-win/Documents/workspace-tbs/UIT/Python-ML/uit-vietnamese-mrc/.venv/lib/python3.12/site-packages/streamlit/watcher/local_sources_watcher.py", line 327, in <lambda>
    if hasattr(m, "__path__")
       ^^^^^^^^^^^^^^^^^^^^^^
  File "/Users/win-win/Documents/workspace-tbs/UIT/Python-ML/uit-vietnamese-mrc/.venv/lib/python3.12/site-packages/transformers/__init__.py", line 867, in _getattr
    return getattr(importlib.import_module(target, __name__), name)
                   ^^^^^^^^^^^^^^^^^^^^^^^^^^^^^^^^^^^^^^^^^
  File "/Users/win-win/.local/share/uv/python/cpython-3.12.13-macos-aarch64-none/lib/python3.12/importlib/__init__.py", line 90, in import_module
    return _bootstrap._gcd_import(name[level:], package, level)
           ^^^^^^^^^^^^^^^^^^^^^^^^^^^^^^^^^^^^^^^^^^^^^^^^^^^^
  File "<frozen importlib._bootstrap>", line 1387, in _gcd_import
  File "<frozen importlib._bootstrap>", line 1360, in _find_and_load
  File "<frozen importlib._bootstrap>", line 1331, in _find_and_load_unlocked
  File "<frozen importlib._bootstrap>", line 935, in _load_unlocked
  File "<frozen importlib._bootstrap_external>", line 999, in exec_module
  File "<frozen importlib._bootstrap>", line 488, in _call_with_frames_removed
  File "/Users/win-win/Documents/workspace-tbs/UIT/Python-ML/uit-vietnamese-mrc/.venv/lib/python3.12/site-packages/transformers/models/tvp/image_processing_tvp.py", line 17, in <module>
    from torchvision.transforms.v2 import functional as tvF
ModuleNotFoundError: No module named 'torchvision'
2026-09-12 20:27:47.855 Examining the path of transformers.models.video_llama_3.image_processing_video_llama_3_fast raised:
Traceback (most recent call last):
  File "/Users/win-win/Documents/workspace-tbs/UIT/Python-ML/uit-vietnamese-mrc/.venv/lib/python3.12/site-packages/streamlit/watcher/local_sources_watcher.py", line 340, in get_module_paths
    potential_paths = extract_paths(module)
                      ^^^^^^^^^^^^^^^^^^^^^
  File "/Users/win-win/Documents/workspace-tbs/UIT/Python-ML/uit-vietnamese-mrc/.venv/lib/python3.12/site-packages/streamlit/watcher/local_sources_watcher.py", line 327, in <lambda>
    if hasattr(m, "__path__")
       ^^^^^^^^^^^^^^^^^^^^^^
  File "/Users/win-win/Documents/workspace-tbs/UIT/Python-ML/uit-vietnamese-mrc/.venv/lib/python3.12/site-packages/transformers/__init__.py", line 867, in _getattr
    return getattr(importlib.import_module(target, __name__), name)
                   ^^^^^^^^^^^^^^^^^^^^^^^^^^^^^^^^^^^^^^^^^
  File "/Users/win-win/.local/share/uv/python/cpython-3.12.13-macos-aarch64-none/lib/python3.12/importlib/__init__.py", line 90, in import_module
    return _bootstrap._gcd_import(name[level:], package, level)
           ^^^^^^^^^^^^^^^^^^^^^^^^^^^^^^^^^^^^^^^^^^^^^^^^^^^^
  File "<frozen importlib._bootstrap>", line 1387, in _gcd_import
  File "<frozen importlib._bootstrap>", line 1360, in _find_and_load
  File "<frozen importlib._bootstrap>", line 1331, in _find_and_load_unlocked
  File "<frozen importlib._bootstrap>", line 935, in _load_unlocked
  File "<frozen importlib._bootstrap_external>", line 999, in exec_module
  File "<frozen importlib._bootstrap>", line 488, in _call_with_frames_removed
  File "/Users/win-win/Documents/workspace-tbs/UIT/Python-ML/uit-vietnamese-mrc/.venv/lib/python3.12/site-packages/transformers/models/video_llama_3/image_processing_video_llama_3.py", line 24, in <module>
    import torchvision.transforms.v2.functional as tvF
ModuleNotFoundError: No module named 'torchvision'
2026-09-12 20:27:47.855 Examining the path of transformers.models.videomae.image_processing_videomae_fast raised:
Traceback (most recent call last):
  File "/Users/win-win/Documents/workspace-tbs/UIT/Python-ML/uit-vietnamese-mrc/.venv/lib/python3.12/site-packages/streamlit/watcher/local_sources_watcher.py", line 340, in get_module_paths
    potential_paths = extract_paths(module)
                      ^^^^^^^^^^^^^^^^^^^^^
  File "/Users/win-win/Documents/workspace-tbs/UIT/Python-ML/uit-vietnamese-mrc/.venv/lib/python3.12/site-packages/streamlit/watcher/local_sources_watcher.py", line 327, in <lambda>
    if hasattr(m, "__path__")
       ^^^^^^^^^^^^^^^^^^^^^^
  File "/Users/win-win/Documents/workspace-tbs/UIT/Python-ML/uit-vietnamese-mrc/.venv/lib/python3.12/site-packages/transformers/__init__.py", line 867, in _getattr
    return getattr(importlib.import_module(target, __name__), name)
                   ^^^^^^^^^^^^^^^^^^^^^^^^^^^^^^^^^^^^^^^^^
  File "/Users/win-win/.local/share/uv/python/cpython-3.12.13-macos-aarch64-none/lib/python3.12/importlib/__init__.py", line 90, in import_module
    return _bootstrap._gcd_import(name[level:], package, level)
           ^^^^^^^^^^^^^^^^^^^^^^^^^^^^^^^^^^^^^^^^^^^^^^^^^^^^
  File "<frozen importlib._bootstrap>", line 1387, in _gcd_import
  File "<frozen importlib._bootstrap>", line 1360, in _find_and_load
  File "<frozen importlib._bootstrap>", line 1331, in _find_and_load_unlocked
  File "<frozen importlib._bootstrap>", line 935, in _load_unlocked
  File "<frozen importlib._bootstrap_external>", line 999, in exec_module
  File "<frozen importlib._bootstrap>", line 488, in _call_with_frames_removed
  File "/Users/win-win/Documents/workspace-tbs/UIT/Python-ML/uit-vietnamese-mrc/.venv/lib/python3.12/site-packages/transformers/models/videomae/image_processing_videomae.py", line 17, in <module>
    from torchvision.transforms.v2 import functional as tvF
ModuleNotFoundError: No module named 'torchvision'
2026-09-12 20:27:47.855 Examining the path of transformers.models.vilt.image_processing_vilt_fast raised:
Traceback (most recent call last):
  File "/Users/win-win/Documents/workspace-tbs/UIT/Python-ML/uit-vietnamese-mrc/.venv/lib/python3.12/site-packages/streamlit/watcher/local_sources_watcher.py", line 340, in get_module_paths
    potential_paths = extract_paths(module)
                      ^^^^^^^^^^^^^^^^^^^^^
  File "/Users/win-win/Documents/workspace-tbs/UIT/Python-ML/uit-vietnamese-mrc/.venv/lib/python3.12/site-packages/streamlit/watcher/local_sources_watcher.py", line 327, in <lambda>
    if hasattr(m, "__path__")
       ^^^^^^^^^^^^^^^^^^^^^^
  File "/Users/win-win/Documents/workspace-tbs/UIT/Python-ML/uit-vietnamese-mrc/.venv/lib/python3.12/site-packages/transformers/__init__.py", line 867, in _getattr
    return getattr(importlib.import_module(target, __name__), name)
                   ^^^^^^^^^^^^^^^^^^^^^^^^^^^^^^^^^^^^^^^^^
  File "/Users/win-win/.local/share/uv/python/cpython-3.12.13-macos-aarch64-none/lib/python3.12/importlib/__init__.py", line 90, in import_module
    return _bootstrap._gcd_import(name[level:], package, level)
           ^^^^^^^^^^^^^^^^^^^^^^^^^^^^^^^^^^^^^^^^^^^^^^^^^^^^
  File "<frozen importlib._bootstrap>", line 1387, in _gcd_import
  File "<frozen importlib._bootstrap>", line 1360, in _find_and_load
  File "<frozen importlib._bootstrap>", line 1331, in _find_and_load_unlocked
  File "<frozen importlib._bootstrap>", line 935, in _load_unlocked
  File "<frozen importlib._bootstrap_external>", line 999, in exec_module
  File "<frozen importlib._bootstrap>", line 488, in _call_with_frames_removed
  File "/Users/win-win/Documents/workspace-tbs/UIT/Python-ML/uit-vietnamese-mrc/.venv/lib/python3.12/site-packages/transformers/models/vilt/image_processing_vilt.py", line 17, in <module>
    from torchvision.transforms.v2 import functional as tvF
ModuleNotFoundError: No module named 'torchvision'
2026-09-12 20:27:47.856 Examining the path of transformers.models.vitmatte.image_processing_vitmatte_fast raised:
Traceback (most recent call last):
  File "/Users/win-win/Documents/workspace-tbs/UIT/Python-ML/uit-vietnamese-mrc/.venv/lib/python3.12/site-packages/streamlit/watcher/local_sources_watcher.py", line 340, in get_module_paths
    potential_paths = extract_paths(module)
                      ^^^^^^^^^^^^^^^^^^^^^
  File "/Users/win-win/Documents/workspace-tbs/UIT/Python-ML/uit-vietnamese-mrc/.venv/lib/python3.12/site-packages/streamlit/watcher/local_sources_watcher.py", line 327, in <lambda>
    if hasattr(m, "__path__")
       ^^^^^^^^^^^^^^^^^^^^^^
  File "/Users/win-win/Documents/workspace-tbs/UIT/Python-ML/uit-vietnamese-mrc/.venv/lib/python3.12/site-packages/transformers/__init__.py", line 867, in _getattr
    return getattr(importlib.import_module(target, __name__), name)
                   ^^^^^^^^^^^^^^^^^^^^^^^^^^^^^^^^^^^^^^^^^
  File "/Users/win-win/.local/share/uv/python/cpython-3.12.13-macos-aarch64-none/lib/python3.12/importlib/__init__.py", line 90, in import_module
    return _bootstrap._gcd_import(name[level:], package, level)
           ^^^^^^^^^^^^^^^^^^^^^^^^^^^^^^^^^^^^^^^^^^^^^^^^^^^^
  File "<frozen importlib._bootstrap>", line 1387, in _gcd_import
  File "<frozen importlib._bootstrap>", line 1360, in _find_and_load
  File "<frozen importlib._bootstrap>", line 1331, in _find_and_load_unlocked
  File "<frozen importlib._bootstrap>", line 935, in _load_unlocked
  File "<frozen importlib._bootstrap_external>", line 999, in exec_module
  File "<frozen importlib._bootstrap>", line 488, in _call_with_frames_removed
  File "/Users/win-win/Documents/workspace-tbs/UIT/Python-ML/uit-vietnamese-mrc/.venv/lib/python3.12/site-packages/transformers/models/vitmatte/image_processing_vitmatte.py", line 19, in <module>
    from torchvision.transforms.v2 import functional as tvF
ModuleNotFoundError: No module named 'torchvision'
2026-09-12 20:27:47.856 Examining the path of transformers.models.vitpose.image_processing_vitpose_fast raised:
Traceback (most recent call last):
  File "/Users/win-win/Documents/workspace-tbs/UIT/Python-ML/uit-vietnamese-mrc/.venv/lib/python3.12/site-packages/streamlit/watcher/local_sources_watcher.py", line 340, in get_module_paths
    potential_paths = extract_paths(module)
                      ^^^^^^^^^^^^^^^^^^^^^
  File "/Users/win-win/Documents/workspace-tbs/UIT/Python-ML/uit-vietnamese-mrc/.venv/lib/python3.12/site-packages/streamlit/watcher/local_sources_watcher.py", line 327, in <lambda>
    if hasattr(m, "__path__")
       ^^^^^^^^^^^^^^^^^^^^^^
  File "/Users/win-win/Documents/workspace-tbs/UIT/Python-ML/uit-vietnamese-mrc/.venv/lib/python3.12/site-packages/transformers/__init__.py", line 867, in _getattr
    return getattr(importlib.import_module(target, __name__), name)
                   ^^^^^^^^^^^^^^^^^^^^^^^^^^^^^^^^^^^^^^^^^
  File "/Users/win-win/.local/share/uv/python/cpython-3.12.13-macos-aarch64-none/lib/python3.12/importlib/__init__.py", line 90, in import_module
    return _bootstrap._gcd_import(name[level:], package, level)
           ^^^^^^^^^^^^^^^^^^^^^^^^^^^^^^^^^^^^^^^^^^^^^^^^^^^^
  File "<frozen importlib._bootstrap>", line 1387, in _gcd_import
  File "<frozen importlib._bootstrap>", line 1360, in _find_and_load
  File "<frozen importlib._bootstrap>", line 1331, in _find_and_load_unlocked
  File "<frozen importlib._bootstrap>", line 935, in _load_unlocked
  File "<frozen importlib._bootstrap_external>", line 999, in exec_module
  File "<frozen importlib._bootstrap>", line 488, in _call_with_frames_removed
  File "/Users/win-win/Documents/workspace-tbs/UIT/Python-ML/uit-vietnamese-mrc/.venv/lib/python3.12/site-packages/transformers/models/vitpose/image_processing_vitpose.py", line 22, in <module>
    from torchvision.transforms.v2 import functional as tvF
ModuleNotFoundError: No module named 'torchvision'
2026-09-12 20:27:47.857 Examining the path of transformers.models.yolos.image_processing_yolos_fast raised:
Traceback (most recent call last):
  File "/Users/win-win/Documents/workspace-tbs/UIT/Python-ML/uit-vietnamese-mrc/.venv/lib/python3.12/site-packages/streamlit/watcher/local_sources_watcher.py", line 340, in get_module_paths
    potential_paths = extract_paths(module)
                      ^^^^^^^^^^^^^^^^^^^^^
  File "/Users/win-win/Documents/workspace-tbs/UIT/Python-ML/uit-vietnamese-mrc/.venv/lib/python3.12/site-packages/streamlit/watcher/local_sources_watcher.py", line 327, in <lambda>
    if hasattr(m, "__path__")
       ^^^^^^^^^^^^^^^^^^^^^^
  File "/Users/win-win/Documents/workspace-tbs/UIT/Python-ML/uit-vietnamese-mrc/.venv/lib/python3.12/site-packages/transformers/__init__.py", line 867, in _getattr
    return getattr(importlib.import_module(target, __name__), name)
                   ^^^^^^^^^^^^^^^^^^^^^^^^^^^^^^^^^^^^^^^^^
  File "/Users/win-win/.local/share/uv/python/cpython-3.12.13-macos-aarch64-none/lib/python3.12/importlib/__init__.py", line 90, in import_module
    return _bootstrap._gcd_import(name[level:], package, level)
           ^^^^^^^^^^^^^^^^^^^^^^^^^^^^^^^^^^^^^^^^^^^^^^^^^^^^
  File "<frozen importlib._bootstrap>", line 1387, in _gcd_import
  File "<frozen importlib._bootstrap>", line 1360, in _find_and_load
  File "<frozen importlib._bootstrap>", line 1331, in _find_and_load_unlocked
  File "<frozen importlib._bootstrap>", line 935, in _load_unlocked
  File "<frozen importlib._bootstrap_external>", line 999, in exec_module
  File "<frozen importlib._bootstrap>", line 488, in _call_with_frames_removed
  File "/Users/win-win/Documents/workspace-tbs/UIT/Python-ML/uit-vietnamese-mrc/.venv/lib/python3.12/site-packages/transformers/models/yolos/image_processing_yolos.py", line 12, in <module>
    from torchvision.io import read_image
ModuleNotFoundError: No module named 'torchvision'
2026-09-12 20:27:47.857 Examining the path of transformers.models.zoedepth.image_processing_zoedepth_fast raised:
Traceback (most recent call last):
  File "/Users/win-win/Documents/workspace-tbs/UIT/Python-ML/uit-vietnamese-mrc/.venv/lib/python3.12/site-packages/streamlit/watcher/local_sources_watcher.py", line 340, in get_module_paths
    potential_paths = extract_paths(module)
                      ^^^^^^^^^^^^^^^^^^^^^
  File "/Users/win-win/Documents/workspace-tbs/UIT/Python-ML/uit-vietnamese-mrc/.venv/lib/python3.12/site-packages/streamlit/watcher/local_sources_watcher.py", line 327, in <lambda>
    if hasattr(m, "__path__")
       ^^^^^^^^^^^^^^^^^^^^^^
  File "/Users/win-win/Documents/workspace-tbs/UIT/Python-ML/uit-vietnamese-mrc/.venv/lib/python3.12/site-packages/transformers/__init__.py", line 867, in _getattr
    return getattr(importlib.import_module(target, __name__), name)
                   ^^^^^^^^^^^^^^^^^^^^^^^^^^^^^^^^^^^^^^^^^
  File "/Users/win-win/.local/share/uv/python/cpython-3.12.13-macos-aarch64-none/lib/python3.12/importlib/__init__.py", line 90, in import_module
    return _bootstrap._gcd_import(name[level:], package, level)
           ^^^^^^^^^^^^^^^^^^^^^^^^^^^^^^^^^^^^^^^^^^^^^^^^^^^^
  File "<frozen importlib._bootstrap>", line 1387, in _gcd_import
  File "<frozen importlib._bootstrap>", line 1360, in _find_and_load
  File "<frozen importlib._bootstrap>", line 1331, in _find_and_load_unlocked
  File "<frozen importlib._bootstrap>", line 935, in _load_unlocked
  File "<frozen importlib._bootstrap_external>", line 999, in exec_module
  File "<frozen importlib._bootstrap>", line 488, in _call_with_frames_removed
  File "/Users/win-win/Documents/workspace-tbs/UIT/Python-ML/uit-vietnamese-mrc/.venv/lib/python3.12/site-packages/transformers/models/zoedepth/image_processing_zoedepth.py", line 43, in <module>
    from torchvision.transforms.v2 import functional as tvF
ModuleNotFoundError: No module named 'torchvision'
Loading weights:   0%|          | 0/199 [00:00<?, ?it/s]Loading weights: 100%|██████████| 199/199 [00:00<00:00, 10178.98it/s]
Loading weights:   0%|          | 0/199 [00:00<?, ?it/s]Loading weights: 100%|██████████| 199/199 [00:00<00:00, 10499.08it/s]
Loading weights:   0%|          | 0/199 [00:00<?, ?it/s]Loading weights: 100%|██████████| 199/199 [00:00<00:00, 9262.24it/s]
2026-09-12 20:32:39.988 Examining the path of transformers.models.aria.image_processing_aria_fast raised:
Traceback (most recent call last):
  File "/Users/win-win/Documents/workspace-tbs/UIT/Python-ML/uit-vietnamese-mrc/.venv/lib/python3.12/site-packages/streamlit/watcher/local_sources_watcher.py", line 340, in get_module_paths
    potential_paths = extract_paths(module)
                      ^^^^^^^^^^^^^^^^^^^^^
  File "/Users/win-win/Documents/workspace-tbs/UIT/Python-ML/uit-vietnamese-mrc/.venv/lib/python3.12/site-packages/streamlit/watcher/local_sources_watcher.py", line 327, in <lambda>
    if hasattr(m, "__path__")
       ^^^^^^^^^^^^^^^^^^^^^^
  File "/Users/win-win/Documents/workspace-tbs/UIT/Python-ML/uit-vietnamese-mrc/.venv/lib/python3.12/site-packages/transformers/__init__.py", line 867, in _getattr
    return getattr(importlib.import_module(target, __name__), name)
                   ^^^^^^^^^^^^^^^^^^^^^^^^^^^^^^^^^^^^^^^^^
  File "/Users/win-win/.local/share/uv/python/cpython-3.12.13-macos-aarch64-none/lib/python3.12/importlib/__init__.py", line 90, in import_module
    return _bootstrap._gcd_import(name[level:], package, level)
           ^^^^^^^^^^^^^^^^^^^^^^^^^^^^^^^^^^^^^^^^^^^^^^^^^^^^
  File "<frozen importlib._bootstrap>", line 1387, in _gcd_import
  File "<frozen importlib._bootstrap>", line 1360, in _find_and_load
  File "<frozen importlib._bootstrap>", line 1331, in _find_and_load_unlocked
  File "<frozen importlib._bootstrap>", line 935, in _load_unlocked
  File "<frozen importlib._bootstrap_external>", line 999, in exec_module
  File "<frozen importlib._bootstrap>", line 488, in _call_with_frames_removed
  File "/Users/win-win/Documents/workspace-tbs/UIT/Python-ML/uit-vietnamese-mrc/.venv/lib/python3.12/site-packages/transformers/models/aria/image_processing_aria.py", line 23, in <module>
    from torchvision.transforms.v2 import functional as tvF
ModuleNotFoundError: No module named 'torchvision'
2026-09-12 20:32:39.990 Examining the path of transformers.models.beit.image_processing_beit_fast raised:
Traceback (most recent call last):
  File "/Users/win-win/Documents/workspace-tbs/UIT/Python-ML/uit-vietnamese-mrc/.venv/lib/python3.12/site-packages/streamlit/watcher/local_sources_watcher.py", line 340, in get_module_paths
    potential_paths = extract_paths(module)
                      ^^^^^^^^^^^^^^^^^^^^^
  File "/Users/win-win/Documents/workspace-tbs/UIT/Python-ML/uit-vietnamese-mrc/.venv/lib/python3.12/site-packages/streamlit/watcher/local_sources_watcher.py", line 327, in <lambda>
    if hasattr(m, "__path__")
       ^^^^^^^^^^^^^^^^^^^^^^
  File "/Users/win-win/Documents/workspace-tbs/UIT/Python-ML/uit-vietnamese-mrc/.venv/lib/python3.12/site-packages/transformers/__init__.py", line 867, in _getattr
    return getattr(importlib.import_module(target, __name__), name)
                   ^^^^^^^^^^^^^^^^^^^^^^^^^^^^^^^^^^^^^^^^^
  File "/Users/win-win/.local/share/uv/python/cpython-3.12.13-macos-aarch64-none/lib/python3.12/importlib/__init__.py", line 90, in import_module
    return _bootstrap._gcd_import(name[level:], package, level)
           ^^^^^^^^^^^^^^^^^^^^^^^^^^^^^^^^^^^^^^^^^^^^^^^^^^^^
  File "<frozen importlib._bootstrap>", line 1387, in _gcd_import
  File "<frozen importlib._bootstrap>", line 1360, in _find_and_load
  File "<frozen importlib._bootstrap>", line 1331, in _find_and_load_unlocked
  File "<frozen importlib._bootstrap>", line 935, in _load_unlocked
  File "<frozen importlib._bootstrap_external>", line 999, in exec_module
  File "<frozen importlib._bootstrap>", line 488, in _call_with_frames_removed
  File "/Users/win-win/Documents/workspace-tbs/UIT/Python-ML/uit-vietnamese-mrc/.venv/lib/python3.12/site-packages/transformers/models/beit/image_processing_beit.py", line 20, in <module>
    from torchvision.transforms.v2 import functional as tvF
ModuleNotFoundError: No module named 'torchvision'
2026-09-12 20:32:39.991 Examining the path of transformers.models.bridgetower.image_processing_bridgetower_fast raised:
Traceback (most recent call last):
  File "/Users/win-win/Documents/workspace-tbs/UIT/Python-ML/uit-vietnamese-mrc/.venv/lib/python3.12/site-packages/streamlit/watcher/local_sources_watcher.py", line 340, in get_module_paths
    potential_paths = extract_paths(module)
                      ^^^^^^^^^^^^^^^^^^^^^
  File "/Users/win-win/Documents/workspace-tbs/UIT/Python-ML/uit-vietnamese-mrc/.venv/lib/python3.12/site-packages/streamlit/watcher/local_sources_watcher.py", line 327, in <lambda>
    if hasattr(m, "__path__")
       ^^^^^^^^^^^^^^^^^^^^^^
  File "/Users/win-win/Documents/workspace-tbs/UIT/Python-ML/uit-vietnamese-mrc/.venv/lib/python3.12/site-packages/transformers/__init__.py", line 867, in _getattr
    return getattr(importlib.import_module(target, __name__), name)
                   ^^^^^^^^^^^^^^^^^^^^^^^^^^^^^^^^^^^^^^^^^
  File "/Users/win-win/.local/share/uv/python/cpython-3.12.13-macos-aarch64-none/lib/python3.12/importlib/__init__.py", line 90, in import_module
    return _bootstrap._gcd_import(name[level:], package, level)
           ^^^^^^^^^^^^^^^^^^^^^^^^^^^^^^^^^^^^^^^^^^^^^^^^^^^^
  File "<frozen importlib._bootstrap>", line 1387, in _gcd_import
  File "<frozen importlib._bootstrap>", line 1360, in _find_and_load
  File "<frozen importlib._bootstrap>", line 1331, in _find_and_load_unlocked
  File "<frozen importlib._bootstrap>", line 935, in _load_unlocked
  File "<frozen importlib._bootstrap_external>", line 999, in exec_module
  File "<frozen importlib._bootstrap>", line 488, in _call_with_frames_removed
  File "/Users/win-win/Documents/workspace-tbs/UIT/Python-ML/uit-vietnamese-mrc/.venv/lib/python3.12/site-packages/transformers/models/bridgetower/image_processing_bridgetower.py", line 20, in <module>
    from torchvision.transforms.v2 import functional as tvF
ModuleNotFoundError: No module named 'torchvision'
2026-09-12 20:32:39.992 Examining the path of transformers.models.chmv2.image_processing_chmv2_fast raised:
Traceback (most recent call last):
  File "/Users/win-win/Documents/workspace-tbs/UIT/Python-ML/uit-vietnamese-mrc/.venv/lib/python3.12/site-packages/streamlit/watcher/local_sources_watcher.py", line 340, in get_module_paths
    potential_paths = extract_paths(module)
                      ^^^^^^^^^^^^^^^^^^^^^
  File "/Users/win-win/Documents/workspace-tbs/UIT/Python-ML/uit-vietnamese-mrc/.venv/lib/python3.12/site-packages/streamlit/watcher/local_sources_watcher.py", line 327, in <lambda>
    if hasattr(m, "__path__")
       ^^^^^^^^^^^^^^^^^^^^^^
  File "/Users/win-win/Documents/workspace-tbs/UIT/Python-ML/uit-vietnamese-mrc/.venv/lib/python3.12/site-packages/transformers/__init__.py", line 867, in _getattr
    return getattr(importlib.import_module(target, __name__), name)
                   ^^^^^^^^^^^^^^^^^^^^^^^^^^^^^^^^^^^^^^^^^
  File "/Users/win-win/.local/share/uv/python/cpython-3.12.13-macos-aarch64-none/lib/python3.12/importlib/__init__.py", line 90, in import_module
    return _bootstrap._gcd_import(name[level:], package, level)
           ^^^^^^^^^^^^^^^^^^^^^^^^^^^^^^^^^^^^^^^^^^^^^^^^^^^^
  File "<frozen importlib._bootstrap>", line 1387, in _gcd_import
  File "<frozen importlib._bootstrap>", line 1360, in _find_and_load
  File "<frozen importlib._bootstrap>", line 1331, in _find_and_load_unlocked
  File "<frozen importlib._bootstrap>", line 935, in _load_unlocked
  File "<frozen importlib._bootstrap_external>", line 999, in exec_module
  File "<frozen importlib._bootstrap>", line 488, in _call_with_frames_removed
  File "/Users/win-win/Documents/workspace-tbs/UIT/Python-ML/uit-vietnamese-mrc/.venv/lib/python3.12/site-packages/transformers/models/chmv2/image_processing_chmv2.py", line 27, in <module>
    from torchvision.transforms.v2 import functional as tvF
ModuleNotFoundError: No module named 'torchvision'
2026-09-12 20:32:39.992 Examining the path of transformers.models.cohere2_vision.image_processing_cohere2_vision_fast raised:
Traceback (most recent call last):
  File "/Users/win-win/Documents/workspace-tbs/UIT/Python-ML/uit-vietnamese-mrc/.venv/lib/python3.12/site-packages/streamlit/watcher/local_sources_watcher.py", line 340, in get_module_paths
    potential_paths = extract_paths(module)
                      ^^^^^^^^^^^^^^^^^^^^^
  File "/Users/win-win/Documents/workspace-tbs/UIT/Python-ML/uit-vietnamese-mrc/.venv/lib/python3.12/site-packages/streamlit/watcher/local_sources_watcher.py", line 327, in <lambda>
    if hasattr(m, "__path__")
       ^^^^^^^^^^^^^^^^^^^^^^
  File "/Users/win-win/Documents/workspace-tbs/UIT/Python-ML/uit-vietnamese-mrc/.venv/lib/python3.12/site-packages/transformers/__init__.py", line 867, in _getattr
    return getattr(importlib.import_module(target, __name__), name)
                   ^^^^^^^^^^^^^^^^^^^^^^^^^^^^^^^^^^^^^^^^^
  File "/Users/win-win/.local/share/uv/python/cpython-3.12.13-macos-aarch64-none/lib/python3.12/importlib/__init__.py", line 90, in import_module
    return _bootstrap._gcd_import(name[level:], package, level)
           ^^^^^^^^^^^^^^^^^^^^^^^^^^^^^^^^^^^^^^^^^^^^^^^^^^^^
  File "<frozen importlib._bootstrap>", line 1387, in _gcd_import
  File "<frozen importlib._bootstrap>", line 1360, in _find_and_load
  File "<frozen importlib._bootstrap>", line 1331, in _find_and_load_unlocked
  File "<frozen importlib._bootstrap>", line 935, in _load_unlocked
  File "<frozen importlib._bootstrap_external>", line 999, in exec_module
  File "<frozen importlib._bootstrap>", line 488, in _call_with_frames_removed
  File "/Users/win-win/Documents/workspace-tbs/UIT/Python-ML/uit-vietnamese-mrc/.venv/lib/python3.12/site-packages/transformers/models/cohere2_vision/image_processing_cohere2_vision.py", line 25, in <module>
    from torchvision.transforms.v2 import functional as tvF
ModuleNotFoundError: No module named 'torchvision'
2026-09-12 20:32:39.993 Examining the path of transformers.models.cohere_compass.image_processing_cohere_compass_fast raised:
Traceback (most recent call last):
  File "/Users/win-win/Documents/workspace-tbs/UIT/Python-ML/uit-vietnamese-mrc/.venv/lib/python3.12/site-packages/streamlit/watcher/local_sources_watcher.py", line 340, in get_module_paths
    potential_paths = extract_paths(module)
                      ^^^^^^^^^^^^^^^^^^^^^
  File "/Users/win-win/Documents/workspace-tbs/UIT/Python-ML/uit-vietnamese-mrc/.venv/lib/python3.12/site-packages/streamlit/watcher/local_sources_watcher.py", line 327, in <lambda>
    if hasattr(m, "__path__")
       ^^^^^^^^^^^^^^^^^^^^^^
  File "/Users/win-win/Documents/workspace-tbs/UIT/Python-ML/uit-vietnamese-mrc/.venv/lib/python3.12/site-packages/transformers/__init__.py", line 867, in _getattr
    return getattr(importlib.import_module(target, __name__), name)
                   ^^^^^^^^^^^^^^^^^^^^^^^^^^^^^^^^^^^^^^^^^
  File "/Users/win-win/.local/share/uv/python/cpython-3.12.13-macos-aarch64-none/lib/python3.12/importlib/__init__.py", line 90, in import_module
    return _bootstrap._gcd_import(name[level:], package, level)
           ^^^^^^^^^^^^^^^^^^^^^^^^^^^^^^^^^^^^^^^^^^^^^^^^^^^^
  File "<frozen importlib._bootstrap>", line 1387, in _gcd_import
  File "<frozen importlib._bootstrap>", line 1360, in _find_and_load
  File "<frozen importlib._bootstrap>", line 1331, in _find_and_load_unlocked
  File "<frozen importlib._bootstrap>", line 935, in _load_unlocked
  File "<frozen importlib._bootstrap_external>", line 999, in exec_module
  File "<frozen importlib._bootstrap>", line 488, in _call_with_frames_removed
  File "/Users/win-win/Documents/workspace-tbs/UIT/Python-ML/uit-vietnamese-mrc/.venv/lib/python3.12/site-packages/transformers/models/cohere_compass/image_processing_cohere_compass.py", line 25, in <module>
    from torchvision.transforms.v2 import functional as tvF
ModuleNotFoundError: No module named 'torchvision'
2026-09-12 20:32:39.993 Examining the path of transformers.models.conditional_detr.image_processing_conditional_detr_fast raised:
Traceback (most recent call last):
  File "/Users/win-win/Documents/workspace-tbs/UIT/Python-ML/uit-vietnamese-mrc/.venv/lib/python3.12/site-packages/streamlit/watcher/local_sources_watcher.py", line 340, in get_module_paths
    potential_paths = extract_paths(module)
                      ^^^^^^^^^^^^^^^^^^^^^
  File "/Users/win-win/Documents/workspace-tbs/UIT/Python-ML/uit-vietnamese-mrc/.venv/lib/python3.12/site-packages/streamlit/watcher/local_sources_watcher.py", line 327, in <lambda>
    if hasattr(m, "__path__")
       ^^^^^^^^^^^^^^^^^^^^^^
  File "/Users/win-win/Documents/workspace-tbs/UIT/Python-ML/uit-vietnamese-mrc/.venv/lib/python3.12/site-packages/transformers/__init__.py", line 867, in _getattr
    return getattr(importlib.import_module(target, __name__), name)
                   ^^^^^^^^^^^^^^^^^^^^^^^^^^^^^^^^^^^^^^^^^
  File "/Users/win-win/.local/share/uv/python/cpython-3.12.13-macos-aarch64-none/lib/python3.12/importlib/__init__.py", line 90, in import_module
    return _bootstrap._gcd_import(name[level:], package, level)
           ^^^^^^^^^^^^^^^^^^^^^^^^^^^^^^^^^^^^^^^^^^^^^^^^^^^^
  File "<frozen importlib._bootstrap>", line 1387, in _gcd_import
  File "<frozen importlib._bootstrap>", line 1360, in _find_and_load
  File "<frozen importlib._bootstrap>", line 1331, in _find_and_load_unlocked
  File "<frozen importlib._bootstrap>", line 935, in _load_unlocked
  File "<frozen importlib._bootstrap_external>", line 999, in exec_module
  File "<frozen importlib._bootstrap>", line 488, in _call_with_frames_removed
  File "/Users/win-win/Documents/workspace-tbs/UIT/Python-ML/uit-vietnamese-mrc/.venv/lib/python3.12/site-packages/transformers/models/conditional_detr/image_processing_conditional_detr.py", line 27, in <module>
    from torchvision.io import read_image
ModuleNotFoundError: No module named 'torchvision'
2026-09-12 20:32:39.994 Examining the path of transformers.models.convnext.image_processing_convnext_fast raised:
Traceback (most recent call last):
  File "/Users/win-win/Documents/workspace-tbs/UIT/Python-ML/uit-vietnamese-mrc/.venv/lib/python3.12/site-packages/streamlit/watcher/local_sources_watcher.py", line 340, in get_module_paths
    potential_paths = extract_paths(module)
                      ^^^^^^^^^^^^^^^^^^^^^
  File "/Users/win-win/Documents/workspace-tbs/UIT/Python-ML/uit-vietnamese-mrc/.venv/lib/python3.12/site-packages/streamlit/watcher/local_sources_watcher.py", line 327, in <lambda>
    if hasattr(m, "__path__")
       ^^^^^^^^^^^^^^^^^^^^^^
  File "/Users/win-win/Documents/workspace-tbs/UIT/Python-ML/uit-vietnamese-mrc/.venv/lib/python3.12/site-packages/transformers/__init__.py", line 867, in _getattr
    return getattr(importlib.import_module(target, __name__), name)
                   ^^^^^^^^^^^^^^^^^^^^^^^^^^^^^^^^^^^^^^^^^
  File "/Users/win-win/.local/share/uv/python/cpython-3.12.13-macos-aarch64-none/lib/python3.12/importlib/__init__.py", line 90, in import_module
    return _bootstrap._gcd_import(name[level:], package, level)
           ^^^^^^^^^^^^^^^^^^^^^^^^^^^^^^^^^^^^^^^^^^^^^^^^^^^^
  File "<frozen importlib._bootstrap>", line 1387, in _gcd_import
  File "<frozen importlib._bootstrap>", line 1360, in _find_and_load
  File "<frozen importlib._bootstrap>", line 1331, in _find_and_load_unlocked
  File "<frozen importlib._bootstrap>", line 935, in _load_unlocked
  File "<frozen importlib._bootstrap_external>", line 999, in exec_module
  File "<frozen importlib._bootstrap>", line 488, in _call_with_frames_removed
  File "/Users/win-win/Documents/workspace-tbs/UIT/Python-ML/uit-vietnamese-mrc/.venv/lib/python3.12/site-packages/transformers/models/convnext/image_processing_convnext.py", line 17, in <module>
    from torchvision.transforms.v2 import functional as tvF
ModuleNotFoundError: No module named 'torchvision'
2026-09-12 20:32:39.994 Examining the path of transformers.models.cosmos3_edge.image_processing_cosmos3_edge_fast raised:
Traceback (most recent call last):
  File "/Users/win-win/Documents/workspace-tbs/UIT/Python-ML/uit-vietnamese-mrc/.venv/lib/python3.12/site-packages/streamlit/watcher/local_sources_watcher.py", line 340, in get_module_paths
    potential_paths = extract_paths(module)
                      ^^^^^^^^^^^^^^^^^^^^^
  File "/Users/win-win/Documents/workspace-tbs/UIT/Python-ML/uit-vietnamese-mrc/.venv/lib/python3.12/site-packages/streamlit/watcher/local_sources_watcher.py", line 327, in <lambda>
    if hasattr(m, "__path__")
       ^^^^^^^^^^^^^^^^^^^^^^
  File "/Users/win-win/Documents/workspace-tbs/UIT/Python-ML/uit-vietnamese-mrc/.venv/lib/python3.12/site-packages/transformers/__init__.py", line 867, in _getattr
    return getattr(importlib.import_module(target, __name__), name)
                   ^^^^^^^^^^^^^^^^^^^^^^^^^^^^^^^^^^^^^^^^^
  File "/Users/win-win/.local/share/uv/python/cpython-3.12.13-macos-aarch64-none/lib/python3.12/importlib/__init__.py", line 90, in import_module
    return _bootstrap._gcd_import(name[level:], package, level)
           ^^^^^^^^^^^^^^^^^^^^^^^^^^^^^^^^^^^^^^^^^^^^^^^^^^^^
  File "<frozen importlib._bootstrap>", line 1387, in _gcd_import
  File "<frozen importlib._bootstrap>", line 1360, in _find_and_load
  File "<frozen importlib._bootstrap>", line 1331, in _find_and_load_unlocked
  File "<frozen importlib._bootstrap>", line 935, in _load_unlocked
  File "<frozen importlib._bootstrap_external>", line 999, in exec_module
  File "<frozen importlib._bootstrap>", line 488, in _call_with_frames_removed
  File "/Users/win-win/Documents/workspace-tbs/UIT/Python-ML/uit-vietnamese-mrc/.venv/lib/python3.12/site-packages/transformers/models/cosmos3_edge/image_processing_cosmos3_edge.py", line 23, in <module>
    from torchvision.transforms.v2 import functional as tvF
ModuleNotFoundError: No module named 'torchvision'
2026-09-12 20:32:39.995 Examining the path of transformers.models.deepseek_ocr2.image_processing_deepseek_ocr2_fast raised:
Traceback (most recent call last):
  File "/Users/win-win/Documents/workspace-tbs/UIT/Python-ML/uit-vietnamese-mrc/.venv/lib/python3.12/site-packages/streamlit/watcher/local_sources_watcher.py", line 340, in get_module_paths
    potential_paths = extract_paths(module)
                      ^^^^^^^^^^^^^^^^^^^^^
  File "/Users/win-win/Documents/workspace-tbs/UIT/Python-ML/uit-vietnamese-mrc/.venv/lib/python3.12/site-packages/streamlit/watcher/local_sources_watcher.py", line 327, in <lambda>
    if hasattr(m, "__path__")
       ^^^^^^^^^^^^^^^^^^^^^^
  File "/Users/win-win/Documents/workspace-tbs/UIT/Python-ML/uit-vietnamese-mrc/.venv/lib/python3.12/site-packages/transformers/__init__.py", line 867, in _getattr
    return getattr(importlib.import_module(target, __name__), name)
                   ^^^^^^^^^^^^^^^^^^^^^^^^^^^^^^^^^^^^^^^^^
  File "/Users/win-win/.local/share/uv/python/cpython-3.12.13-macos-aarch64-none/lib/python3.12/importlib/__init__.py", line 90, in import_module
    return _bootstrap._gcd_import(name[level:], package, level)
           ^^^^^^^^^^^^^^^^^^^^^^^^^^^^^^^^^^^^^^^^^^^^^^^^^^^^
  File "<frozen importlib._bootstrap>", line 1387, in _gcd_import
  File "<frozen importlib._bootstrap>", line 1360, in _find_and_load
  File "<frozen importlib._bootstrap>", line 1331, in _find_and_load_unlocked
  File "<frozen importlib._bootstrap>", line 935, in _load_unlocked
  File "<frozen importlib._bootstrap_external>", line 999, in exec_module
  File "<frozen importlib._bootstrap>", line 488, in _call_with_frames_removed
  File "/Users/win-win/Documents/workspace-tbs/UIT/Python-ML/uit-vietnamese-mrc/.venv/lib/python3.12/site-packages/transformers/models/deepseek_ocr2/image_processing_deepseek_ocr2.py", line 24, in <module>
    from torchvision.transforms.v2 import functional as tvF
ModuleNotFoundError: No module named 'torchvision'
2026-09-12 20:32:39.995 Examining the path of transformers.models.deepseek_vl.image_processing_deepseek_vl_fast raised:
Traceback (most recent call last):
  File "/Users/win-win/Documents/workspace-tbs/UIT/Python-ML/uit-vietnamese-mrc/.venv/lib/python3.12/site-packages/streamlit/watcher/local_sources_watcher.py", line 340, in get_module_paths
    potential_paths = extract_paths(module)
                      ^^^^^^^^^^^^^^^^^^^^^
  File "/Users/win-win/Documents/workspace-tbs/UIT/Python-ML/uit-vietnamese-mrc/.venv/lib/python3.12/site-packages/streamlit/watcher/local_sources_watcher.py", line 327, in <lambda>
    if hasattr(m, "__path__")
       ^^^^^^^^^^^^^^^^^^^^^^
  File "/Users/win-win/Documents/workspace-tbs/UIT/Python-ML/uit-vietnamese-mrc/.venv/lib/python3.12/site-packages/transformers/__init__.py", line 867, in _getattr
    return getattr(importlib.import_module(target, __name__), name)
                   ^^^^^^^^^^^^^^^^^^^^^^^^^^^^^^^^^^^^^^^^^
  File "/Users/win-win/.local/share/uv/python/cpython-3.12.13-macos-aarch64-none/lib/python3.12/importlib/__init__.py", line 90, in import_module
    return _bootstrap._gcd_import(name[level:], package, level)
           ^^^^^^^^^^^^^^^^^^^^^^^^^^^^^^^^^^^^^^^^^^^^^^^^^^^^
  File "<frozen importlib._bootstrap>", line 1387, in _gcd_import
  File "<frozen importlib._bootstrap>", line 1360, in _find_and_load
  File "<frozen importlib._bootstrap>", line 1331, in _find_and_load_unlocked
  File "<frozen importlib._bootstrap>", line 935, in _load_unlocked
  File "<frozen importlib._bootstrap_external>", line 999, in exec_module
  File "<frozen importlib._bootstrap>", line 488, in _call_with_frames_removed
  File "/Users/win-win/Documents/workspace-tbs/UIT/Python-ML/uit-vietnamese-mrc/.venv/lib/python3.12/site-packages/transformers/models/deepseek_vl/image_processing_deepseek_vl.py", line 23, in <module>
    import torchvision.transforms.v2.functional as tvF
ModuleNotFoundError: No module named 'torchvision'
2026-09-12 20:32:39.995 Examining the path of transformers.models.deepseek_vl_hybrid.image_processing_deepseek_vl_hybrid_fast raised:
Traceback (most recent call last):
  File "/Users/win-win/Documents/workspace-tbs/UIT/Python-ML/uit-vietnamese-mrc/.venv/lib/python3.12/site-packages/streamlit/watcher/local_sources_watcher.py", line 340, in get_module_paths
    potential_paths = extract_paths(module)
                      ^^^^^^^^^^^^^^^^^^^^^
  File "/Users/win-win/Documents/workspace-tbs/UIT/Python-ML/uit-vietnamese-mrc/.venv/lib/python3.12/site-packages/streamlit/watcher/local_sources_watcher.py", line 327, in <lambda>
    if hasattr(m, "__path__")
       ^^^^^^^^^^^^^^^^^^^^^^
  File "/Users/win-win/Documents/workspace-tbs/UIT/Python-ML/uit-vietnamese-mrc/.venv/lib/python3.12/site-packages/transformers/__init__.py", line 867, in _getattr
    return getattr(importlib.import_module(target, __name__), name)
                   ^^^^^^^^^^^^^^^^^^^^^^^^^^^^^^^^^^^^^^^^^
  File "/Users/win-win/.local/share/uv/python/cpython-3.12.13-macos-aarch64-none/lib/python3.12/importlib/__init__.py", line 90, in import_module
    return _bootstrap._gcd_import(name[level:], package, level)
           ^^^^^^^^^^^^^^^^^^^^^^^^^^^^^^^^^^^^^^^^^^^^^^^^^^^^
  File "<frozen importlib._bootstrap>", line 1387, in _gcd_import
  File "<frozen importlib._bootstrap>", line 1360, in _find_and_load
  File "<frozen importlib._bootstrap>", line 1331, in _find_and_load_unlocked
  File "<frozen importlib._bootstrap>", line 935, in _load_unlocked
  File "<frozen importlib._bootstrap_external>", line 999, in exec_module
  File "<frozen importlib._bootstrap>", line 488, in _call_with_frames_removed
  File "/Users/win-win/Documents/workspace-tbs/UIT/Python-ML/uit-vietnamese-mrc/.venv/lib/python3.12/site-packages/transformers/models/deepseek_vl_hybrid/image_processing_deepseek_vl_hybrid.py", line 25, in <module>
    import torchvision.transforms.v2.functional as tvF
ModuleNotFoundError: No module named 'torchvision'
2026-09-12 20:32:39.996 Examining the path of transformers.models.deformable_detr.image_processing_deformable_detr_fast raised:
Traceback (most recent call last):
  File "/Users/win-win/Documents/workspace-tbs/UIT/Python-ML/uit-vietnamese-mrc/.venv/lib/python3.12/site-packages/streamlit/watcher/local_sources_watcher.py", line 340, in get_module_paths
    potential_paths = extract_paths(module)
                      ^^^^^^^^^^^^^^^^^^^^^
  File "/Users/win-win/Documents/workspace-tbs/UIT/Python-ML/uit-vietnamese-mrc/.venv/lib/python3.12/site-packages/streamlit/watcher/local_sources_watcher.py", line 327, in <lambda>
    if hasattr(m, "__path__")
       ^^^^^^^^^^^^^^^^^^^^^^
  File "/Users/win-win/Documents/workspace-tbs/UIT/Python-ML/uit-vietnamese-mrc/.venv/lib/python3.12/site-packages/transformers/__init__.py", line 867, in _getattr
    return getattr(importlib.import_module(target, __name__), name)
                   ^^^^^^^^^^^^^^^^^^^^^^^^^^^^^^^^^^^^^^^^^
  File "/Users/win-win/.local/share/uv/python/cpython-3.12.13-macos-aarch64-none/lib/python3.12/importlib/__init__.py", line 90, in import_module
    return _bootstrap._gcd_import(name[level:], package, level)
           ^^^^^^^^^^^^^^^^^^^^^^^^^^^^^^^^^^^^^^^^^^^^^^^^^^^^
  File "<frozen importlib._bootstrap>", line 1387, in _gcd_import
  File "<frozen importlib._bootstrap>", line 1360, in _find_and_load
  File "<frozen importlib._bootstrap>", line 1331, in _find_and_load_unlocked
  File "<frozen importlib._bootstrap>", line 935, in _load_unlocked
  File "<frozen importlib._bootstrap_external>", line 999, in exec_module
  File "<frozen importlib._bootstrap>", line 488, in _call_with_frames_removed
  File "/Users/win-win/Documents/workspace-tbs/UIT/Python-ML/uit-vietnamese-mrc/.venv/lib/python3.12/site-packages/transformers/models/deformable_detr/image_processing_deformable_detr.py", line 25, in <module>
    from torchvision.io import read_image
ModuleNotFoundError: No module named 'torchvision'
2026-09-12 20:32:39.996 Examining the path of transformers.models.depth_pro.image_processing_depth_pro_fast raised:
Traceback (most recent call last):
  File "/Users/win-win/Documents/workspace-tbs/UIT/Python-ML/uit-vietnamese-mrc/.venv/lib/python3.12/site-packages/streamlit/watcher/local_sources_watcher.py", line 340, in get_module_paths
    potential_paths = extract_paths(module)
                      ^^^^^^^^^^^^^^^^^^^^^
  File "/Users/win-win/Documents/workspace-tbs/UIT/Python-ML/uit-vietnamese-mrc/.venv/lib/python3.12/site-packages/streamlit/watcher/local_sources_watcher.py", line 327, in <lambda>
    if hasattr(m, "__path__")
       ^^^^^^^^^^^^^^^^^^^^^^
  File "/Users/win-win/Documents/workspace-tbs/UIT/Python-ML/uit-vietnamese-mrc/.venv/lib/python3.12/site-packages/transformers/__init__.py", line 867, in _getattr
    return getattr(importlib.import_module(target, __name__), name)
                   ^^^^^^^^^^^^^^^^^^^^^^^^^^^^^^^^^^^^^^^^^
  File "/Users/win-win/.local/share/uv/python/cpython-3.12.13-macos-aarch64-none/lib/python3.12/importlib/__init__.py", line 90, in import_module
    return _bootstrap._gcd_import(name[level:], package, level)
           ^^^^^^^^^^^^^^^^^^^^^^^^^^^^^^^^^^^^^^^^^^^^^^^^^^^^
  File "<frozen importlib._bootstrap>", line 1387, in _gcd_import
  File "<frozen importlib._bootstrap>", line 1360, in _find_and_load
  File "<frozen importlib._bootstrap>", line 1331, in _find_and_load_unlocked
  File "<frozen importlib._bootstrap>", line 935, in _load_unlocked
  File "<frozen importlib._bootstrap_external>", line 999, in exec_module
  File "<frozen importlib._bootstrap>", line 488, in _call_with_frames_removed
  File "/Users/win-win/Documents/workspace-tbs/UIT/Python-ML/uit-vietnamese-mrc/.venv/lib/python3.12/site-packages/transformers/models/depth_pro/image_processing_depth_pro.py", line 19, in <module>
    from torchvision.transforms.v2 import functional as tvF
ModuleNotFoundError: No module named 'torchvision'
2026-09-12 20:32:39.997 Examining the path of transformers.models.detr.image_processing_detr_fast raised:
Traceback (most recent call last):
  File "/Users/win-win/Documents/workspace-tbs/UIT/Python-ML/uit-vietnamese-mrc/.venv/lib/python3.12/site-packages/streamlit/watcher/local_sources_watcher.py", line 340, in get_module_paths
    potential_paths = extract_paths(module)
                      ^^^^^^^^^^^^^^^^^^^^^
  File "/Users/win-win/Documents/workspace-tbs/UIT/Python-ML/uit-vietnamese-mrc/.venv/lib/python3.12/site-packages/streamlit/watcher/local_sources_watcher.py", line 327, in <lambda>
    if hasattr(m, "__path__")
       ^^^^^^^^^^^^^^^^^^^^^^
  File "/Users/win-win/Documents/workspace-tbs/UIT/Python-ML/uit-vietnamese-mrc/.venv/lib/python3.12/site-packages/transformers/__init__.py", line 867, in _getattr
    return getattr(importlib.import_module(target, __name__), name)
                   ^^^^^^^^^^^^^^^^^^^^^^^^^^^^^^^^^^^^^^^^^
  File "/Users/win-win/.local/share/uv/python/cpython-3.12.13-macos-aarch64-none/lib/python3.12/importlib/__init__.py", line 90, in import_module
    return _bootstrap._gcd_import(name[level:], package, level)
           ^^^^^^^^^^^^^^^^^^^^^^^^^^^^^^^^^^^^^^^^^^^^^^^^^^^^
  File "<frozen importlib._bootstrap>", line 1387, in _gcd_import
  File "<frozen importlib._bootstrap>", line 1360, in _find_and_load
  File "<frozen importlib._bootstrap>", line 1331, in _find_and_load_unlocked
  File "<frozen importlib._bootstrap>", line 935, in _load_unlocked
  File "<frozen importlib._bootstrap_external>", line 999, in exec_module
  File "<frozen importlib._bootstrap>", line 488, in _call_with_frames_removed
  File "/Users/win-win/Documents/workspace-tbs/UIT/Python-ML/uit-vietnamese-mrc/.venv/lib/python3.12/site-packages/transformers/models/detr/image_processing_detr.py", line 22, in <module>
    from torchvision.io import read_image
ModuleNotFoundError: No module named 'torchvision'
2026-09-12 20:32:39.997 Examining the path of transformers.models.dinov3_vit.image_processing_dinov3_vit_fast raised:
Traceback (most recent call last):
  File "/Users/win-win/Documents/workspace-tbs/UIT/Python-ML/uit-vietnamese-mrc/.venv/lib/python3.12/site-packages/streamlit/watcher/local_sources_watcher.py", line 340, in get_module_paths
    potential_paths = extract_paths(module)
                      ^^^^^^^^^^^^^^^^^^^^^
  File "/Users/win-win/Documents/workspace-tbs/UIT/Python-ML/uit-vietnamese-mrc/.venv/lib/python3.12/site-packages/streamlit/watcher/local_sources_watcher.py", line 327, in <lambda>
    if hasattr(m, "__path__")
       ^^^^^^^^^^^^^^^^^^^^^^
  File "/Users/win-win/Documents/workspace-tbs/UIT/Python-ML/uit-vietnamese-mrc/.venv/lib/python3.12/site-packages/transformers/__init__.py", line 867, in _getattr
    return getattr(importlib.import_module(target, __name__), name)
                   ^^^^^^^^^^^^^^^^^^^^^^^^^^^^^^^^^^^^^^^^^
  File "/Users/win-win/.local/share/uv/python/cpython-3.12.13-macos-aarch64-none/lib/python3.12/importlib/__init__.py", line 90, in import_module
    return _bootstrap._gcd_import(name[level:], package, level)
           ^^^^^^^^^^^^^^^^^^^^^^^^^^^^^^^^^^^^^^^^^^^^^^^^^^^^
  File "<frozen importlib._bootstrap>", line 1387, in _gcd_import
  File "<frozen importlib._bootstrap>", line 1360, in _find_and_load
  File "<frozen importlib._bootstrap>", line 1331, in _find_and_load_unlocked
  File "<frozen importlib._bootstrap>", line 935, in _load_unlocked
  File "<frozen importlib._bootstrap_external>", line 999, in exec_module
  File "<frozen importlib._bootstrap>", line 488, in _call_with_frames_removed
  File "/Users/win-win/Documents/workspace-tbs/UIT/Python-ML/uit-vietnamese-mrc/.venv/lib/python3.12/site-packages/transformers/models/dinov3_vit/image_processing_dinov3_vit.py", line 17, in <module>
    from torchvision.transforms.v2 import functional as tvF
ModuleNotFoundError: No module named 'torchvision'
2026-09-12 20:32:39.997 Examining the path of transformers.models.donut.image_processing_donut_fast raised:
Traceback (most recent call last):
  File "/Users/win-win/Documents/workspace-tbs/UIT/Python-ML/uit-vietnamese-mrc/.venv/lib/python3.12/site-packages/streamlit/watcher/local_sources_watcher.py", line 340, in get_module_paths
    potential_paths = extract_paths(module)
                      ^^^^^^^^^^^^^^^^^^^^^
  File "/Users/win-win/Documents/workspace-tbs/UIT/Python-ML/uit-vietnamese-mrc/.venv/lib/python3.12/site-packages/streamlit/watcher/local_sources_watcher.py", line 327, in <lambda>
    if hasattr(m, "__path__")
       ^^^^^^^^^^^^^^^^^^^^^^
  File "/Users/win-win/Documents/workspace-tbs/UIT/Python-ML/uit-vietnamese-mrc/.venv/lib/python3.12/site-packages/transformers/__init__.py", line 867, in _getattr
    return getattr(importlib.import_module(target, __name__), name)
                   ^^^^^^^^^^^^^^^^^^^^^^^^^^^^^^^^^^^^^^^^^
  File "/Users/win-win/.local/share/uv/python/cpython-3.12.13-macos-aarch64-none/lib/python3.12/importlib/__init__.py", line 90, in import_module
    return _bootstrap._gcd_import(name[level:], package, level)
           ^^^^^^^^^^^^^^^^^^^^^^^^^^^^^^^^^^^^^^^^^^^^^^^^^^^^
  File "<frozen importlib._bootstrap>", line 1387, in _gcd_import
  File "<frozen importlib._bootstrap>", line 1360, in _find_and_load
  File "<frozen importlib._bootstrap>", line 1331, in _find_and_load_unlocked
  File "<frozen importlib._bootstrap>", line 935, in _load_unlocked
  File "<frozen importlib._bootstrap_external>", line 999, in exec_module
  File "<frozen importlib._bootstrap>", line 488, in _call_with_frames_removed
  File "/Users/win-win/Documents/workspace-tbs/UIT/Python-ML/uit-vietnamese-mrc/.venv/lib/python3.12/site-packages/transformers/models/donut/image_processing_donut.py", line 17, in <module>
    from torchvision.transforms.v2 import functional as tvF
ModuleNotFoundError: No module named 'torchvision'
2026-09-12 20:32:39.998 Examining the path of transformers.models.dpt.image_processing_dpt_fast raised:
Traceback (most recent call last):
  File "/Users/win-win/Documents/workspace-tbs/UIT/Python-ML/uit-vietnamese-mrc/.venv/lib/python3.12/site-packages/streamlit/watcher/local_sources_watcher.py", line 340, in get_module_paths
    potential_paths = extract_paths(module)
                      ^^^^^^^^^^^^^^^^^^^^^
  File "/Users/win-win/Documents/workspace-tbs/UIT/Python-ML/uit-vietnamese-mrc/.venv/lib/python3.12/site-packages/streamlit/watcher/local_sources_watcher.py", line 327, in <lambda>
    if hasattr(m, "__path__")
       ^^^^^^^^^^^^^^^^^^^^^^
  File "/Users/win-win/Documents/workspace-tbs/UIT/Python-ML/uit-vietnamese-mrc/.venv/lib/python3.12/site-packages/transformers/__init__.py", line 867, in _getattr
    return getattr(importlib.import_module(target, __name__), name)
                   ^^^^^^^^^^^^^^^^^^^^^^^^^^^^^^^^^^^^^^^^^
  File "/Users/win-win/.local/share/uv/python/cpython-3.12.13-macos-aarch64-none/lib/python3.12/importlib/__init__.py", line 90, in import_module
    return _bootstrap._gcd_import(name[level:], package, level)
           ^^^^^^^^^^^^^^^^^^^^^^^^^^^^^^^^^^^^^^^^^^^^^^^^^^^^
  File "<frozen importlib._bootstrap>", line 1387, in _gcd_import
  File "<frozen importlib._bootstrap>", line 1360, in _find_and_load
  File "<frozen importlib._bootstrap>", line 1331, in _find_and_load_unlocked
  File "<frozen importlib._bootstrap>", line 935, in _load_unlocked
  File "<frozen importlib._bootstrap_external>", line 999, in exec_module
  File "<frozen importlib._bootstrap>", line 488, in _call_with_frames_removed
  File "/Users/win-win/Documents/workspace-tbs/UIT/Python-ML/uit-vietnamese-mrc/.venv/lib/python3.12/site-packages/transformers/models/dpt/image_processing_dpt.py", line 28, in <module>
    from torchvision.transforms.v2 import functional as tvF
ModuleNotFoundError: No module named 'torchvision'
2026-09-12 20:32:39.998 Examining the path of transformers.models.efficientloftr.image_processing_efficientloftr_fast raised:
Traceback (most recent call last):
  File "/Users/win-win/Documents/workspace-tbs/UIT/Python-ML/uit-vietnamese-mrc/.venv/lib/python3.12/site-packages/streamlit/watcher/local_sources_watcher.py", line 340, in get_module_paths
    potential_paths = extract_paths(module)
                      ^^^^^^^^^^^^^^^^^^^^^
  File "/Users/win-win/Documents/workspace-tbs/UIT/Python-ML/uit-vietnamese-mrc/.venv/lib/python3.12/site-packages/streamlit/watcher/local_sources_watcher.py", line 327, in <lambda>
    if hasattr(m, "__path__")
       ^^^^^^^^^^^^^^^^^^^^^^
  File "/Users/win-win/Documents/workspace-tbs/UIT/Python-ML/uit-vietnamese-mrc/.venv/lib/python3.12/site-packages/transformers/__init__.py", line 867, in _getattr
    return getattr(importlib.import_module(target, __name__), name)
                   ^^^^^^^^^^^^^^^^^^^^^^^^^^^^^^^^^^^^^^^^^
  File "/Users/win-win/.local/share/uv/python/cpython-3.12.13-macos-aarch64-none/lib/python3.12/importlib/__init__.py", line 90, in import_module
    return _bootstrap._gcd_import(name[level:], package, level)
           ^^^^^^^^^^^^^^^^^^^^^^^^^^^^^^^^^^^^^^^^^^^^^^^^^^^^
  File "<frozen importlib._bootstrap>", line 1387, in _gcd_import
  File "<frozen importlib._bootstrap>", line 1360, in _find_and_load
  File "<frozen importlib._bootstrap>", line 1331, in _find_and_load_unlocked
  File "<frozen importlib._bootstrap>", line 935, in _load_unlocked
  File "<frozen importlib._bootstrap_external>", line 999, in exec_module
  File "<frozen importlib._bootstrap>", line 488, in _call_with_frames_removed
  File "/Users/win-win/Documents/workspace-tbs/UIT/Python-ML/uit-vietnamese-mrc/.venv/lib/python3.12/site-packages/transformers/models/efficientloftr/image_processing_efficientloftr.py", line 10, in <module>
    from torchvision.transforms.v2 import functional as tvF
ModuleNotFoundError: No module named 'torchvision'
2026-09-12 20:32:39.999 Examining the path of transformers.models.efficientnet.image_processing_efficientnet_fast raised:
Traceback (most recent call last):
  File "/Users/win-win/Documents/workspace-tbs/UIT/Python-ML/uit-vietnamese-mrc/.venv/lib/python3.12/site-packages/streamlit/watcher/local_sources_watcher.py", line 340, in get_module_paths
    potential_paths = extract_paths(module)
                      ^^^^^^^^^^^^^^^^^^^^^
  File "/Users/win-win/Documents/workspace-tbs/UIT/Python-ML/uit-vietnamese-mrc/.venv/lib/python3.12/site-packages/streamlit/watcher/local_sources_watcher.py", line 327, in <lambda>
    if hasattr(m, "__path__")
       ^^^^^^^^^^^^^^^^^^^^^^
  File "/Users/win-win/Documents/workspace-tbs/UIT/Python-ML/uit-vietnamese-mrc/.venv/lib/python3.12/site-packages/transformers/__init__.py", line 867, in _getattr
    return getattr(importlib.import_module(target, __name__), name)
                   ^^^^^^^^^^^^^^^^^^^^^^^^^^^^^^^^^^^^^^^^^
  File "/Users/win-win/.local/share/uv/python/cpython-3.12.13-macos-aarch64-none/lib/python3.12/importlib/__init__.py", line 90, in import_module
    return _bootstrap._gcd_import(name[level:], package, level)
           ^^^^^^^^^^^^^^^^^^^^^^^^^^^^^^^^^^^^^^^^^^^^^^^^^^^^
  File "<frozen importlib._bootstrap>", line 1387, in _gcd_import
  File "<frozen importlib._bootstrap>", line 1360, in _find_and_load
  File "<frozen importlib._bootstrap>", line 1331, in _find_and_load_unlocked
  File "<frozen importlib._bootstrap>", line 935, in _load_unlocked
  File "<frozen importlib._bootstrap_external>", line 999, in exec_module
  File "<frozen importlib._bootstrap>", line 488, in _call_with_frames_removed
  File "/Users/win-win/Documents/workspace-tbs/UIT/Python-ML/uit-vietnamese-mrc/.venv/lib/python3.12/site-packages/transformers/models/efficientnet/image_processing_efficientnet.py", line 20, in <module>
    from torchvision.transforms.v2 import functional as tvF
ModuleNotFoundError: No module named 'torchvision'
2026-09-12 20:32:39.999 Examining the path of transformers.models.eomt.image_processing_eomt_fast raised:
Traceback (most recent call last):
  File "/Users/win-win/Documents/workspace-tbs/UIT/Python-ML/uit-vietnamese-mrc/.venv/lib/python3.12/site-packages/streamlit/watcher/local_sources_watcher.py", line 340, in get_module_paths
    potential_paths = extract_paths(module)
                      ^^^^^^^^^^^^^^^^^^^^^
  File "/Users/win-win/Documents/workspace-tbs/UIT/Python-ML/uit-vietnamese-mrc/.venv/lib/python3.12/site-packages/streamlit/watcher/local_sources_watcher.py", line 327, in <lambda>
    if hasattr(m, "__path__")
       ^^^^^^^^^^^^^^^^^^^^^^
  File "/Users/win-win/Documents/workspace-tbs/UIT/Python-ML/uit-vietnamese-mrc/.venv/lib/python3.12/site-packages/transformers/__init__.py", line 867, in _getattr
    return getattr(importlib.import_module(target, __name__), name)
                   ^^^^^^^^^^^^^^^^^^^^^^^^^^^^^^^^^^^^^^^^^
  File "/Users/win-win/.local/share/uv/python/cpython-3.12.13-macos-aarch64-none/lib/python3.12/importlib/__init__.py", line 90, in import_module
    return _bootstrap._gcd_import(name[level:], package, level)
           ^^^^^^^^^^^^^^^^^^^^^^^^^^^^^^^^^^^^^^^^^^^^^^^^^^^^
  File "<frozen importlib._bootstrap>", line 1387, in _gcd_import
  File "<frozen importlib._bootstrap>", line 1360, in _find_and_load
  File "<frozen importlib._bootstrap>", line 1331, in _find_and_load_unlocked
  File "<frozen importlib._bootstrap>", line 935, in _load_unlocked
  File "<frozen importlib._bootstrap_external>", line 999, in exec_module
  File "<frozen importlib._bootstrap>", line 488, in _call_with_frames_removed
  File "/Users/win-win/Documents/workspace-tbs/UIT/Python-ML/uit-vietnamese-mrc/.venv/lib/python3.12/site-packages/transformers/models/eomt/image_processing_eomt.py", line 20, in <module>
    from torchvision.transforms.v2 import functional as tvF
ModuleNotFoundError: No module named 'torchvision'
2026-09-12 20:32:40.000 Examining the path of transformers.models.ernie4_5_vl_moe.image_processing_ernie4_5_vl_moe_fast raised:
Traceback (most recent call last):
  File "/Users/win-win/Documents/workspace-tbs/UIT/Python-ML/uit-vietnamese-mrc/.venv/lib/python3.12/site-packages/streamlit/watcher/local_sources_watcher.py", line 340, in get_module_paths
    potential_paths = extract_paths(module)
                      ^^^^^^^^^^^^^^^^^^^^^
  File "/Users/win-win/Documents/workspace-tbs/UIT/Python-ML/uit-vietnamese-mrc/.venv/lib/python3.12/site-packages/streamlit/watcher/local_sources_watcher.py", line 327, in <lambda>
    if hasattr(m, "__path__")
       ^^^^^^^^^^^^^^^^^^^^^^
  File "/Users/win-win/Documents/workspace-tbs/UIT/Python-ML/uit-vietnamese-mrc/.venv/lib/python3.12/site-packages/transformers/__init__.py", line 867, in _getattr
    return getattr(importlib.import_module(target, __name__), name)
                   ^^^^^^^^^^^^^^^^^^^^^^^^^^^^^^^^^^^^^^^^^
  File "/Users/win-win/.local/share/uv/python/cpython-3.12.13-macos-aarch64-none/lib/python3.12/importlib/__init__.py", line 90, in import_module
    return _bootstrap._gcd_import(name[level:], package, level)
           ^^^^^^^^^^^^^^^^^^^^^^^^^^^^^^^^^^^^^^^^^^^^^^^^^^^^
  File "<frozen importlib._bootstrap>", line 1387, in _gcd_import
  File "<frozen importlib._bootstrap>", line 1360, in _find_and_load
  File "<frozen importlib._bootstrap>", line 1331, in _find_and_load_unlocked
  File "<frozen importlib._bootstrap>", line 935, in _load_unlocked
  File "<frozen importlib._bootstrap_external>", line 999, in exec_module
  File "<frozen importlib._bootstrap>", line 488, in _call_with_frames_removed
  File "/Users/win-win/Documents/workspace-tbs/UIT/Python-ML/uit-vietnamese-mrc/.venv/lib/python3.12/site-packages/transformers/models/ernie4_5_vl_moe/image_processing_ernie4_5_vl_moe.py", line 24, in <module>
    from torchvision.transforms.v2 import functional as tvF
ModuleNotFoundError: No module named 'torchvision'
2026-09-12 20:32:40.000 Examining the path of transformers.models.flava.image_processing_flava_fast raised:
Traceback (most recent call last):
  File "/Users/win-win/Documents/workspace-tbs/UIT/Python-ML/uit-vietnamese-mrc/.venv/lib/python3.12/site-packages/streamlit/watcher/local_sources_watcher.py", line 340, in get_module_paths
    potential_paths = extract_paths(module)
                      ^^^^^^^^^^^^^^^^^^^^^
  File "/Users/win-win/Documents/workspace-tbs/UIT/Python-ML/uit-vietnamese-mrc/.venv/lib/python3.12/site-packages/streamlit/watcher/local_sources_watcher.py", line 327, in <lambda>
    if hasattr(m, "__path__")
       ^^^^^^^^^^^^^^^^^^^^^^
  File "/Users/win-win/Documents/workspace-tbs/UIT/Python-ML/uit-vietnamese-mrc/.venv/lib/python3.12/site-packages/transformers/__init__.py", line 867, in _getattr
    return getattr(importlib.import_module(target, __name__), name)
                   ^^^^^^^^^^^^^^^^^^^^^^^^^^^^^^^^^^^^^^^^^
  File "/Users/win-win/.local/share/uv/python/cpython-3.12.13-macos-aarch64-none/lib/python3.12/importlib/__init__.py", line 90, in import_module
    return _bootstrap._gcd_import(name[level:], package, level)
           ^^^^^^^^^^^^^^^^^^^^^^^^^^^^^^^^^^^^^^^^^^^^^^^^^^^^
  File "<frozen importlib._bootstrap>", line 1387, in _gcd_import
  File "<frozen importlib._bootstrap>", line 1360, in _find_and_load
  File "<frozen importlib._bootstrap>", line 1331, in _find_and_load_unlocked
  File "<frozen importlib._bootstrap>", line 935, in _load_unlocked
  File "<frozen importlib._bootstrap_external>", line 999, in exec_module
  File "<frozen importlib._bootstrap>", line 488, in _call_with_frames_removed
  File "/Users/win-win/Documents/workspace-tbs/UIT/Python-ML/uit-vietnamese-mrc/.venv/lib/python3.12/site-packages/transformers/models/flava/image_processing_flava.py", line 23, in <module>
    from torchvision.transforms.v2 import functional as tvF
ModuleNotFoundError: No module named 'torchvision'
2026-09-12 20:32:40.001 Examining the path of transformers.models.fuyu.image_processing_fuyu_fast raised:
Traceback (most recent call last):
  File "/Users/win-win/Documents/workspace-tbs/UIT/Python-ML/uit-vietnamese-mrc/.venv/lib/python3.12/site-packages/streamlit/watcher/local_sources_watcher.py", line 340, in get_module_paths
    potential_paths = extract_paths(module)
                      ^^^^^^^^^^^^^^^^^^^^^
  File "/Users/win-win/Documents/workspace-tbs/UIT/Python-ML/uit-vietnamese-mrc/.venv/lib/python3.12/site-packages/streamlit/watcher/local_sources_watcher.py", line 327, in <lambda>
    if hasattr(m, "__path__")
       ^^^^^^^^^^^^^^^^^^^^^^
  File "/Users/win-win/Documents/workspace-tbs/UIT/Python-ML/uit-vietnamese-mrc/.venv/lib/python3.12/site-packages/transformers/__init__.py", line 867, in _getattr
    return getattr(importlib.import_module(target, __name__), name)
                   ^^^^^^^^^^^^^^^^^^^^^^^^^^^^^^^^^^^^^^^^^
  File "/Users/win-win/.local/share/uv/python/cpython-3.12.13-macos-aarch64-none/lib/python3.12/importlib/__init__.py", line 90, in import_module
    return _bootstrap._gcd_import(name[level:], package, level)
           ^^^^^^^^^^^^^^^^^^^^^^^^^^^^^^^^^^^^^^^^^^^^^^^^^^^^
  File "<frozen importlib._bootstrap>", line 1387, in _gcd_import
  File "<frozen importlib._bootstrap>", line 1360, in _find_and_load
  File "<frozen importlib._bootstrap>", line 1331, in _find_and_load_unlocked
  File "<frozen importlib._bootstrap>", line 935, in _load_unlocked
  File "<frozen importlib._bootstrap_external>", line 999, in exec_module
  File "<frozen importlib._bootstrap>", line 488, in _call_with_frames_removed
  File "/Users/win-win/Documents/workspace-tbs/UIT/Python-ML/uit-vietnamese-mrc/.venv/lib/python3.12/site-packages/transformers/models/fuyu/image_processing_fuyu.py", line 19, in <module>
    from torchvision.transforms.v2 import functional as tvF
ModuleNotFoundError: No module named 'torchvision'
2026-09-12 20:32:40.001 Examining the path of transformers.models.gemma3.image_processing_gemma3_fast raised:
Traceback (most recent call last):
  File "/Users/win-win/Documents/workspace-tbs/UIT/Python-ML/uit-vietnamese-mrc/.venv/lib/python3.12/site-packages/streamlit/watcher/local_sources_watcher.py", line 340, in get_module_paths
    potential_paths = extract_paths(module)
                      ^^^^^^^^^^^^^^^^^^^^^
  File "/Users/win-win/Documents/workspace-tbs/UIT/Python-ML/uit-vietnamese-mrc/.venv/lib/python3.12/site-packages/streamlit/watcher/local_sources_watcher.py", line 327, in <lambda>
    if hasattr(m, "__path__")
       ^^^^^^^^^^^^^^^^^^^^^^
  File "/Users/win-win/Documents/workspace-tbs/UIT/Python-ML/uit-vietnamese-mrc/.venv/lib/python3.12/site-packages/transformers/__init__.py", line 867, in _getattr
    return getattr(importlib.import_module(target, __name__), name)
                   ^^^^^^^^^^^^^^^^^^^^^^^^^^^^^^^^^^^^^^^^^
  File "/Users/win-win/.local/share/uv/python/cpython-3.12.13-macos-aarch64-none/lib/python3.12/importlib/__init__.py", line 90, in import_module
    return _bootstrap._gcd_import(name[level:], package, level)
           ^^^^^^^^^^^^^^^^^^^^^^^^^^^^^^^^^^^^^^^^^^^^^^^^^^^^
  File "<frozen importlib._bootstrap>", line 1387, in _gcd_import
  File "<frozen importlib._bootstrap>", line 1360, in _find_and_load
  File "<frozen importlib._bootstrap>", line 1331, in _find_and_load_unlocked
  File "<frozen importlib._bootstrap>", line 935, in _load_unlocked
  File "<frozen importlib._bootstrap_external>", line 999, in exec_module
  File "<frozen importlib._bootstrap>", line 488, in _call_with_frames_removed
  File "/Users/win-win/Documents/workspace-tbs/UIT/Python-ML/uit-vietnamese-mrc/.venv/lib/python3.12/site-packages/transformers/models/gemma3/image_processing_gemma3.py", line 20, in <module>
    from torchvision.transforms.v2 import functional as tvF
ModuleNotFoundError: No module named 'torchvision'
2026-09-12 20:32:40.001 Examining the path of transformers.models.gemma4.image_processing_gemma4_fast raised:
Traceback (most recent call last):
  File "/Users/win-win/Documents/workspace-tbs/UIT/Python-ML/uit-vietnamese-mrc/.venv/lib/python3.12/site-packages/streamlit/watcher/local_sources_watcher.py", line 340, in get_module_paths
    potential_paths = extract_paths(module)
                      ^^^^^^^^^^^^^^^^^^^^^
  File "/Users/win-win/Documents/workspace-tbs/UIT/Python-ML/uit-vietnamese-mrc/.venv/lib/python3.12/site-packages/streamlit/watcher/local_sources_watcher.py", line 327, in <lambda>
    if hasattr(m, "__path__")
       ^^^^^^^^^^^^^^^^^^^^^^
  File "/Users/win-win/Documents/workspace-tbs/UIT/Python-ML/uit-vietnamese-mrc/.venv/lib/python3.12/site-packages/transformers/__init__.py", line 867, in _getattr
    return getattr(importlib.import_module(target, __name__), name)
                   ^^^^^^^^^^^^^^^^^^^^^^^^^^^^^^^^^^^^^^^^^
  File "/Users/win-win/.local/share/uv/python/cpython-3.12.13-macos-aarch64-none/lib/python3.12/importlib/__init__.py", line 90, in import_module
    return _bootstrap._gcd_import(name[level:], package, level)
           ^^^^^^^^^^^^^^^^^^^^^^^^^^^^^^^^^^^^^^^^^^^^^^^^^^^^
  File "<frozen importlib._bootstrap>", line 1387, in _gcd_import
  File "<frozen importlib._bootstrap>", line 1360, in _find_and_load
  File "<frozen importlib._bootstrap>", line 1331, in _find_and_load_unlocked
  File "<frozen importlib._bootstrap>", line 935, in _load_unlocked
  File "<frozen importlib._bootstrap_external>", line 999, in exec_module
  File "<frozen importlib._bootstrap>", line 488, in _call_with_frames_removed
  File "/Users/win-win/Documents/workspace-tbs/UIT/Python-ML/uit-vietnamese-mrc/.venv/lib/python3.12/site-packages/transformers/models/gemma4/image_processing_gemma4.py", line 17, in <module>
    from torchvision.transforms.v2 import functional as tvF
ModuleNotFoundError: No module named 'torchvision'
2026-09-12 20:32:40.002 Examining the path of transformers.models.gemma4_unified.image_processing_gemma4_unified_fast raised:
Traceback (most recent call last):
  File "/Users/win-win/Documents/workspace-tbs/UIT/Python-ML/uit-vietnamese-mrc/.venv/lib/python3.12/site-packages/streamlit/watcher/local_sources_watcher.py", line 340, in get_module_paths
    potential_paths = extract_paths(module)
                      ^^^^^^^^^^^^^^^^^^^^^
  File "/Users/win-win/Documents/workspace-tbs/UIT/Python-ML/uit-vietnamese-mrc/.venv/lib/python3.12/site-packages/streamlit/watcher/local_sources_watcher.py", line 327, in <lambda>
    if hasattr(m, "__path__")
       ^^^^^^^^^^^^^^^^^^^^^^
  File "/Users/win-win/Documents/workspace-tbs/UIT/Python-ML/uit-vietnamese-mrc/.venv/lib/python3.12/site-packages/transformers/__init__.py", line 867, in _getattr
    return getattr(importlib.import_module(target, __name__), name)
                   ^^^^^^^^^^^^^^^^^^^^^^^^^^^^^^^^^^^^^^^^^
  File "/Users/win-win/.local/share/uv/python/cpython-3.12.13-macos-aarch64-none/lib/python3.12/importlib/__init__.py", line 90, in import_module
    return _bootstrap._gcd_import(name[level:], package, level)
           ^^^^^^^^^^^^^^^^^^^^^^^^^^^^^^^^^^^^^^^^^^^^^^^^^^^^
  File "<frozen importlib._bootstrap>", line 1387, in _gcd_import
  File "<frozen importlib._bootstrap>", line 1360, in _find_and_load
  File "<frozen importlib._bootstrap>", line 1331, in _find_and_load_unlocked
  File "<frozen importlib._bootstrap>", line 935, in _load_unlocked
  File "<frozen importlib._bootstrap_external>", line 999, in exec_module
  File "<frozen importlib._bootstrap>", line 488, in _call_with_frames_removed
  File "/Users/win-win/Documents/workspace-tbs/UIT/Python-ML/uit-vietnamese-mrc/.venv/lib/python3.12/site-packages/transformers/models/gemma4_unified/image_processing_gemma4_unified.py", line 23, in <module>
    from torchvision.transforms.v2 import functional as tvF
ModuleNotFoundError: No module named 'torchvision'
2026-09-12 20:32:40.002 Examining the path of transformers.models.glm46v.image_processing_glm46v_fast raised:
Traceback (most recent call last):
  File "/Users/win-win/Documents/workspace-tbs/UIT/Python-ML/uit-vietnamese-mrc/.venv/lib/python3.12/site-packages/streamlit/watcher/local_sources_watcher.py", line 340, in get_module_paths
    potential_paths = extract_paths(module)
                      ^^^^^^^^^^^^^^^^^^^^^
  File "/Users/win-win/Documents/workspace-tbs/UIT/Python-ML/uit-vietnamese-mrc/.venv/lib/python3.12/site-packages/streamlit/watcher/local_sources_watcher.py", line 327, in <lambda>
    if hasattr(m, "__path__")
       ^^^^^^^^^^^^^^^^^^^^^^
  File "/Users/win-win/Documents/workspace-tbs/UIT/Python-ML/uit-vietnamese-mrc/.venv/lib/python3.12/site-packages/transformers/__init__.py", line 867, in _getattr
    return getattr(importlib.import_module(target, __name__), name)
                   ^^^^^^^^^^^^^^^^^^^^^^^^^^^^^^^^^^^^^^^^^
  File "/Users/win-win/.local/share/uv/python/cpython-3.12.13-macos-aarch64-none/lib/python3.12/importlib/__init__.py", line 90, in import_module
    return _bootstrap._gcd_import(name[level:], package, level)
           ^^^^^^^^^^^^^^^^^^^^^^^^^^^^^^^^^^^^^^^^^^^^^^^^^^^^
  File "<frozen importlib._bootstrap>", line 1387, in _gcd_import
  File "<frozen importlib._bootstrap>", line 1360, in _find_and_load
  File "<frozen importlib._bootstrap>", line 1331, in _find_and_load_unlocked
  File "<frozen importlib._bootstrap>", line 935, in _load_unlocked
  File "<frozen importlib._bootstrap_external>", line 999, in exec_module
  File "<frozen importlib._bootstrap>", line 488, in _call_with_frames_removed
  File "/Users/win-win/Documents/workspace-tbs/UIT/Python-ML/uit-vietnamese-mrc/.venv/lib/python3.12/site-packages/transformers/models/glm46v/image_processing_glm46v.py", line 24, in <module>
    from torchvision.transforms.v2 import functional as tvF
ModuleNotFoundError: No module named 'torchvision'
2026-09-12 20:32:40.003 Examining the path of transformers.models.glm4v.image_processing_glm4v_fast raised:
Traceback (most recent call last):
  File "/Users/win-win/Documents/workspace-tbs/UIT/Python-ML/uit-vietnamese-mrc/.venv/lib/python3.12/site-packages/streamlit/watcher/local_sources_watcher.py", line 340, in get_module_paths
    potential_paths = extract_paths(module)
                      ^^^^^^^^^^^^^^^^^^^^^
  File "/Users/win-win/Documents/workspace-tbs/UIT/Python-ML/uit-vietnamese-mrc/.venv/lib/python3.12/site-packages/streamlit/watcher/local_sources_watcher.py", line 327, in <lambda>
    if hasattr(m, "__path__")
       ^^^^^^^^^^^^^^^^^^^^^^
  File "/Users/win-win/Documents/workspace-tbs/UIT/Python-ML/uit-vietnamese-mrc/.venv/lib/python3.12/site-packages/transformers/__init__.py", line 867, in _getattr
    return getattr(importlib.import_module(target, __name__), name)
                   ^^^^^^^^^^^^^^^^^^^^^^^^^^^^^^^^^^^^^^^^^
  File "/Users/win-win/.local/share/uv/python/cpython-3.12.13-macos-aarch64-none/lib/python3.12/importlib/__init__.py", line 90, in import_module
    return _bootstrap._gcd_import(name[level:], package, level)
           ^^^^^^^^^^^^^^^^^^^^^^^^^^^^^^^^^^^^^^^^^^^^^^^^^^^^
  File "<frozen importlib._bootstrap>", line 1387, in _gcd_import
  File "<frozen importlib._bootstrap>", line 1360, in _find_and_load
  File "<frozen importlib._bootstrap>", line 1331, in _find_and_load_unlocked
  File "<frozen importlib._bootstrap>", line 935, in _load_unlocked
  File "<frozen importlib._bootstrap_external>", line 999, in exec_module
  File "<frozen importlib._bootstrap>", line 488, in _call_with_frames_removed
  File "/Users/win-win/Documents/workspace-tbs/UIT/Python-ML/uit-vietnamese-mrc/.venv/lib/python3.12/site-packages/transformers/models/glm4v/image_processing_glm4v.py", line 19, in <module>
    from torchvision.transforms.v2 import functional as tvF
ModuleNotFoundError: No module named 'torchvision'
2026-09-12 20:32:40.003 Examining the path of transformers.models.glm5_next.image_processing_glm5_next_fast raised:
Traceback (most recent call last):
  File "/Users/win-win/Documents/workspace-tbs/UIT/Python-ML/uit-vietnamese-mrc/.venv/lib/python3.12/site-packages/streamlit/watcher/local_sources_watcher.py", line 340, in get_module_paths
    potential_paths = extract_paths(module)
                      ^^^^^^^^^^^^^^^^^^^^^
  File "/Users/win-win/Documents/workspace-tbs/UIT/Python-ML/uit-vietnamese-mrc/.venv/lib/python3.12/site-packages/streamlit/watcher/local_sources_watcher.py", line 327, in <lambda>
    if hasattr(m, "__path__")
       ^^^^^^^^^^^^^^^^^^^^^^
  File "/Users/win-win/Documents/workspace-tbs/UIT/Python-ML/uit-vietnamese-mrc/.venv/lib/python3.12/site-packages/transformers/__init__.py", line 867, in _getattr
    return getattr(importlib.import_module(target, __name__), name)
                   ^^^^^^^^^^^^^^^^^^^^^^^^^^^^^^^^^^^^^^^^^
  File "/Users/win-win/.local/share/uv/python/cpython-3.12.13-macos-aarch64-none/lib/python3.12/importlib/__init__.py", line 90, in import_module
    return _bootstrap._gcd_import(name[level:], package, level)
           ^^^^^^^^^^^^^^^^^^^^^^^^^^^^^^^^^^^^^^^^^^^^^^^^^^^^
  File "<frozen importlib._bootstrap>", line 1387, in _gcd_import
  File "<frozen importlib._bootstrap>", line 1360, in _find_and_load
  File "<frozen importlib._bootstrap>", line 1331, in _find_and_load_unlocked
  File "<frozen importlib._bootstrap>", line 935, in _load_unlocked
  File "<frozen importlib._bootstrap_external>", line 999, in exec_module
  File "<frozen importlib._bootstrap>", line 488, in _call_with_frames_removed
  File "/Users/win-win/Documents/workspace-tbs/UIT/Python-ML/uit-vietnamese-mrc/.venv/lib/python3.12/site-packages/transformers/models/glm5_next/image_processing_glm5_next.py", line 24, in <module>
    from torchvision.transforms.v2 import functional as tvF
ModuleNotFoundError: No module named 'torchvision'
2026-09-12 20:32:40.003 Examining the path of transformers.models.glm_image.image_processing_glm_image_fast raised:
Traceback (most recent call last):
  File "/Users/win-win/Documents/workspace-tbs/UIT/Python-ML/uit-vietnamese-mrc/.venv/lib/python3.12/site-packages/streamlit/watcher/local_sources_watcher.py", line 340, in get_module_paths
    potential_paths = extract_paths(module)
                      ^^^^^^^^^^^^^^^^^^^^^
  File "/Users/win-win/Documents/workspace-tbs/UIT/Python-ML/uit-vietnamese-mrc/.venv/lib/python3.12/site-packages/streamlit/watcher/local_sources_watcher.py", line 327, in <lambda>
    if hasattr(m, "__path__")
       ^^^^^^^^^^^^^^^^^^^^^^
  File "/Users/win-win/Documents/workspace-tbs/UIT/Python-ML/uit-vietnamese-mrc/.venv/lib/python3.12/site-packages/transformers/__init__.py", line 867, in _getattr
    return getattr(importlib.import_module(target, __name__), name)
                   ^^^^^^^^^^^^^^^^^^^^^^^^^^^^^^^^^^^^^^^^^
  File "/Users/win-win/.local/share/uv/python/cpython-3.12.13-macos-aarch64-none/lib/python3.12/importlib/__init__.py", line 90, in import_module
    return _bootstrap._gcd_import(name[level:], package, level)
           ^^^^^^^^^^^^^^^^^^^^^^^^^^^^^^^^^^^^^^^^^^^^^^^^^^^^
  File "<frozen importlib._bootstrap>", line 1387, in _gcd_import
  File "<frozen importlib._bootstrap>", line 1360, in _find_and_load
  File "<frozen importlib._bootstrap>", line 1331, in _find_and_load_unlocked
  File "<frozen importlib._bootstrap>", line 935, in _load_unlocked
  File "<frozen importlib._bootstrap_external>", line 999, in exec_module
  File "<frozen importlib._bootstrap>", line 488, in _call_with_frames_removed
  File "/Users/win-win/Documents/workspace-tbs/UIT/Python-ML/uit-vietnamese-mrc/.venv/lib/python3.12/site-packages/transformers/models/glm_image/image_processing_glm_image.py", line 25, in <module>
    from torchvision.transforms.v2 import functional as tvF
ModuleNotFoundError: No module named 'torchvision'
2026-09-12 20:32:40.004 Examining the path of transformers.models.glmga.image_processing_glmga_fast raised:
Traceback (most recent call last):
  File "/Users/win-win/Documents/workspace-tbs/UIT/Python-ML/uit-vietnamese-mrc/.venv/lib/python3.12/site-packages/streamlit/watcher/local_sources_watcher.py", line 340, in get_module_paths
    potential_paths = extract_paths(module)
                      ^^^^^^^^^^^^^^^^^^^^^
  File "/Users/win-win/Documents/workspace-tbs/UIT/Python-ML/uit-vietnamese-mrc/.venv/lib/python3.12/site-packages/streamlit/watcher/local_sources_watcher.py", line 327, in <lambda>
    if hasattr(m, "__path__")
       ^^^^^^^^^^^^^^^^^^^^^^
  File "/Users/win-win/Documents/workspace-tbs/UIT/Python-ML/uit-vietnamese-mrc/.venv/lib/python3.12/site-packages/transformers/__init__.py", line 867, in _getattr
    return getattr(importlib.import_module(target, __name__), name)
                   ^^^^^^^^^^^^^^^^^^^^^^^^^^^^^^^^^^^^^^^^^
  File "/Users/win-win/.local/share/uv/python/cpython-3.12.13-macos-aarch64-none/lib/python3.12/importlib/__init__.py", line 90, in import_module
    return _bootstrap._gcd_import(name[level:], package, level)
           ^^^^^^^^^^^^^^^^^^^^^^^^^^^^^^^^^^^^^^^^^^^^^^^^^^^^
  File "<frozen importlib._bootstrap>", line 1387, in _gcd_import
  File "<frozen importlib._bootstrap>", line 1360, in _find_and_load
  File "<frozen importlib._bootstrap>", line 1331, in _find_and_load_unlocked
  File "<frozen importlib._bootstrap>", line 935, in _load_unlocked
  File "<frozen importlib._bootstrap_external>", line 999, in exec_module
  File "<frozen importlib._bootstrap>", line 488, in _call_with_frames_removed
  File "/Users/win-win/Documents/workspace-tbs/UIT/Python-ML/uit-vietnamese-mrc/.venv/lib/python3.12/site-packages/transformers/models/glmga/image_processing_glmga.py", line 24, in <module>
    from torchvision.transforms.v2 import functional as tvF
ModuleNotFoundError: No module named 'torchvision'
2026-09-12 20:32:40.004 Examining the path of transformers.models.glpn.image_processing_glpn_fast raised:
Traceback (most recent call last):
  File "/Users/win-win/Documents/workspace-tbs/UIT/Python-ML/uit-vietnamese-mrc/.venv/lib/python3.12/site-packages/streamlit/watcher/local_sources_watcher.py", line 340, in get_module_paths
    potential_paths = extract_paths(module)
                      ^^^^^^^^^^^^^^^^^^^^^
  File "/Users/win-win/Documents/workspace-tbs/UIT/Python-ML/uit-vietnamese-mrc/.venv/lib/python3.12/site-packages/streamlit/watcher/local_sources_watcher.py", line 327, in <lambda>
    if hasattr(m, "__path__")
       ^^^^^^^^^^^^^^^^^^^^^^
  File "/Users/win-win/Documents/workspace-tbs/UIT/Python-ML/uit-vietnamese-mrc/.venv/lib/python3.12/site-packages/transformers/__init__.py", line 867, in _getattr
    return getattr(importlib.import_module(target, __name__), name)
                   ^^^^^^^^^^^^^^^^^^^^^^^^^^^^^^^^^^^^^^^^^
  File "/Users/win-win/.local/share/uv/python/cpython-3.12.13-macos-aarch64-none/lib/python3.12/importlib/__init__.py", line 90, in import_module
    return _bootstrap._gcd_import(name[level:], package, level)
           ^^^^^^^^^^^^^^^^^^^^^^^^^^^^^^^^^^^^^^^^^^^^^^^^^^^^
  File "<frozen importlib._bootstrap>", line 1387, in _gcd_import
  File "<frozen importlib._bootstrap>", line 1360, in _find_and_load
  File "<frozen importlib._bootstrap>", line 1331, in _find_and_load_unlocked
  File "<frozen importlib._bootstrap>", line 935, in _load_unlocked
  File "<frozen importlib._bootstrap_external>", line 999, in exec_module
  File "<frozen importlib._bootstrap>", line 488, in _call_with_frames_removed
  File "/Users/win-win/Documents/workspace-tbs/UIT/Python-ML/uit-vietnamese-mrc/.venv/lib/python3.12/site-packages/transformers/models/glpn/image_processing_glpn.py", line 34, in <module>
    from torchvision.transforms.v2 import functional as tvF
ModuleNotFoundError: No module named 'torchvision'
2026-09-12 20:32:40.005 Examining the path of transformers.models.got_ocr2.image_processing_got_ocr2_fast raised:
Traceback (most recent call last):
  File "/Users/win-win/Documents/workspace-tbs/UIT/Python-ML/uit-vietnamese-mrc/.venv/lib/python3.12/site-packages/streamlit/watcher/local_sources_watcher.py", line 340, in get_module_paths
    potential_paths = extract_paths(module)
                      ^^^^^^^^^^^^^^^^^^^^^
  File "/Users/win-win/Documents/workspace-tbs/UIT/Python-ML/uit-vietnamese-mrc/.venv/lib/python3.12/site-packages/streamlit/watcher/local_sources_watcher.py", line 327, in <lambda>
    if hasattr(m, "__path__")
       ^^^^^^^^^^^^^^^^^^^^^^
  File "/Users/win-win/Documents/workspace-tbs/UIT/Python-ML/uit-vietnamese-mrc/.venv/lib/python3.12/site-packages/transformers/__init__.py", line 867, in _getattr
    return getattr(importlib.import_module(target, __name__), name)
                   ^^^^^^^^^^^^^^^^^^^^^^^^^^^^^^^^^^^^^^^^^
  File "/Users/win-win/.local/share/uv/python/cpython-3.12.13-macos-aarch64-none/lib/python3.12/importlib/__init__.py", line 90, in import_module
    return _bootstrap._gcd_import(name[level:], package, level)
           ^^^^^^^^^^^^^^^^^^^^^^^^^^^^^^^^^^^^^^^^^^^^^^^^^^^^
  File "<frozen importlib._bootstrap>", line 1387, in _gcd_import
  File "<frozen importlib._bootstrap>", line 1360, in _find_and_load
  File "<frozen importlib._bootstrap>", line 1331, in _find_and_load_unlocked
  File "<frozen importlib._bootstrap>", line 935, in _load_unlocked
  File "<frozen importlib._bootstrap_external>", line 999, in exec_module
  File "<frozen importlib._bootstrap>", line 488, in _call_with_frames_removed
  File "/Users/win-win/Documents/workspace-tbs/UIT/Python-ML/uit-vietnamese-mrc/.venv/lib/python3.12/site-packages/transformers/models/got_ocr2/image_processing_got_ocr2.py", line 19, in <module>
    from torchvision.transforms.v2 import functional as tvF
ModuleNotFoundError: No module named 'torchvision'
2026-09-12 20:32:40.005 Examining the path of transformers.models.grounding_dino.image_processing_grounding_dino_fast raised:
Traceback (most recent call last):
  File "/Users/win-win/Documents/workspace-tbs/UIT/Python-ML/uit-vietnamese-mrc/.venv/lib/python3.12/site-packages/streamlit/watcher/local_sources_watcher.py", line 340, in get_module_paths
    potential_paths = extract_paths(module)
                      ^^^^^^^^^^^^^^^^^^^^^
  File "/Users/win-win/Documents/workspace-tbs/UIT/Python-ML/uit-vietnamese-mrc/.venv/lib/python3.12/site-packages/streamlit/watcher/local_sources_watcher.py", line 327, in <lambda>
    if hasattr(m, "__path__")
       ^^^^^^^^^^^^^^^^^^^^^^
  File "/Users/win-win/Documents/workspace-tbs/UIT/Python-ML/uit-vietnamese-mrc/.venv/lib/python3.12/site-packages/transformers/__init__.py", line 867, in _getattr
    return getattr(importlib.import_module(target, __name__), name)
                   ^^^^^^^^^^^^^^^^^^^^^^^^^^^^^^^^^^^^^^^^^
  File "/Users/win-win/.local/share/uv/python/cpython-3.12.13-macos-aarch64-none/lib/python3.12/importlib/__init__.py", line 90, in import_module
    return _bootstrap._gcd_import(name[level:], package, level)
           ^^^^^^^^^^^^^^^^^^^^^^^^^^^^^^^^^^^^^^^^^^^^^^^^^^^^
  File "<frozen importlib._bootstrap>", line 1387, in _gcd_import
  File "<frozen importlib._bootstrap>", line 1360, in _find_and_load
  File "<frozen importlib._bootstrap>", line 1331, in _find_and_load_unlocked
  File "<frozen importlib._bootstrap>", line 935, in _load_unlocked
  File "<frozen importlib._bootstrap_external>", line 999, in exec_module
  File "<frozen importlib._bootstrap>", line 488, in _call_with_frames_removed
  File "/Users/win-win/Documents/workspace-tbs/UIT/Python-ML/uit-vietnamese-mrc/.venv/lib/python3.12/site-packages/transformers/models/grounding_dino/image_processing_grounding_dino.py", line 30, in <module>
    from torchvision.io import read_image
ModuleNotFoundError: No module named 'torchvision'
2026-09-12 20:32:40.006 Examining the path of transformers.models.hunyuan_vl.image_processing_hunyuan_vl_fast raised:
Traceback (most recent call last):
  File "/Users/win-win/Documents/workspace-tbs/UIT/Python-ML/uit-vietnamese-mrc/.venv/lib/python3.12/site-packages/streamlit/watcher/local_sources_watcher.py", line 340, in get_module_paths
    potential_paths = extract_paths(module)
                      ^^^^^^^^^^^^^^^^^^^^^
  File "/Users/win-win/Documents/workspace-tbs/UIT/Python-ML/uit-vietnamese-mrc/.venv/lib/python3.12/site-packages/streamlit/watcher/local_sources_watcher.py", line 327, in <lambda>
    if hasattr(m, "__path__")
       ^^^^^^^^^^^^^^^^^^^^^^
  File "/Users/win-win/Documents/workspace-tbs/UIT/Python-ML/uit-vietnamese-mrc/.venv/lib/python3.12/site-packages/transformers/__init__.py", line 867, in _getattr
    return getattr(importlib.import_module(target, __name__), name)
                   ^^^^^^^^^^^^^^^^^^^^^^^^^^^^^^^^^^^^^^^^^
  File "/Users/win-win/.local/share/uv/python/cpython-3.12.13-macos-aarch64-none/lib/python3.12/importlib/__init__.py", line 90, in import_module
    return _bootstrap._gcd_import(name[level:], package, level)
           ^^^^^^^^^^^^^^^^^^^^^^^^^^^^^^^^^^^^^^^^^^^^^^^^^^^^
  File "<frozen importlib._bootstrap>", line 1387, in _gcd_import
  File "<frozen importlib._bootstrap>", line 1360, in _find_and_load
  File "<frozen importlib._bootstrap>", line 1331, in _find_and_load_unlocked
  File "<frozen importlib._bootstrap>", line 935, in _load_unlocked
  File "<frozen importlib._bootstrap_external>", line 999, in exec_module
  File "<frozen importlib._bootstrap>", line 488, in _call_with_frames_removed
  File "/Users/win-win/Documents/workspace-tbs/UIT/Python-ML/uit-vietnamese-mrc/.venv/lib/python3.12/site-packages/transformers/models/hunyuan_vl/image_processing_hunyuan_vl.py", line 25, in <module>
    from torchvision.transforms.v2 import functional as tvF
ModuleNotFoundError: No module named 'torchvision'
2026-09-12 20:32:40.006 Examining the path of transformers.models.idefics2.image_processing_idefics2_fast raised:
Traceback (most recent call last):
  File "/Users/win-win/Documents/workspace-tbs/UIT/Python-ML/uit-vietnamese-mrc/.venv/lib/python3.12/site-packages/streamlit/watcher/local_sources_watcher.py", line 340, in get_module_paths
    potential_paths = extract_paths(module)
                      ^^^^^^^^^^^^^^^^^^^^^
  File "/Users/win-win/Documents/workspace-tbs/UIT/Python-ML/uit-vietnamese-mrc/.venv/lib/python3.12/site-packages/streamlit/watcher/local_sources_watcher.py", line 327, in <lambda>
    if hasattr(m, "__path__")
       ^^^^^^^^^^^^^^^^^^^^^^
  File "/Users/win-win/Documents/workspace-tbs/UIT/Python-ML/uit-vietnamese-mrc/.venv/lib/python3.12/site-packages/transformers/__init__.py", line 867, in _getattr
    return getattr(importlib.import_module(target, __name__), name)
                   ^^^^^^^^^^^^^^^^^^^^^^^^^^^^^^^^^^^^^^^^^
  File "/Users/win-win/.local/share/uv/python/cpython-3.12.13-macos-aarch64-none/lib/python3.12/importlib/__init__.py", line 90, in import_module
    return _bootstrap._gcd_import(name[level:], package, level)
           ^^^^^^^^^^^^^^^^^^^^^^^^^^^^^^^^^^^^^^^^^^^^^^^^^^^^
  File "<frozen importlib._bootstrap>", line 1387, in _gcd_import
  File "<frozen importlib._bootstrap>", line 1360, in _find_and_load
  File "<frozen importlib._bootstrap>", line 1331, in _find_and_load_unlocked
  File "<frozen importlib._bootstrap>", line 935, in _load_unlocked
  File "<frozen importlib._bootstrap_external>", line 999, in exec_module
  File "<frozen importlib._bootstrap>", line 488, in _call_with_frames_removed
  File "/Users/win-win/Documents/workspace-tbs/UIT/Python-ML/uit-vietnamese-mrc/.venv/lib/python3.12/site-packages/transformers/models/idefics2/image_processing_idefics2.py", line 37, in <module>
    from torchvision.transforms.v2 import functional as tvF
ModuleNotFoundError: No module named 'torchvision'
2026-09-12 20:32:40.007 Examining the path of transformers.models.idefics3.image_processing_idefics3_fast raised:
Traceback (most recent call last):
  File "/Users/win-win/Documents/workspace-tbs/UIT/Python-ML/uit-vietnamese-mrc/.venv/lib/python3.12/site-packages/streamlit/watcher/local_sources_watcher.py", line 340, in get_module_paths
    potential_paths = extract_paths(module)
                      ^^^^^^^^^^^^^^^^^^^^^
  File "/Users/win-win/Documents/workspace-tbs/UIT/Python-ML/uit-vietnamese-mrc/.venv/lib/python3.12/site-packages/streamlit/watcher/local_sources_watcher.py", line 327, in <lambda>
    if hasattr(m, "__path__")
       ^^^^^^^^^^^^^^^^^^^^^^
  File "/Users/win-win/Documents/workspace-tbs/UIT/Python-ML/uit-vietnamese-mrc/.venv/lib/python3.12/site-packages/transformers/__init__.py", line 867, in _getattr
    return getattr(importlib.import_module(target, __name__), name)
                   ^^^^^^^^^^^^^^^^^^^^^^^^^^^^^^^^^^^^^^^^^
  File "/Users/win-win/.local/share/uv/python/cpython-3.12.13-macos-aarch64-none/lib/python3.12/importlib/__init__.py", line 90, in import_module
    return _bootstrap._gcd_import(name[level:], package, level)
           ^^^^^^^^^^^^^^^^^^^^^^^^^^^^^^^^^^^^^^^^^^^^^^^^^^^^
  File "<frozen importlib._bootstrap>", line 1387, in _gcd_import
  File "<frozen importlib._bootstrap>", line 1360, in _find_and_load
  File "<frozen importlib._bootstrap>", line 1331, in _find_and_load_unlocked
  File "<frozen importlib._bootstrap>", line 935, in _load_unlocked
  File "<frozen importlib._bootstrap_external>", line 999, in exec_module
  File "<frozen importlib._bootstrap>", line 488, in _call_with_frames_removed
  File "/Users/win-win/Documents/workspace-tbs/UIT/Python-ML/uit-vietnamese-mrc/.venv/lib/python3.12/site-packages/transformers/models/idefics3/image_processing_idefics3.py", line 20, in <module>
    from torchvision.transforms.v2 import functional as tvF
ModuleNotFoundError: No module named 'torchvision'
2026-09-12 20:32:40.007 Examining the path of transformers.models.imagegpt.image_processing_imagegpt_fast raised:
Traceback (most recent call last):
  File "/Users/win-win/Documents/workspace-tbs/UIT/Python-ML/uit-vietnamese-mrc/.venv/lib/python3.12/site-packages/streamlit/watcher/local_sources_watcher.py", line 340, in get_module_paths
    potential_paths = extract_paths(module)
                      ^^^^^^^^^^^^^^^^^^^^^
  File "/Users/win-win/Documents/workspace-tbs/UIT/Python-ML/uit-vietnamese-mrc/.venv/lib/python3.12/site-packages/streamlit/watcher/local_sources_watcher.py", line 327, in <lambda>
    if hasattr(m, "__path__")
       ^^^^^^^^^^^^^^^^^^^^^^
  File "/Users/win-win/Documents/workspace-tbs/UIT/Python-ML/uit-vietnamese-mrc/.venv/lib/python3.12/site-packages/transformers/__init__.py", line 867, in _getattr
    return getattr(importlib.import_module(target, __name__), name)
                   ^^^^^^^^^^^^^^^^^^^^^^^^^^^^^^^^^^^^^^^^^
  File "/Users/win-win/.local/share/uv/python/cpython-3.12.13-macos-aarch64-none/lib/python3.12/importlib/__init__.py", line 90, in import_module
    return _bootstrap._gcd_import(name[level:], package, level)
           ^^^^^^^^^^^^^^^^^^^^^^^^^^^^^^^^^^^^^^^^^^^^^^^^^^^^
  File "<frozen importlib._bootstrap>", line 1387, in _gcd_import
  File "<frozen importlib._bootstrap>", line 1360, in _find_and_load
  File "<frozen importlib._bootstrap>", line 1331, in _find_and_load_unlocked
  File "<frozen importlib._bootstrap>", line 935, in _load_unlocked
  File "<frozen importlib._bootstrap_external>", line 999, in exec_module
  File "<frozen importlib._bootstrap>", line 488, in _call_with_frames_removed
  File "/Users/win-win/Documents/workspace-tbs/UIT/Python-ML/uit-vietnamese-mrc/.venv/lib/python3.12/site-packages/transformers/models/imagegpt/image_processing_imagegpt.py", line 20, in <module>
    from torchvision.transforms.v2 import functional as tvF
ModuleNotFoundError: No module named 'torchvision'
2026-09-12 20:32:40.008 Examining the path of transformers.models.inkling.image_processing_inkling_fast raised:
Traceback (most recent call last):
  File "/Users/win-win/Documents/workspace-tbs/UIT/Python-ML/uit-vietnamese-mrc/.venv/lib/python3.12/site-packages/streamlit/watcher/local_sources_watcher.py", line 340, in get_module_paths
    potential_paths = extract_paths(module)
                      ^^^^^^^^^^^^^^^^^^^^^
  File "/Users/win-win/Documents/workspace-tbs/UIT/Python-ML/uit-vietnamese-mrc/.venv/lib/python3.12/site-packages/streamlit/watcher/local_sources_watcher.py", line 327, in <lambda>
    if hasattr(m, "__path__")
       ^^^^^^^^^^^^^^^^^^^^^^
  File "/Users/win-win/Documents/workspace-tbs/UIT/Python-ML/uit-vietnamese-mrc/.venv/lib/python3.12/site-packages/transformers/__init__.py", line 867, in _getattr
    return getattr(importlib.import_module(target, __name__), name)
                   ^^^^^^^^^^^^^^^^^^^^^^^^^^^^^^^^^^^^^^^^^
  File "/Users/win-win/.local/share/uv/python/cpython-3.12.13-macos-aarch64-none/lib/python3.12/importlib/__init__.py", line 90, in import_module
    return _bootstrap._gcd_import(name[level:], package, level)
           ^^^^^^^^^^^^^^^^^^^^^^^^^^^^^^^^^^^^^^^^^^^^^^^^^^^^
  File "<frozen importlib._bootstrap>", line 1387, in _gcd_import
  File "<frozen importlib._bootstrap>", line 1360, in _find_and_load
  File "<frozen importlib._bootstrap>", line 1331, in _find_and_load_unlocked
  File "<frozen importlib._bootstrap>", line 935, in _load_unlocked
  File "<frozen importlib._bootstrap_external>", line 999, in exec_module
  File "<frozen importlib._bootstrap>", line 488, in _call_with_frames_removed
  File "/Users/win-win/Documents/workspace-tbs/UIT/Python-ML/uit-vietnamese-mrc/.venv/lib/python3.12/site-packages/transformers/models/inkling/image_processing_inkling.py", line 19, in <module>
    from torchvision.transforms.v2 import functional as tvF
ModuleNotFoundError: No module named 'torchvision'
2026-09-12 20:32:40.008 Examining the path of transformers.models.janus.image_processing_janus_fast raised:
Traceback (most recent call last):
  File "/Users/win-win/Documents/workspace-tbs/UIT/Python-ML/uit-vietnamese-mrc/.venv/lib/python3.12/site-packages/streamlit/watcher/local_sources_watcher.py", line 340, in get_module_paths
    potential_paths = extract_paths(module)
                      ^^^^^^^^^^^^^^^^^^^^^
  File "/Users/win-win/Documents/workspace-tbs/UIT/Python-ML/uit-vietnamese-mrc/.venv/lib/python3.12/site-packages/streamlit/watcher/local_sources_watcher.py", line 327, in <lambda>
    if hasattr(m, "__path__")
       ^^^^^^^^^^^^^^^^^^^^^^
  File "/Users/win-win/Documents/workspace-tbs/UIT/Python-ML/uit-vietnamese-mrc/.venv/lib/python3.12/site-packages/transformers/__init__.py", line 867, in _getattr
    return getattr(importlib.import_module(target, __name__), name)
                   ^^^^^^^^^^^^^^^^^^^^^^^^^^^^^^^^^^^^^^^^^
  File "/Users/win-win/.local/share/uv/python/cpython-3.12.13-macos-aarch64-none/lib/python3.12/importlib/__init__.py", line 90, in import_module
    return _bootstrap._gcd_import(name[level:], package, level)
           ^^^^^^^^^^^^^^^^^^^^^^^^^^^^^^^^^^^^^^^^^^^^^^^^^^^^
  File "<frozen importlib._bootstrap>", line 1387, in _gcd_import
  File "<frozen importlib._bootstrap>", line 1360, in _find_and_load
  File "<frozen importlib._bootstrap>", line 1331, in _find_and_load_unlocked
  File "<frozen importlib._bootstrap>", line 935, in _load_unlocked
  File "<frozen importlib._bootstrap_external>", line 999, in exec_module
  File "<frozen importlib._bootstrap>", line 488, in _call_with_frames_removed
  File "/Users/win-win/Documents/workspace-tbs/UIT/Python-ML/uit-vietnamese-mrc/.venv/lib/python3.12/site-packages/transformers/models/janus/image_processing_janus.py", line 17, in <module>
    import torchvision.transforms.v2.functional as tvF
ModuleNotFoundError: No module named 'torchvision'
2026-09-12 20:32:40.008 Examining the path of transformers.models.kimi_k25.image_processing_kimi_k25_fast raised:
Traceback (most recent call last):
  File "/Users/win-win/Documents/workspace-tbs/UIT/Python-ML/uit-vietnamese-mrc/.venv/lib/python3.12/site-packages/streamlit/watcher/local_sources_watcher.py", line 340, in get_module_paths
    potential_paths = extract_paths(module)
                      ^^^^^^^^^^^^^^^^^^^^^
  File "/Users/win-win/Documents/workspace-tbs/UIT/Python-ML/uit-vietnamese-mrc/.venv/lib/python3.12/site-packages/streamlit/watcher/local_sources_watcher.py", line 327, in <lambda>
    if hasattr(m, "__path__")
       ^^^^^^^^^^^^^^^^^^^^^^
  File "/Users/win-win/Documents/workspace-tbs/UIT/Python-ML/uit-vietnamese-mrc/.venv/lib/python3.12/site-packages/transformers/__init__.py", line 867, in _getattr
    return getattr(importlib.import_module(target, __name__), name)
                   ^^^^^^^^^^^^^^^^^^^^^^^^^^^^^^^^^^^^^^^^^
  File "/Users/win-win/.local/share/uv/python/cpython-3.12.13-macos-aarch64-none/lib/python3.12/importlib/__init__.py", line 90, in import_module
    return _bootstrap._gcd_import(name[level:], package, level)
           ^^^^^^^^^^^^^^^^^^^^^^^^^^^^^^^^^^^^^^^^^^^^^^^^^^^^
  File "<frozen importlib._bootstrap>", line 1387, in _gcd_import
  File "<frozen importlib._bootstrap>", line 1360, in _find_and_load
  File "<frozen importlib._bootstrap>", line 1331, in _find_and_load_unlocked
  File "<frozen importlib._bootstrap>", line 935, in _load_unlocked
  File "<frozen importlib._bootstrap_external>", line 999, in exec_module
  File "<frozen importlib._bootstrap>", line 488, in _call_with_frames_removed
  File "/Users/win-win/Documents/workspace-tbs/UIT/Python-ML/uit-vietnamese-mrc/.venv/lib/python3.12/site-packages/transformers/models/kimi_k25/image_processing_kimi_k25.py", line 19, in <module>
    from torchvision.transforms.v2 import functional as tvF
ModuleNotFoundError: No module named 'torchvision'
2026-09-12 20:32:40.009 Examining the path of transformers.models.layoutlmv2.image_processing_layoutlmv2_fast raised:
Traceback (most recent call last):
  File "/Users/win-win/Documents/workspace-tbs/UIT/Python-ML/uit-vietnamese-mrc/.venv/lib/python3.12/site-packages/streamlit/watcher/local_sources_watcher.py", line 340, in get_module_paths
    potential_paths = extract_paths(module)
                      ^^^^^^^^^^^^^^^^^^^^^
  File "/Users/win-win/Documents/workspace-tbs/UIT/Python-ML/uit-vietnamese-mrc/.venv/lib/python3.12/site-packages/streamlit/watcher/local_sources_watcher.py", line 327, in <lambda>
    if hasattr(m, "__path__")
       ^^^^^^^^^^^^^^^^^^^^^^
  File "/Users/win-win/Documents/workspace-tbs/UIT/Python-ML/uit-vietnamese-mrc/.venv/lib/python3.12/site-packages/transformers/__init__.py", line 867, in _getattr
    return getattr(importlib.import_module(target, __name__), name)
                   ^^^^^^^^^^^^^^^^^^^^^^^^^^^^^^^^^^^^^^^^^
  File "/Users/win-win/.local/share/uv/python/cpython-3.12.13-macos-aarch64-none/lib/python3.12/importlib/__init__.py", line 90, in import_module
    return _bootstrap._gcd_import(name[level:], package, level)
           ^^^^^^^^^^^^^^^^^^^^^^^^^^^^^^^^^^^^^^^^^^^^^^^^^^^^
  File "<frozen importlib._bootstrap>", line 1387, in _gcd_import
  File "<frozen importlib._bootstrap>", line 1360, in _find_and_load
  File "<frozen importlib._bootstrap>", line 1331, in _find_and_load_unlocked
  File "<frozen importlib._bootstrap>", line 935, in _load_unlocked
  File "<frozen importlib._bootstrap_external>", line 999, in exec_module
  File "<frozen importlib._bootstrap>", line 488, in _call_with_frames_removed
  File "/Users/win-win/Documents/workspace-tbs/UIT/Python-ML/uit-vietnamese-mrc/.venv/lib/python3.12/site-packages/transformers/models/layoutlmv2/image_processing_layoutlmv2.py", line 36, in <module>
    from torchvision.transforms.v2 import functional as tvF
ModuleNotFoundError: No module named 'torchvision'
2026-09-12 20:32:40.009 Examining the path of transformers.models.layoutlmv3.image_processing_layoutlmv3_fast raised:
Traceback (most recent call last):
  File "/Users/win-win/Documents/workspace-tbs/UIT/Python-ML/uit-vietnamese-mrc/.venv/lib/python3.12/site-packages/streamlit/watcher/local_sources_watcher.py", line 340, in get_module_paths
    potential_paths = extract_paths(module)
                      ^^^^^^^^^^^^^^^^^^^^^
  File "/Users/win-win/Documents/workspace-tbs/UIT/Python-ML/uit-vietnamese-mrc/.venv/lib/python3.12/site-packages/streamlit/watcher/local_sources_watcher.py", line 327, in <lambda>
    if hasattr(m, "__path__")
       ^^^^^^^^^^^^^^^^^^^^^^
  File "/Users/win-win/Documents/workspace-tbs/UIT/Python-ML/uit-vietnamese-mrc/.venv/lib/python3.12/site-packages/transformers/__init__.py", line 867, in _getattr
    return getattr(importlib.import_module(target, __name__), name)
                   ^^^^^^^^^^^^^^^^^^^^^^^^^^^^^^^^^^^^^^^^^
  File "/Users/win-win/.local/share/uv/python/cpython-3.12.13-macos-aarch64-none/lib/python3.12/importlib/__init__.py", line 90, in import_module
    return _bootstrap._gcd_import(name[level:], package, level)
           ^^^^^^^^^^^^^^^^^^^^^^^^^^^^^^^^^^^^^^^^^^^^^^^^^^^^
  File "<frozen importlib._bootstrap>", line 1387, in _gcd_import
  File "<frozen importlib._bootstrap>", line 1360, in _find_and_load
  File "<frozen importlib._bootstrap>", line 1331, in _find_and_load_unlocked
  File "<frozen importlib._bootstrap>", line 935, in _load_unlocked
  File "<frozen importlib._bootstrap_external>", line 999, in exec_module
  File "<frozen importlib._bootstrap>", line 488, in _call_with_frames_removed
  File "/Users/win-win/Documents/workspace-tbs/UIT/Python-ML/uit-vietnamese-mrc/.venv/lib/python3.12/site-packages/transformers/models/layoutlmv3/image_processing_layoutlmv3.py", line 42, in <module>
    from torchvision.transforms.v2 import functional as tvF
ModuleNotFoundError: No module named 'torchvision'
2026-09-12 20:32:40.010 Examining the path of transformers.models.levit.image_processing_levit_fast raised:
Traceback (most recent call last):
  File "/Users/win-win/Documents/workspace-tbs/UIT/Python-ML/uit-vietnamese-mrc/.venv/lib/python3.12/site-packages/streamlit/watcher/local_sources_watcher.py", line 340, in get_module_paths
    potential_paths = extract_paths(module)
                      ^^^^^^^^^^^^^^^^^^^^^
  File "/Users/win-win/Documents/workspace-tbs/UIT/Python-ML/uit-vietnamese-mrc/.venv/lib/python3.12/site-packages/streamlit/watcher/local_sources_watcher.py", line 327, in <lambda>
    if hasattr(m, "__path__")
       ^^^^^^^^^^^^^^^^^^^^^^
  File "/Users/win-win/Documents/workspace-tbs/UIT/Python-ML/uit-vietnamese-mrc/.venv/lib/python3.12/site-packages/transformers/__init__.py", line 867, in _getattr
    return getattr(importlib.import_module(target, __name__), name)
                   ^^^^^^^^^^^^^^^^^^^^^^^^^^^^^^^^^^^^^^^^^
  File "/Users/win-win/.local/share/uv/python/cpython-3.12.13-macos-aarch64-none/lib/python3.12/importlib/__init__.py", line 90, in import_module
    return _bootstrap._gcd_import(name[level:], package, level)
           ^^^^^^^^^^^^^^^^^^^^^^^^^^^^^^^^^^^^^^^^^^^^^^^^^^^^
  File "<frozen importlib._bootstrap>", line 1387, in _gcd_import
  File "<frozen importlib._bootstrap>", line 1360, in _find_and_load
  File "<frozen importlib._bootstrap>", line 1331, in _find_and_load_unlocked
  File "<frozen importlib._bootstrap>", line 935, in _load_unlocked
  File "<frozen importlib._bootstrap_external>", line 999, in exec_module
  File "<frozen importlib._bootstrap>", line 488, in _call_with_frames_removed
  File "/Users/win-win/Documents/workspace-tbs/UIT/Python-ML/uit-vietnamese-mrc/.venv/lib/python3.12/site-packages/transformers/models/levit/image_processing_levit.py", line 17, in <module>
    from torchvision.transforms.v2 import functional as tvF
ModuleNotFoundError: No module named 'torchvision'
2026-09-12 20:32:40.010 Examining the path of transformers.models.lfm2_vl.image_processing_lfm2_vl_fast raised:
Traceback (most recent call last):
  File "/Users/win-win/Documents/workspace-tbs/UIT/Python-ML/uit-vietnamese-mrc/.venv/lib/python3.12/site-packages/streamlit/watcher/local_sources_watcher.py", line 340, in get_module_paths
    potential_paths = extract_paths(module)
                      ^^^^^^^^^^^^^^^^^^^^^
  File "/Users/win-win/Documents/workspace-tbs/UIT/Python-ML/uit-vietnamese-mrc/.venv/lib/python3.12/site-packages/streamlit/watcher/local_sources_watcher.py", line 327, in <lambda>
    if hasattr(m, "__path__")
       ^^^^^^^^^^^^^^^^^^^^^^
  File "/Users/win-win/Documents/workspace-tbs/UIT/Python-ML/uit-vietnamese-mrc/.venv/lib/python3.12/site-packages/transformers/__init__.py", line 867, in _getattr
    return getattr(importlib.import_module(target, __name__), name)
                   ^^^^^^^^^^^^^^^^^^^^^^^^^^^^^^^^^^^^^^^^^
  File "/Users/win-win/.local/share/uv/python/cpython-3.12.13-macos-aarch64-none/lib/python3.12/importlib/__init__.py", line 90, in import_module
    return _bootstrap._gcd_import(name[level:], package, level)
           ^^^^^^^^^^^^^^^^^^^^^^^^^^^^^^^^^^^^^^^^^^^^^^^^^^^^
  File "<frozen importlib._bootstrap>", line 1387, in _gcd_import
  File "<frozen importlib._bootstrap>", line 1360, in _find_and_load
  File "<frozen importlib._bootstrap>", line 1331, in _find_and_load_unlocked
  File "<frozen importlib._bootstrap>", line 935, in _load_unlocked
  File "<frozen importlib._bootstrap_external>", line 999, in exec_module
  File "<frozen importlib._bootstrap>", line 488, in _call_with_frames_removed
  File "/Users/win-win/Documents/workspace-tbs/UIT/Python-ML/uit-vietnamese-mrc/.venv/lib/python3.12/site-packages/transformers/models/lfm2_vl/image_processing_lfm2_vl.py", line 18, in <module>
    from torchvision.transforms.v2 import functional as tvF
ModuleNotFoundError: No module named 'torchvision'
2026-09-12 20:32:40.011 Examining the path of transformers.models.lightglue.image_processing_lightglue_fast raised:
Traceback (most recent call last):
  File "/Users/win-win/Documents/workspace-tbs/UIT/Python-ML/uit-vietnamese-mrc/.venv/lib/python3.12/site-packages/streamlit/watcher/local_sources_watcher.py", line 340, in get_module_paths
    potential_paths = extract_paths(module)
                      ^^^^^^^^^^^^^^^^^^^^^
  File "/Users/win-win/Documents/workspace-tbs/UIT/Python-ML/uit-vietnamese-mrc/.venv/lib/python3.12/site-packages/streamlit/watcher/local_sources_watcher.py", line 327, in <lambda>
    if hasattr(m, "__path__")
       ^^^^^^^^^^^^^^^^^^^^^^
  File "/Users/win-win/Documents/workspace-tbs/UIT/Python-ML/uit-vietnamese-mrc/.venv/lib/python3.12/site-packages/transformers/__init__.py", line 867, in _getattr
    return getattr(importlib.import_module(target, __name__), name)
                   ^^^^^^^^^^^^^^^^^^^^^^^^^^^^^^^^^^^^^^^^^
  File "/Users/win-win/.local/share/uv/python/cpython-3.12.13-macos-aarch64-none/lib/python3.12/importlib/__init__.py", line 90, in import_module
    return _bootstrap._gcd_import(name[level:], package, level)
           ^^^^^^^^^^^^^^^^^^^^^^^^^^^^^^^^^^^^^^^^^^^^^^^^^^^^
  File "<frozen importlib._bootstrap>", line 1387, in _gcd_import
  File "<frozen importlib._bootstrap>", line 1360, in _find_and_load
  File "<frozen importlib._bootstrap>", line 1331, in _find_and_load_unlocked
  File "<frozen importlib._bootstrap>", line 935, in _load_unlocked
  File "<frozen importlib._bootstrap_external>", line 999, in exec_module
  File "<frozen importlib._bootstrap>", line 488, in _call_with_frames_removed
  File "/Users/win-win/Documents/workspace-tbs/UIT/Python-ML/uit-vietnamese-mrc/.venv/lib/python3.12/site-packages/transformers/models/lightglue/image_processing_lightglue.py", line 24, in <module>
    from torchvision.transforms.v2 import functional as tvF
ModuleNotFoundError: No module named 'torchvision'
2026-09-12 20:32:40.011 Examining the path of transformers.models.llama4.image_processing_llama4_fast raised:
Traceback (most recent call last):
  File "/Users/win-win/Documents/workspace-tbs/UIT/Python-ML/uit-vietnamese-mrc/.venv/lib/python3.12/site-packages/streamlit/watcher/local_sources_watcher.py", line 340, in get_module_paths
    potential_paths = extract_paths(module)
                      ^^^^^^^^^^^^^^^^^^^^^
  File "/Users/win-win/Documents/workspace-tbs/UIT/Python-ML/uit-vietnamese-mrc/.venv/lib/python3.12/site-packages/streamlit/watcher/local_sources_watcher.py", line 327, in <lambda>
    if hasattr(m, "__path__")
       ^^^^^^^^^^^^^^^^^^^^^^
  File "/Users/win-win/Documents/workspace-tbs/UIT/Python-ML/uit-vietnamese-mrc/.venv/lib/python3.12/site-packages/transformers/__init__.py", line 867, in _getattr
    return getattr(importlib.import_module(target, __name__), name)
                   ^^^^^^^^^^^^^^^^^^^^^^^^^^^^^^^^^^^^^^^^^
  File "/Users/win-win/.local/share/uv/python/cpython-3.12.13-macos-aarch64-none/lib/python3.12/importlib/__init__.py", line 90, in import_module
    return _bootstrap._gcd_import(name[level:], package, level)
           ^^^^^^^^^^^^^^^^^^^^^^^^^^^^^^^^^^^^^^^^^^^^^^^^^^^^
  File "<frozen importlib._bootstrap>", line 1387, in _gcd_import
  File "<frozen importlib._bootstrap>", line 1360, in _find_and_load
  File "<frozen importlib._bootstrap>", line 1331, in _find_and_load_unlocked
  File "<frozen importlib._bootstrap>", line 935, in _load_unlocked
  File "<frozen importlib._bootstrap_external>", line 999, in exec_module
  File "<frozen importlib._bootstrap>", line 488, in _call_with_frames_removed
  File "/Users/win-win/Documents/workspace-tbs/UIT/Python-ML/uit-vietnamese-mrc/.venv/lib/python3.12/site-packages/transformers/models/llama4/image_processing_llama4.py", line 21, in <module>
    from torchvision.transforms.v2 import functional as tvF
ModuleNotFoundError: No module named 'torchvision'
2026-09-12 20:32:40.011 Examining the path of transformers.models.llava.image_processing_llava_fast raised:
Traceback (most recent call last):
  File "/Users/win-win/Documents/workspace-tbs/UIT/Python-ML/uit-vietnamese-mrc/.venv/lib/python3.12/site-packages/streamlit/watcher/local_sources_watcher.py", line 340, in get_module_paths
    potential_paths = extract_paths(module)
                      ^^^^^^^^^^^^^^^^^^^^^
  File "/Users/win-win/Documents/workspace-tbs/UIT/Python-ML/uit-vietnamese-mrc/.venv/lib/python3.12/site-packages/streamlit/watcher/local_sources_watcher.py", line 327, in <lambda>
    if hasattr(m, "__path__")
       ^^^^^^^^^^^^^^^^^^^^^^
  File "/Users/win-win/Documents/workspace-tbs/UIT/Python-ML/uit-vietnamese-mrc/.venv/lib/python3.12/site-packages/transformers/__init__.py", line 867, in _getattr
    return getattr(importlib.import_module(target, __name__), name)
                   ^^^^^^^^^^^^^^^^^^^^^^^^^^^^^^^^^^^^^^^^^
  File "/Users/win-win/.local/share/uv/python/cpython-3.12.13-macos-aarch64-none/lib/python3.12/importlib/__init__.py", line 90, in import_module
    return _bootstrap._gcd_import(name[level:], package, level)
           ^^^^^^^^^^^^^^^^^^^^^^^^^^^^^^^^^^^^^^^^^^^^^^^^^^^^
  File "<frozen importlib._bootstrap>", line 1387, in _gcd_import
  File "<frozen importlib._bootstrap>", line 1360, in _find_and_load
  File "<frozen importlib._bootstrap>", line 1331, in _find_and_load_unlocked
  File "<frozen importlib._bootstrap>", line 935, in _load_unlocked
  File "<frozen importlib._bootstrap_external>", line 999, in exec_module
  File "<frozen importlib._bootstrap>", line 488, in _call_with_frames_removed
  File "/Users/win-win/Documents/workspace-tbs/UIT/Python-ML/uit-vietnamese-mrc/.venv/lib/python3.12/site-packages/transformers/models/llava/image_processing_llava.py", line 19, in <module>
    from torchvision.transforms.v2 import functional as tvF
ModuleNotFoundError: No module named 'torchvision'
2026-09-12 20:32:40.012 Examining the path of transformers.models.llava_next.image_processing_llava_next_fast raised:
Traceback (most recent call last):
  File "/Users/win-win/Documents/workspace-tbs/UIT/Python-ML/uit-vietnamese-mrc/.venv/lib/python3.12/site-packages/streamlit/watcher/local_sources_watcher.py", line 340, in get_module_paths
    potential_paths = extract_paths(module)
                      ^^^^^^^^^^^^^^^^^^^^^
  File "/Users/win-win/Documents/workspace-tbs/UIT/Python-ML/uit-vietnamese-mrc/.venv/lib/python3.12/site-packages/streamlit/watcher/local_sources_watcher.py", line 327, in <lambda>
    if hasattr(m, "__path__")
       ^^^^^^^^^^^^^^^^^^^^^^
  File "/Users/win-win/Documents/workspace-tbs/UIT/Python-ML/uit-vietnamese-mrc/.venv/lib/python3.12/site-packages/transformers/__init__.py", line 867, in _getattr
    return getattr(importlib.import_module(target, __name__), name)
                   ^^^^^^^^^^^^^^^^^^^^^^^^^^^^^^^^^^^^^^^^^
  File "/Users/win-win/.local/share/uv/python/cpython-3.12.13-macos-aarch64-none/lib/python3.12/importlib/__init__.py", line 90, in import_module
    return _bootstrap._gcd_import(name[level:], package, level)
           ^^^^^^^^^^^^^^^^^^^^^^^^^^^^^^^^^^^^^^^^^^^^^^^^^^^^
  File "<frozen importlib._bootstrap>", line 1387, in _gcd_import
  File "<frozen importlib._bootstrap>", line 1360, in _find_and_load
  File "<frozen importlib._bootstrap>", line 1331, in _find_and_load_unlocked
  File "<frozen importlib._bootstrap>", line 935, in _load_unlocked
  File "<frozen importlib._bootstrap_external>", line 999, in exec_module
  File "<frozen importlib._bootstrap>", line 488, in _call_with_frames_removed
  File "/Users/win-win/Documents/workspace-tbs/UIT/Python-ML/uit-vietnamese-mrc/.venv/lib/python3.12/site-packages/transformers/models/llava_next/image_processing_llava_next.py", line 19, in <module>
    from torchvision.transforms.v2 import functional as tvF
ModuleNotFoundError: No module named 'torchvision'
2026-09-12 20:32:40.012 Examining the path of transformers.models.llava_onevision.image_processing_llava_onevision_fast raised:
Traceback (most recent call last):
  File "/Users/win-win/Documents/workspace-tbs/UIT/Python-ML/uit-vietnamese-mrc/.venv/lib/python3.12/site-packages/streamlit/watcher/local_sources_watcher.py", line 340, in get_module_paths
    potential_paths = extract_paths(module)
                      ^^^^^^^^^^^^^^^^^^^^^
  File "/Users/win-win/Documents/workspace-tbs/UIT/Python-ML/uit-vietnamese-mrc/.venv/lib/python3.12/site-packages/streamlit/watcher/local_sources_watcher.py", line 327, in <lambda>
    if hasattr(m, "__path__")
       ^^^^^^^^^^^^^^^^^^^^^^
  File "/Users/win-win/Documents/workspace-tbs/UIT/Python-ML/uit-vietnamese-mrc/.venv/lib/python3.12/site-packages/transformers/__init__.py", line 867, in _getattr
    return getattr(importlib.import_module(target, __name__), name)
                   ^^^^^^^^^^^^^^^^^^^^^^^^^^^^^^^^^^^^^^^^^
  File "/Users/win-win/.local/share/uv/python/cpython-3.12.13-macos-aarch64-none/lib/python3.12/importlib/__init__.py", line 90, in import_module
    return _bootstrap._gcd_import(name[level:], package, level)
           ^^^^^^^^^^^^^^^^^^^^^^^^^^^^^^^^^^^^^^^^^^^^^^^^^^^^
  File "<frozen importlib._bootstrap>", line 1387, in _gcd_import
  File "<frozen importlib._bootstrap>", line 1360, in _find_and_load
  File "<frozen importlib._bootstrap>", line 1331, in _find_and_load_unlocked
  File "<frozen importlib._bootstrap>", line 935, in _load_unlocked
  File "<frozen importlib._bootstrap_external>", line 999, in exec_module
  File "<frozen importlib._bootstrap>", line 488, in _call_with_frames_removed
  File "/Users/win-win/Documents/workspace-tbs/UIT/Python-ML/uit-vietnamese-mrc/.venv/lib/python3.12/site-packages/transformers/models/llava_onevision/image_processing_llava_onevision.py", line 24, in <module>
    import torchvision.transforms.v2.functional as tvF
ModuleNotFoundError: No module named 'torchvision'
2026-09-12 20:32:40.013 Examining the path of transformers.models.mask2former.image_processing_mask2former_fast raised:
Traceback (most recent call last):
  File "/Users/win-win/Documents/workspace-tbs/UIT/Python-ML/uit-vietnamese-mrc/.venv/lib/python3.12/site-packages/streamlit/watcher/local_sources_watcher.py", line 340, in get_module_paths
    potential_paths = extract_paths(module)
                      ^^^^^^^^^^^^^^^^^^^^^
  File "/Users/win-win/Documents/workspace-tbs/UIT/Python-ML/uit-vietnamese-mrc/.venv/lib/python3.12/site-packages/streamlit/watcher/local_sources_watcher.py", line 327, in <lambda>
    if hasattr(m, "__path__")
       ^^^^^^^^^^^^^^^^^^^^^^
  File "/Users/win-win/Documents/workspace-tbs/UIT/Python-ML/uit-vietnamese-mrc/.venv/lib/python3.12/site-packages/transformers/__init__.py", line 867, in _getattr
    return getattr(importlib.import_module(target, __name__), name)
                   ^^^^^^^^^^^^^^^^^^^^^^^^^^^^^^^^^^^^^^^^^
  File "/Users/win-win/.local/share/uv/python/cpython-3.12.13-macos-aarch64-none/lib/python3.12/importlib/__init__.py", line 90, in import_module
    return _bootstrap._gcd_import(name[level:], package, level)
           ^^^^^^^^^^^^^^^^^^^^^^^^^^^^^^^^^^^^^^^^^^^^^^^^^^^^
  File "<frozen importlib._bootstrap>", line 1387, in _gcd_import
  File "<frozen importlib._bootstrap>", line 1360, in _find_and_load
  File "<frozen importlib._bootstrap>", line 1331, in _find_and_load_unlocked
  File "<frozen importlib._bootstrap>", line 935, in _load_unlocked
  File "<frozen importlib._bootstrap_external>", line 999, in exec_module
  File "<frozen importlib._bootstrap>", line 488, in _call_with_frames_removed
  File "/Users/win-win/Documents/workspace-tbs/UIT/Python-ML/uit-vietnamese-mrc/.venv/lib/python3.12/site-packages/transformers/models/mask2former/image_processing_mask2former.py", line 27, in <module>
    from torchvision.transforms.v2 import functional as tvF
ModuleNotFoundError: No module named 'torchvision'
2026-09-12 20:32:40.013 Examining the path of transformers.models.maskformer.image_processing_maskformer_fast raised:
Traceback (most recent call last):
  File "/Users/win-win/Documents/workspace-tbs/UIT/Python-ML/uit-vietnamese-mrc/.venv/lib/python3.12/site-packages/streamlit/watcher/local_sources_watcher.py", line 340, in get_module_paths
    potential_paths = extract_paths(module)
                      ^^^^^^^^^^^^^^^^^^^^^
  File "/Users/win-win/Documents/workspace-tbs/UIT/Python-ML/uit-vietnamese-mrc/.venv/lib/python3.12/site-packages/streamlit/watcher/local_sources_watcher.py", line 327, in <lambda>
    if hasattr(m, "__path__")
       ^^^^^^^^^^^^^^^^^^^^^^
  File "/Users/win-win/Documents/workspace-tbs/UIT/Python-ML/uit-vietnamese-mrc/.venv/lib/python3.12/site-packages/transformers/__init__.py", line 867, in _getattr
    return getattr(importlib.import_module(target, __name__), name)
                   ^^^^^^^^^^^^^^^^^^^^^^^^^^^^^^^^^^^^^^^^^
  File "/Users/win-win/.local/share/uv/python/cpython-3.12.13-macos-aarch64-none/lib/python3.12/importlib/__init__.py", line 90, in import_module
    return _bootstrap._gcd_import(name[level:], package, level)
           ^^^^^^^^^^^^^^^^^^^^^^^^^^^^^^^^^^^^^^^^^^^^^^^^^^^^
  File "<frozen importlib._bootstrap>", line 1387, in _gcd_import
  File "<frozen importlib._bootstrap>", line 1360, in _find_and_load
  File "<frozen importlib._bootstrap>", line 1331, in _find_and_load_unlocked
  File "<frozen importlib._bootstrap>", line 935, in _load_unlocked
  File "<frozen importlib._bootstrap_external>", line 999, in exec_module
  File "<frozen importlib._bootstrap>", line 488, in _call_with_frames_removed
  File "/Users/win-win/Documents/workspace-tbs/UIT/Python-ML/uit-vietnamese-mrc/.venv/lib/python3.12/site-packages/transformers/models/maskformer/image_processing_maskformer.py", line 22, in <module>
    from torchvision.transforms.v2 import functional as tvF
ModuleNotFoundError: No module named 'torchvision'
2026-09-12 20:32:40.014 Examining the path of transformers.models.minimax_m3_vl.image_processing_minimax_m3_vl_fast raised:
Traceback (most recent call last):
  File "/Users/win-win/Documents/workspace-tbs/UIT/Python-ML/uit-vietnamese-mrc/.venv/lib/python3.12/site-packages/streamlit/watcher/local_sources_watcher.py", line 340, in get_module_paths
    potential_paths = extract_paths(module)
                      ^^^^^^^^^^^^^^^^^^^^^
  File "/Users/win-win/Documents/workspace-tbs/UIT/Python-ML/uit-vietnamese-mrc/.venv/lib/python3.12/site-packages/streamlit/watcher/local_sources_watcher.py", line 327, in <lambda>
    if hasattr(m, "__path__")
       ^^^^^^^^^^^^^^^^^^^^^^
  File "/Users/win-win/Documents/workspace-tbs/UIT/Python-ML/uit-vietnamese-mrc/.venv/lib/python3.12/site-packages/transformers/__init__.py", line 867, in _getattr
    return getattr(importlib.import_module(target, __name__), name)
                   ^^^^^^^^^^^^^^^^^^^^^^^^^^^^^^^^^^^^^^^^^
  File "/Users/win-win/.local/share/uv/python/cpython-3.12.13-macos-aarch64-none/lib/python3.12/importlib/__init__.py", line 90, in import_module
    return _bootstrap._gcd_import(name[level:], package, level)
           ^^^^^^^^^^^^^^^^^^^^^^^^^^^^^^^^^^^^^^^^^^^^^^^^^^^^
  File "<frozen importlib._bootstrap>", line 1387, in _gcd_import
  File "<frozen importlib._bootstrap>", line 1360, in _find_and_load
  File "<frozen importlib._bootstrap>", line 1331, in _find_and_load_unlocked
  File "<frozen importlib._bootstrap>", line 935, in _load_unlocked
  File "<frozen importlib._bootstrap_external>", line 999, in exec_module
  File "<frozen importlib._bootstrap>", line 488, in _call_with_frames_removed
  File "/Users/win-win/Documents/workspace-tbs/UIT/Python-ML/uit-vietnamese-mrc/.venv/lib/python3.12/site-packages/transformers/models/minimax_m3_vl/image_processing_minimax_m3_vl.py", line 25, in <module>
    from torchvision.transforms.v2 import functional as tvF
ModuleNotFoundError: No module named 'torchvision'
2026-09-12 20:32:40.014 Examining the path of transformers.models.mllama.image_processing_mllama_fast raised:
Traceback (most recent call last):
  File "/Users/win-win/Documents/workspace-tbs/UIT/Python-ML/uit-vietnamese-mrc/.venv/lib/python3.12/site-packages/streamlit/watcher/local_sources_watcher.py", line 340, in get_module_paths
    potential_paths = extract_paths(module)
                      ^^^^^^^^^^^^^^^^^^^^^
  File "/Users/win-win/Documents/workspace-tbs/UIT/Python-ML/uit-vietnamese-mrc/.venv/lib/python3.12/site-packages/streamlit/watcher/local_sources_watcher.py", line 327, in <lambda>
    if hasattr(m, "__path__")
       ^^^^^^^^^^^^^^^^^^^^^^
  File "/Users/win-win/Documents/workspace-tbs/UIT/Python-ML/uit-vietnamese-mrc/.venv/lib/python3.12/site-packages/transformers/__init__.py", line 867, in _getattr
    return getattr(importlib.import_module(target, __name__), name)
                   ^^^^^^^^^^^^^^^^^^^^^^^^^^^^^^^^^^^^^^^^^
  File "/Users/win-win/.local/share/uv/python/cpython-3.12.13-macos-aarch64-none/lib/python3.12/importlib/__init__.py", line 90, in import_module
    return _bootstrap._gcd_import(name[level:], package, level)
           ^^^^^^^^^^^^^^^^^^^^^^^^^^^^^^^^^^^^^^^^^^^^^^^^^^^^
  File "<frozen importlib._bootstrap>", line 1387, in _gcd_import
  File "<frozen importlib._bootstrap>", line 1360, in _find_and_load
  File "<frozen importlib._bootstrap>", line 1331, in _find_and_load_unlocked
  File "<frozen importlib._bootstrap>", line 935, in _load_unlocked
  File "<frozen importlib._bootstrap_external>", line 999, in exec_module
  File "<frozen importlib._bootstrap>", line 488, in _call_with_frames_removed
  File "/Users/win-win/Documents/workspace-tbs/UIT/Python-ML/uit-vietnamese-mrc/.venv/lib/python3.12/site-packages/transformers/models/mllama/image_processing_mllama.py", line 40, in <module>
    from torchvision.transforms.v2 import functional as tvF
ModuleNotFoundError: No module named 'torchvision'
2026-09-12 20:32:40.014 Examining the path of transformers.models.mobilenet_v2.image_processing_mobilenet_v2_fast raised:
Traceback (most recent call last):
  File "/Users/win-win/Documents/workspace-tbs/UIT/Python-ML/uit-vietnamese-mrc/.venv/lib/python3.12/site-packages/streamlit/watcher/local_sources_watcher.py", line 340, in get_module_paths
    potential_paths = extract_paths(module)
                      ^^^^^^^^^^^^^^^^^^^^^
  File "/Users/win-win/Documents/workspace-tbs/UIT/Python-ML/uit-vietnamese-mrc/.venv/lib/python3.12/site-packages/streamlit/watcher/local_sources_watcher.py", line 327, in <lambda>
    if hasattr(m, "__path__")
       ^^^^^^^^^^^^^^^^^^^^^^
  File "/Users/win-win/Documents/workspace-tbs/UIT/Python-ML/uit-vietnamese-mrc/.venv/lib/python3.12/site-packages/transformers/__init__.py", line 867, in _getattr
    return getattr(importlib.import_module(target, __name__), name)
                   ^^^^^^^^^^^^^^^^^^^^^^^^^^^^^^^^^^^^^^^^^
  File "/Users/win-win/.local/share/uv/python/cpython-3.12.13-macos-aarch64-none/lib/python3.12/importlib/__init__.py", line 90, in import_module
    return _bootstrap._gcd_import(name[level:], package, level)
           ^^^^^^^^^^^^^^^^^^^^^^^^^^^^^^^^^^^^^^^^^^^^^^^^^^^^
  File "<frozen importlib._bootstrap>", line 1387, in _gcd_import
  File "<frozen importlib._bootstrap>", line 1360, in _find_and_load
  File "<frozen importlib._bootstrap>", line 1331, in _find_and_load_unlocked
  File "<frozen importlib._bootstrap>", line 935, in _load_unlocked
  File "<frozen importlib._bootstrap_external>", line 999, in exec_module
  File "<frozen importlib._bootstrap>", line 488, in _call_with_frames_removed
  File "/Users/win-win/Documents/workspace-tbs/UIT/Python-ML/uit-vietnamese-mrc/.venv/lib/python3.12/site-packages/transformers/models/mobilenet_v2/image_processing_mobilenet_v2.py", line 19, in <module>
    from torchvision.transforms.v2 import functional as tvF
ModuleNotFoundError: No module named 'torchvision'
2026-09-12 20:32:40.015 Examining the path of transformers.models.mobilevit.image_processing_mobilevit_fast raised:
Traceback (most recent call last):
  File "/Users/win-win/Documents/workspace-tbs/UIT/Python-ML/uit-vietnamese-mrc/.venv/lib/python3.12/site-packages/streamlit/watcher/local_sources_watcher.py", line 340, in get_module_paths
    potential_paths = extract_paths(module)
                      ^^^^^^^^^^^^^^^^^^^^^
  File "/Users/win-win/Documents/workspace-tbs/UIT/Python-ML/uit-vietnamese-mrc/.venv/lib/python3.12/site-packages/streamlit/watcher/local_sources_watcher.py", line 327, in <lambda>
    if hasattr(m, "__path__")
       ^^^^^^^^^^^^^^^^^^^^^^
  File "/Users/win-win/Documents/workspace-tbs/UIT/Python-ML/uit-vietnamese-mrc/.venv/lib/python3.12/site-packages/transformers/__init__.py", line 867, in _getattr
    return getattr(importlib.import_module(target, __name__), name)
                   ^^^^^^^^^^^^^^^^^^^^^^^^^^^^^^^^^^^^^^^^^
  File "/Users/win-win/.local/share/uv/python/cpython-3.12.13-macos-aarch64-none/lib/python3.12/importlib/__init__.py", line 90, in import_module
    return _bootstrap._gcd_import(name[level:], package, level)
           ^^^^^^^^^^^^^^^^^^^^^^^^^^^^^^^^^^^^^^^^^^^^^^^^^^^^
  File "<frozen importlib._bootstrap>", line 1387, in _gcd_import
  File "<frozen importlib._bootstrap>", line 1360, in _find_and_load
  File "<frozen importlib._bootstrap>", line 1331, in _find_and_load_unlocked
  File "<frozen importlib._bootstrap>", line 935, in _load_unlocked
  File "<frozen importlib._bootstrap_external>", line 999, in exec_module
  File "<frozen importlib._bootstrap>", line 488, in _call_with_frames_removed
  File "/Users/win-win/Documents/workspace-tbs/UIT/Python-ML/uit-vietnamese-mrc/.venv/lib/python3.12/site-packages/transformers/models/mobilevit/image_processing_mobilevit.py", line 19, in <module>
    from torchvision.transforms.v2 import functional as tvF
ModuleNotFoundError: No module named 'torchvision'
2026-09-12 20:32:40.015 Examining the path of transformers.models.muse_glimmer.image_processing_muse_glimmer_fast raised:
Traceback (most recent call last):
  File "/Users/win-win/Documents/workspace-tbs/UIT/Python-ML/uit-vietnamese-mrc/.venv/lib/python3.12/site-packages/streamlit/watcher/local_sources_watcher.py", line 340, in get_module_paths
    potential_paths = extract_paths(module)
                      ^^^^^^^^^^^^^^^^^^^^^
  File "/Users/win-win/Documents/workspace-tbs/UIT/Python-ML/uit-vietnamese-mrc/.venv/lib/python3.12/site-packages/streamlit/watcher/local_sources_watcher.py", line 327, in <lambda>
    if hasattr(m, "__path__")
       ^^^^^^^^^^^^^^^^^^^^^^
  File "/Users/win-win/Documents/workspace-tbs/UIT/Python-ML/uit-vietnamese-mrc/.venv/lib/python3.12/site-packages/transformers/__init__.py", line 867, in _getattr
    return getattr(importlib.import_module(target, __name__), name)
                   ^^^^^^^^^^^^^^^^^^^^^^^^^^^^^^^^^^^^^^^^^
  File "/Users/win-win/.local/share/uv/python/cpython-3.12.13-macos-aarch64-none/lib/python3.12/importlib/__init__.py", line 90, in import_module
    return _bootstrap._gcd_import(name[level:], package, level)
           ^^^^^^^^^^^^^^^^^^^^^^^^^^^^^^^^^^^^^^^^^^^^^^^^^^^^
  File "<frozen importlib._bootstrap>", line 1387, in _gcd_import
  File "<frozen importlib._bootstrap>", line 1360, in _find_and_load
  File "<frozen importlib._bootstrap>", line 1331, in _find_and_load_unlocked
  File "<frozen importlib._bootstrap>", line 935, in _load_unlocked
  File "<frozen importlib._bootstrap_external>", line 999, in exec_module
  File "<frozen importlib._bootstrap>", line 488, in _call_with_frames_removed
  File "/Users/win-win/Documents/workspace-tbs/UIT/Python-ML/uit-vietnamese-mrc/.venv/lib/python3.12/site-packages/transformers/models/muse_glimmer/image_processing_muse_glimmer.py", line 25, in <module>
    from torchvision.transforms.v2 import functional as tvF
ModuleNotFoundError: No module named 'torchvision'
2026-09-12 20:32:40.016 Examining the path of transformers.models.neomme.image_processing_neomme_fast raised:
Traceback (most recent call last):
  File "/Users/win-win/Documents/workspace-tbs/UIT/Python-ML/uit-vietnamese-mrc/.venv/lib/python3.12/site-packages/streamlit/watcher/local_sources_watcher.py", line 340, in get_module_paths
    potential_paths = extract_paths(module)
                      ^^^^^^^^^^^^^^^^^^^^^
  File "/Users/win-win/Documents/workspace-tbs/UIT/Python-ML/uit-vietnamese-mrc/.venv/lib/python3.12/site-packages/streamlit/watcher/local_sources_watcher.py", line 327, in <lambda>
    if hasattr(m, "__path__")
       ^^^^^^^^^^^^^^^^^^^^^^
  File "/Users/win-win/Documents/workspace-tbs/UIT/Python-ML/uit-vietnamese-mrc/.venv/lib/python3.12/site-packages/transformers/__init__.py", line 867, in _getattr
    return getattr(importlib.import_module(target, __name__), name)
                   ^^^^^^^^^^^^^^^^^^^^^^^^^^^^^^^^^^^^^^^^^
  File "/Users/win-win/.local/share/uv/python/cpython-3.12.13-macos-aarch64-none/lib/python3.12/importlib/__init__.py", line 90, in import_module
    return _bootstrap._gcd_import(name[level:], package, level)
           ^^^^^^^^^^^^^^^^^^^^^^^^^^^^^^^^^^^^^^^^^^^^^^^^^^^^
  File "<frozen importlib._bootstrap>", line 1387, in _gcd_import
  File "<frozen importlib._bootstrap>", line 1360, in _find_and_load
  File "<frozen importlib._bootstrap>", line 1331, in _find_and_load_unlocked
  File "<frozen importlib._bootstrap>", line 935, in _load_unlocked
  File "<frozen importlib._bootstrap_external>", line 999, in exec_module
  File "<frozen importlib._bootstrap>", line 488, in _call_with_frames_removed
  File "/Users/win-win/Documents/workspace-tbs/UIT/Python-ML/uit-vietnamese-mrc/.venv/lib/python3.12/site-packages/transformers/models/neomme/image_processing_neomme.py", line 25, in <module>
    from torchvision.transforms.v2 import functional as tvF
ModuleNotFoundError: No module named 'torchvision'
2026-09-12 20:32:40.016 Examining the path of transformers.models.nougat.image_processing_nougat_fast raised:
Traceback (most recent call last):
  File "/Users/win-win/Documents/workspace-tbs/UIT/Python-ML/uit-vietnamese-mrc/.venv/lib/python3.12/site-packages/streamlit/watcher/local_sources_watcher.py", line 340, in get_module_paths
    potential_paths = extract_paths(module)
                      ^^^^^^^^^^^^^^^^^^^^^
  File "/Users/win-win/Documents/workspace-tbs/UIT/Python-ML/uit-vietnamese-mrc/.venv/lib/python3.12/site-packages/streamlit/watcher/local_sources_watcher.py", line 327, in <lambda>
    if hasattr(m, "__path__")
       ^^^^^^^^^^^^^^^^^^^^^^
  File "/Users/win-win/Documents/workspace-tbs/UIT/Python-ML/uit-vietnamese-mrc/.venv/lib/python3.12/site-packages/transformers/__init__.py", line 867, in _getattr
    return getattr(importlib.import_module(target, __name__), name)
                   ^^^^^^^^^^^^^^^^^^^^^^^^^^^^^^^^^^^^^^^^^
  File "/Users/win-win/.local/share/uv/python/cpython-3.12.13-macos-aarch64-none/lib/python3.12/importlib/__init__.py", line 90, in import_module
    return _bootstrap._gcd_import(name[level:], package, level)
           ^^^^^^^^^^^^^^^^^^^^^^^^^^^^^^^^^^^^^^^^^^^^^^^^^^^^
  File "<frozen importlib._bootstrap>", line 1387, in _gcd_import
  File "<frozen importlib._bootstrap>", line 1360, in _find_and_load
  File "<frozen importlib._bootstrap>", line 1331, in _find_and_load_unlocked
  File "<frozen importlib._bootstrap>", line 935, in _load_unlocked
  File "<frozen importlib._bootstrap_external>", line 999, in exec_module
  File "<frozen importlib._bootstrap>", line 488, in _call_with_frames_removed
  File "/Users/win-win/Documents/workspace-tbs/UIT/Python-ML/uit-vietnamese-mrc/.venv/lib/python3.12/site-packages/transformers/models/nougat/image_processing_nougat.py", line 17, in <module>
    from torchvision.transforms.v2 import functional as tvF
ModuleNotFoundError: No module named 'torchvision'
2026-09-12 20:32:40.017 Examining the path of transformers.models.oneformer.image_processing_oneformer_fast raised:
Traceback (most recent call last):
  File "/Users/win-win/Documents/workspace-tbs/UIT/Python-ML/uit-vietnamese-mrc/.venv/lib/python3.12/site-packages/streamlit/watcher/local_sources_watcher.py", line 340, in get_module_paths
    potential_paths = extract_paths(module)
                      ^^^^^^^^^^^^^^^^^^^^^
  File "/Users/win-win/Documents/workspace-tbs/UIT/Python-ML/uit-vietnamese-mrc/.venv/lib/python3.12/site-packages/streamlit/watcher/local_sources_watcher.py", line 327, in <lambda>
    if hasattr(m, "__path__")
       ^^^^^^^^^^^^^^^^^^^^^^
  File "/Users/win-win/Documents/workspace-tbs/UIT/Python-ML/uit-vietnamese-mrc/.venv/lib/python3.12/site-packages/transformers/__init__.py", line 867, in _getattr
    return getattr(importlib.import_module(target, __name__), name)
                   ^^^^^^^^^^^^^^^^^^^^^^^^^^^^^^^^^^^^^^^^^
  File "/Users/win-win/.local/share/uv/python/cpython-3.12.13-macos-aarch64-none/lib/python3.12/importlib/__init__.py", line 90, in import_module
    return _bootstrap._gcd_import(name[level:], package, level)
           ^^^^^^^^^^^^^^^^^^^^^^^^^^^^^^^^^^^^^^^^^^^^^^^^^^^^
  File "<frozen importlib._bootstrap>", line 1387, in _gcd_import
  File "<frozen importlib._bootstrap>", line 1360, in _find_and_load
  File "<frozen importlib._bootstrap>", line 1331, in _find_and_load_unlocked
  File "<frozen importlib._bootstrap>", line 935, in _load_unlocked
  File "<frozen importlib._bootstrap_external>", line 999, in exec_module
  File "<frozen importlib._bootstrap>", line 488, in _call_with_frames_removed
  File "/Users/win-win/Documents/workspace-tbs/UIT/Python-ML/uit-vietnamese-mrc/.venv/lib/python3.12/site-packages/transformers/models/oneformer/image_processing_oneformer.py", line 23, in <module>
    from torchvision.transforms.v2 import functional as tvF
ModuleNotFoundError: No module named 'torchvision'
2026-09-12 20:32:40.017 Examining the path of transformers.models.ovis2.image_processing_ovis2_fast raised:
Traceback (most recent call last):
  File "/Users/win-win/Documents/workspace-tbs/UIT/Python-ML/uit-vietnamese-mrc/.venv/lib/python3.12/site-packages/streamlit/watcher/local_sources_watcher.py", line 340, in get_module_paths
    potential_paths = extract_paths(module)
                      ^^^^^^^^^^^^^^^^^^^^^
  File "/Users/win-win/Documents/workspace-tbs/UIT/Python-ML/uit-vietnamese-mrc/.venv/lib/python3.12/site-packages/streamlit/watcher/local_sources_watcher.py", line 327, in <lambda>
    if hasattr(m, "__path__")
       ^^^^^^^^^^^^^^^^^^^^^^
  File "/Users/win-win/Documents/workspace-tbs/UIT/Python-ML/uit-vietnamese-mrc/.venv/lib/python3.12/site-packages/transformers/__init__.py", line 867, in _getattr
    return getattr(importlib.import_module(target, __name__), name)
                   ^^^^^^^^^^^^^^^^^^^^^^^^^^^^^^^^^^^^^^^^^
  File "/Users/win-win/.local/share/uv/python/cpython-3.12.13-macos-aarch64-none/lib/python3.12/importlib/__init__.py", line 90, in import_module
    return _bootstrap._gcd_import(name[level:], package, level)
           ^^^^^^^^^^^^^^^^^^^^^^^^^^^^^^^^^^^^^^^^^^^^^^^^^^^^
  File "<frozen importlib._bootstrap>", line 1387, in _gcd_import
  File "<frozen importlib._bootstrap>", line 1360, in _find_and_load
  File "<frozen importlib._bootstrap>", line 1331, in _find_and_load_unlocked
  File "<frozen importlib._bootstrap>", line 935, in _load_unlocked
  File "<frozen importlib._bootstrap_external>", line 999, in exec_module
  File "<frozen importlib._bootstrap>", line 488, in _call_with_frames_removed
  File "/Users/win-win/Documents/workspace-tbs/UIT/Python-ML/uit-vietnamese-mrc/.venv/lib/python3.12/site-packages/transformers/models/ovis2/image_processing_ovis2.py", line 19, in <module>
    from torchvision.transforms.v2 import functional as tvF
ModuleNotFoundError: No module named 'torchvision'
2026-09-12 20:32:40.018 Examining the path of transformers.models.owlv2.image_processing_owlv2_fast raised:
Traceback (most recent call last):
  File "/Users/win-win/Documents/workspace-tbs/UIT/Python-ML/uit-vietnamese-mrc/.venv/lib/python3.12/site-packages/streamlit/watcher/local_sources_watcher.py", line 340, in get_module_paths
    potential_paths = extract_paths(module)
                      ^^^^^^^^^^^^^^^^^^^^^
  File "/Users/win-win/Documents/workspace-tbs/UIT/Python-ML/uit-vietnamese-mrc/.venv/lib/python3.12/site-packages/streamlit/watcher/local_sources_watcher.py", line 327, in <lambda>
    if hasattr(m, "__path__")
       ^^^^^^^^^^^^^^^^^^^^^^
  File "/Users/win-win/Documents/workspace-tbs/UIT/Python-ML/uit-vietnamese-mrc/.venv/lib/python3.12/site-packages/transformers/__init__.py", line 867, in _getattr
    return getattr(importlib.import_module(target, __name__), name)
                   ^^^^^^^^^^^^^^^^^^^^^^^^^^^^^^^^^^^^^^^^^
  File "/Users/win-win/.local/share/uv/python/cpython-3.12.13-macos-aarch64-none/lib/python3.12/importlib/__init__.py", line 90, in import_module
    return _bootstrap._gcd_import(name[level:], package, level)
           ^^^^^^^^^^^^^^^^^^^^^^^^^^^^^^^^^^^^^^^^^^^^^^^^^^^^
  File "<frozen importlib._bootstrap>", line 1387, in _gcd_import
  File "<frozen importlib._bootstrap>", line 1360, in _find_and_load
  File "<frozen importlib._bootstrap>", line 1331, in _find_and_load_unlocked
  File "<frozen importlib._bootstrap>", line 935, in _load_unlocked
  File "<frozen importlib._bootstrap_external>", line 999, in exec_module
  File "<frozen importlib._bootstrap>", line 488, in _call_with_frames_removed
  File "/Users/win-win/Documents/workspace-tbs/UIT/Python-ML/uit-vietnamese-mrc/.venv/lib/python3.12/site-packages/transformers/models/owlv2/image_processing_owlv2.py", line 25, in <module>
    import torchvision.transforms.v2.functional as tvF
ModuleNotFoundError: No module named 'torchvision'
2026-09-12 20:32:40.018 Examining the path of transformers.models.paddleocr_vl.image_processing_paddleocr_vl_fast raised:
Traceback (most recent call last):
  File "/Users/win-win/Documents/workspace-tbs/UIT/Python-ML/uit-vietnamese-mrc/.venv/lib/python3.12/site-packages/streamlit/watcher/local_sources_watcher.py", line 340, in get_module_paths
    potential_paths = extract_paths(module)
                      ^^^^^^^^^^^^^^^^^^^^^
  File "/Users/win-win/Documents/workspace-tbs/UIT/Python-ML/uit-vietnamese-mrc/.venv/lib/python3.12/site-packages/streamlit/watcher/local_sources_watcher.py", line 327, in <lambda>
    if hasattr(m, "__path__")
       ^^^^^^^^^^^^^^^^^^^^^^
  File "/Users/win-win/Documents/workspace-tbs/UIT/Python-ML/uit-vietnamese-mrc/.venv/lib/python3.12/site-packages/transformers/__init__.py", line 867, in _getattr
    return getattr(importlib.import_module(target, __name__), name)
                   ^^^^^^^^^^^^^^^^^^^^^^^^^^^^^^^^^^^^^^^^^
  File "/Users/win-win/.local/share/uv/python/cpython-3.12.13-macos-aarch64-none/lib/python3.12/importlib/__init__.py", line 90, in import_module
    return _bootstrap._gcd_import(name[level:], package, level)
           ^^^^^^^^^^^^^^^^^^^^^^^^^^^^^^^^^^^^^^^^^^^^^^^^^^^^
  File "<frozen importlib._bootstrap>", line 1387, in _gcd_import
  File "<frozen importlib._bootstrap>", line 1360, in _find_and_load
  File "<frozen importlib._bootstrap>", line 1331, in _find_and_load_unlocked
  File "<frozen importlib._bootstrap>", line 935, in _load_unlocked
  File "<frozen importlib._bootstrap_external>", line 999, in exec_module
  File "<frozen importlib._bootstrap>", line 488, in _call_with_frames_removed
  File "/Users/win-win/Documents/workspace-tbs/UIT/Python-ML/uit-vietnamese-mrc/.venv/lib/python3.12/site-packages/transformers/models/paddleocr_vl/image_processing_paddleocr_vl.py", line 30, in <module>
    from torchvision.transforms.v2 import functional as tvF
ModuleNotFoundError: No module named 'torchvision'
2026-09-12 20:32:40.018 Examining the path of transformers.models.perceiver.image_processing_perceiver_fast raised:
Traceback (most recent call last):
  File "/Users/win-win/Documents/workspace-tbs/UIT/Python-ML/uit-vietnamese-mrc/.venv/lib/python3.12/site-packages/streamlit/watcher/local_sources_watcher.py", line 340, in get_module_paths
    potential_paths = extract_paths(module)
                      ^^^^^^^^^^^^^^^^^^^^^
  File "/Users/win-win/Documents/workspace-tbs/UIT/Python-ML/uit-vietnamese-mrc/.venv/lib/python3.12/site-packages/streamlit/watcher/local_sources_watcher.py", line 327, in <lambda>
    if hasattr(m, "__path__")
       ^^^^^^^^^^^^^^^^^^^^^^
  File "/Users/win-win/Documents/workspace-tbs/UIT/Python-ML/uit-vietnamese-mrc/.venv/lib/python3.12/site-packages/transformers/__init__.py", line 867, in _getattr
    return getattr(importlib.import_module(target, __name__), name)
                   ^^^^^^^^^^^^^^^^^^^^^^^^^^^^^^^^^^^^^^^^^
  File "/Users/win-win/.local/share/uv/python/cpython-3.12.13-macos-aarch64-none/lib/python3.12/importlib/__init__.py", line 90, in import_module
    return _bootstrap._gcd_import(name[level:], package, level)
           ^^^^^^^^^^^^^^^^^^^^^^^^^^^^^^^^^^^^^^^^^^^^^^^^^^^^
  File "<frozen importlib._bootstrap>", line 1387, in _gcd_import
  File "<frozen importlib._bootstrap>", line 1360, in _find_and_load
  File "<frozen importlib._bootstrap>", line 1331, in _find_and_load_unlocked
  File "<frozen importlib._bootstrap>", line 935, in _load_unlocked
  File "<frozen importlib._bootstrap_external>", line 999, in exec_module
  File "<frozen importlib._bootstrap>", line 488, in _call_with_frames_removed
  File "/Users/win-win/Documents/workspace-tbs/UIT/Python-ML/uit-vietnamese-mrc/.venv/lib/python3.12/site-packages/transformers/models/perceiver/image_processing_perceiver.py", line 17, in <module>
    from torchvision.transforms.v2 import functional as tvF
ModuleNotFoundError: No module named 'torchvision'
2026-09-12 20:32:40.019 Examining the path of transformers.models.perception_lm.image_processing_perception_lm_fast raised:
Traceback (most recent call last):
  File "/Users/win-win/Documents/workspace-tbs/UIT/Python-ML/uit-vietnamese-mrc/.venv/lib/python3.12/site-packages/streamlit/watcher/local_sources_watcher.py", line 340, in get_module_paths
    potential_paths = extract_paths(module)
                      ^^^^^^^^^^^^^^^^^^^^^
  File "/Users/win-win/Documents/workspace-tbs/UIT/Python-ML/uit-vietnamese-mrc/.venv/lib/python3.12/site-packages/streamlit/watcher/local_sources_watcher.py", line 327, in <lambda>
    if hasattr(m, "__path__")
       ^^^^^^^^^^^^^^^^^^^^^^
  File "/Users/win-win/Documents/workspace-tbs/UIT/Python-ML/uit-vietnamese-mrc/.venv/lib/python3.12/site-packages/transformers/__init__.py", line 867, in _getattr
    return getattr(importlib.import_module(target, __name__), name)
                   ^^^^^^^^^^^^^^^^^^^^^^^^^^^^^^^^^^^^^^^^^
  File "/Users/win-win/.local/share/uv/python/cpython-3.12.13-macos-aarch64-none/lib/python3.12/importlib/__init__.py", line 90, in import_module
    return _bootstrap._gcd_import(name[level:], package, level)
           ^^^^^^^^^^^^^^^^^^^^^^^^^^^^^^^^^^^^^^^^^^^^^^^^^^^^
  File "<frozen importlib._bootstrap>", line 1387, in _gcd_import
  File "<frozen importlib._bootstrap>", line 1360, in _find_and_load
  File "<frozen importlib._bootstrap>", line 1331, in _find_and_load_unlocked
  File "<frozen importlib._bootstrap>", line 935, in _load_unlocked
  File "<frozen importlib._bootstrap_external>", line 999, in exec_module
  File "<frozen importlib._bootstrap>", line 488, in _call_with_frames_removed
  File "/Users/win-win/Documents/workspace-tbs/UIT/Python-ML/uit-vietnamese-mrc/.venv/lib/python3.12/site-packages/transformers/models/perception_lm/image_processing_perception_lm.py", line 19, in <module>
    from torchvision.transforms.v2 import functional as tvF
ModuleNotFoundError: No module named 'torchvision'
2026-09-12 20:32:40.019 Examining the path of transformers.models.phi4_multimodal.image_processing_phi4_multimodal_fast raised:
Traceback (most recent call last):
  File "/Users/win-win/Documents/workspace-tbs/UIT/Python-ML/uit-vietnamese-mrc/.venv/lib/python3.12/site-packages/streamlit/watcher/local_sources_watcher.py", line 340, in get_module_paths
    potential_paths = extract_paths(module)
                      ^^^^^^^^^^^^^^^^^^^^^
  File "/Users/win-win/Documents/workspace-tbs/UIT/Python-ML/uit-vietnamese-mrc/.venv/lib/python3.12/site-packages/streamlit/watcher/local_sources_watcher.py", line 327, in <lambda>
    if hasattr(m, "__path__")
       ^^^^^^^^^^^^^^^^^^^^^^
  File "/Users/win-win/Documents/workspace-tbs/UIT/Python-ML/uit-vietnamese-mrc/.venv/lib/python3.12/site-packages/transformers/__init__.py", line 867, in _getattr
    return getattr(importlib.import_module(target, __name__), name)
                   ^^^^^^^^^^^^^^^^^^^^^^^^^^^^^^^^^^^^^^^^^
  File "/Users/win-win/.local/share/uv/python/cpython-3.12.13-macos-aarch64-none/lib/python3.12/importlib/__init__.py", line 90, in import_module
    return _bootstrap._gcd_import(name[level:], package, level)
           ^^^^^^^^^^^^^^^^^^^^^^^^^^^^^^^^^^^^^^^^^^^^^^^^^^^^
  File "<frozen importlib._bootstrap>", line 1387, in _gcd_import
  File "<frozen importlib._bootstrap>", line 1360, in _find_and_load
  File "<frozen importlib._bootstrap>", line 1331, in _find_and_load_unlocked
  File "<frozen importlib._bootstrap>", line 935, in _load_unlocked
  File "<frozen importlib._bootstrap_external>", line 999, in exec_module
  File "<frozen importlib._bootstrap>", line 488, in _call_with_frames_removed
  File "/Users/win-win/Documents/workspace-tbs/UIT/Python-ML/uit-vietnamese-mrc/.venv/lib/python3.12/site-packages/transformers/models/phi4_multimodal/image_processing_phi4_multimodal.py", line 19, in <module>
    from torchvision.transforms.v2 import functional as tvF
ModuleNotFoundError: No module named 'torchvision'
2026-09-12 20:32:40.020 Examining the path of transformers.models.pix2struct.image_processing_pix2struct_fast raised:
Traceback (most recent call last):
  File "/Users/win-win/Documents/workspace-tbs/UIT/Python-ML/uit-vietnamese-mrc/.venv/lib/python3.12/site-packages/streamlit/watcher/local_sources_watcher.py", line 340, in get_module_paths
    potential_paths = extract_paths(module)
                      ^^^^^^^^^^^^^^^^^^^^^
  File "/Users/win-win/Documents/workspace-tbs/UIT/Python-ML/uit-vietnamese-mrc/.venv/lib/python3.12/site-packages/streamlit/watcher/local_sources_watcher.py", line 327, in <lambda>
    if hasattr(m, "__path__")
       ^^^^^^^^^^^^^^^^^^^^^^
  File "/Users/win-win/Documents/workspace-tbs/UIT/Python-ML/uit-vietnamese-mrc/.venv/lib/python3.12/site-packages/transformers/__init__.py", line 867, in _getattr
    return getattr(importlib.import_module(target, __name__), name)
                   ^^^^^^^^^^^^^^^^^^^^^^^^^^^^^^^^^^^^^^^^^
  File "/Users/win-win/.local/share/uv/python/cpython-3.12.13-macos-aarch64-none/lib/python3.12/importlib/__init__.py", line 90, in import_module
    return _bootstrap._gcd_import(name[level:], package, level)
           ^^^^^^^^^^^^^^^^^^^^^^^^^^^^^^^^^^^^^^^^^^^^^^^^^^^^
  File "<frozen importlib._bootstrap>", line 1387, in _gcd_import
  File "<frozen importlib._bootstrap>", line 1360, in _find_and_load
  File "<frozen importlib._bootstrap>", line 1331, in _find_and_load_unlocked
  File "<frozen importlib._bootstrap>", line 935, in _load_unlocked
  File "<frozen importlib._bootstrap_external>", line 999, in exec_module
  File "<frozen importlib._bootstrap>", line 488, in _call_with_frames_removed
  File "/Users/win-win/Documents/workspace-tbs/UIT/Python-ML/uit-vietnamese-mrc/.venv/lib/python3.12/site-packages/transformers/models/pix2struct/image_processing_pix2struct.py", line 21, in <module>
    import torchvision.transforms.v2.functional as tvF
ModuleNotFoundError: No module named 'torchvision'
2026-09-12 20:32:40.020 Examining the path of transformers.models.pixtral.image_processing_pixtral_fast raised:
Traceback (most recent call last):
  File "/Users/win-win/Documents/workspace-tbs/UIT/Python-ML/uit-vietnamese-mrc/.venv/lib/python3.12/site-packages/streamlit/watcher/local_sources_watcher.py", line 340, in get_module_paths
    potential_paths = extract_paths(module)
                      ^^^^^^^^^^^^^^^^^^^^^
  File "/Users/win-win/Documents/workspace-tbs/UIT/Python-ML/uit-vietnamese-mrc/.venv/lib/python3.12/site-packages/streamlit/watcher/local_sources_watcher.py", line 327, in <lambda>
    if hasattr(m, "__path__")
       ^^^^^^^^^^^^^^^^^^^^^^
  File "/Users/win-win/Documents/workspace-tbs/UIT/Python-ML/uit-vietnamese-mrc/.venv/lib/python3.12/site-packages/transformers/__init__.py", line 867, in _getattr
    return getattr(importlib.import_module(target, __name__), name)
                   ^^^^^^^^^^^^^^^^^^^^^^^^^^^^^^^^^^^^^^^^^
  File "/Users/win-win/.local/share/uv/python/cpython-3.12.13-macos-aarch64-none/lib/python3.12/importlib/__init__.py", line 90, in import_module
    return _bootstrap._gcd_import(name[level:], package, level)
           ^^^^^^^^^^^^^^^^^^^^^^^^^^^^^^^^^^^^^^^^^^^^^^^^^^^^
  File "<frozen importlib._bootstrap>", line 1387, in _gcd_import
  File "<frozen importlib._bootstrap>", line 1360, in _find_and_load
  File "<frozen importlib._bootstrap>", line 1331, in _find_and_load_unlocked
  File "<frozen importlib._bootstrap>", line 935, in _load_unlocked
  File "<frozen importlib._bootstrap_external>", line 999, in exec_module
  File "<frozen importlib._bootstrap>", line 488, in _call_with_frames_removed
  File "/Users/win-win/Documents/workspace-tbs/UIT/Python-ML/uit-vietnamese-mrc/.venv/lib/python3.12/site-packages/transformers/models/pixtral/image_processing_pixtral.py", line 19, in <module>
    from torchvision.transforms.v2 import functional as tvF
ModuleNotFoundError: No module named 'torchvision'
2026-09-12 20:32:40.020 Examining the path of transformers.models.poolformer.image_processing_poolformer_fast raised:
Traceback (most recent call last):
  File "/Users/win-win/Documents/workspace-tbs/UIT/Python-ML/uit-vietnamese-mrc/.venv/lib/python3.12/site-packages/streamlit/watcher/local_sources_watcher.py", line 340, in get_module_paths
    potential_paths = extract_paths(module)
                      ^^^^^^^^^^^^^^^^^^^^^
  File "/Users/win-win/Documents/workspace-tbs/UIT/Python-ML/uit-vietnamese-mrc/.venv/lib/python3.12/site-packages/streamlit/watcher/local_sources_watcher.py", line 327, in <lambda>
    if hasattr(m, "__path__")
       ^^^^^^^^^^^^^^^^^^^^^^
  File "/Users/win-win/Documents/workspace-tbs/UIT/Python-ML/uit-vietnamese-mrc/.venv/lib/python3.12/site-packages/transformers/__init__.py", line 867, in _getattr
    return getattr(importlib.import_module(target, __name__), name)
                   ^^^^^^^^^^^^^^^^^^^^^^^^^^^^^^^^^^^^^^^^^
  File "/Users/win-win/.local/share/uv/python/cpython-3.12.13-macos-aarch64-none/lib/python3.12/importlib/__init__.py", line 90, in import_module
    return _bootstrap._gcd_import(name[level:], package, level)
           ^^^^^^^^^^^^^^^^^^^^^^^^^^^^^^^^^^^^^^^^^^^^^^^^^^^^
  File "<frozen importlib._bootstrap>", line 1387, in _gcd_import
  File "<frozen importlib._bootstrap>", line 1360, in _find_and_load
  File "<frozen importlib._bootstrap>", line 1331, in _find_and_load_unlocked
  File "<frozen importlib._bootstrap>", line 935, in _load_unlocked
  File "<frozen importlib._bootstrap_external>", line 999, in exec_module
  File "<frozen importlib._bootstrap>", line 488, in _call_with_frames_removed
  File "/Users/win-win/Documents/workspace-tbs/UIT/Python-ML/uit-vietnamese-mrc/.venv/lib/python3.12/site-packages/transformers/models/poolformer/image_processing_poolformer.py", line 17, in <module>
    from torchvision.transforms.v2 import functional as tvF
ModuleNotFoundError: No module named 'torchvision'
2026-09-12 20:32:40.021 Examining the path of transformers.models.pp_doclayout_v2.image_processing_pp_doclayout_v2_fast raised:
Traceback (most recent call last):
  File "/Users/win-win/Documents/workspace-tbs/UIT/Python-ML/uit-vietnamese-mrc/.venv/lib/python3.12/site-packages/streamlit/watcher/local_sources_watcher.py", line 340, in get_module_paths
    potential_paths = extract_paths(module)
                      ^^^^^^^^^^^^^^^^^^^^^
  File "/Users/win-win/Documents/workspace-tbs/UIT/Python-ML/uit-vietnamese-mrc/.venv/lib/python3.12/site-packages/streamlit/watcher/local_sources_watcher.py", line 327, in <lambda>
    if hasattr(m, "__path__")
       ^^^^^^^^^^^^^^^^^^^^^^
  File "/Users/win-win/Documents/workspace-tbs/UIT/Python-ML/uit-vietnamese-mrc/.venv/lib/python3.12/site-packages/transformers/__init__.py", line 867, in _getattr
    return getattr(importlib.import_module(target, __name__), name)
                   ^^^^^^^^^^^^^^^^^^^^^^^^^^^^^^^^^^^^^^^^^
  File "/Users/win-win/.local/share/uv/python/cpython-3.12.13-macos-aarch64-none/lib/python3.12/importlib/__init__.py", line 90, in import_module
    return _bootstrap._gcd_import(name[level:], package, level)
           ^^^^^^^^^^^^^^^^^^^^^^^^^^^^^^^^^^^^^^^^^^^^^^^^^^^^
  File "<frozen importlib._bootstrap>", line 1387, in _gcd_import
  File "<frozen importlib._bootstrap>", line 1360, in _find_and_load
  File "<frozen importlib._bootstrap>", line 1331, in _find_and_load_unlocked
  File "<frozen importlib._bootstrap>", line 935, in _load_unlocked
  File "<frozen importlib._bootstrap_external>", line 999, in exec_module
  File "<frozen importlib._bootstrap>", line 488, in _call_with_frames_removed
  File "/Users/win-win/Documents/workspace-tbs/UIT/Python-ML/uit-vietnamese-mrc/.venv/lib/python3.12/site-packages/transformers/models/pp_doclayout_v2/image_processing_pp_doclayout_v2.py", line 23, in <module>
    from torchvision.transforms.v2 import functional as tvF
ModuleNotFoundError: No module named 'torchvision'
2026-09-12 20:32:40.021 Examining the path of transformers.models.pp_doclayout_v3.image_processing_pp_doclayout_v3_fast raised:
Traceback (most recent call last):
  File "/Users/win-win/Documents/workspace-tbs/UIT/Python-ML/uit-vietnamese-mrc/.venv/lib/python3.12/site-packages/streamlit/watcher/local_sources_watcher.py", line 340, in get_module_paths
    potential_paths = extract_paths(module)
                      ^^^^^^^^^^^^^^^^^^^^^
  File "/Users/win-win/Documents/workspace-tbs/UIT/Python-ML/uit-vietnamese-mrc/.venv/lib/python3.12/site-packages/streamlit/watcher/local_sources_watcher.py", line 327, in <lambda>
    if hasattr(m, "__path__")
       ^^^^^^^^^^^^^^^^^^^^^^
  File "/Users/win-win/Documents/workspace-tbs/UIT/Python-ML/uit-vietnamese-mrc/.venv/lib/python3.12/site-packages/transformers/__init__.py", line 867, in _getattr
    return getattr(importlib.import_module(target, __name__), name)
                   ^^^^^^^^^^^^^^^^^^^^^^^^^^^^^^^^^^^^^^^^^
  File "/Users/win-win/.local/share/uv/python/cpython-3.12.13-macos-aarch64-none/lib/python3.12/importlib/__init__.py", line 90, in import_module
    return _bootstrap._gcd_import(name[level:], package, level)
           ^^^^^^^^^^^^^^^^^^^^^^^^^^^^^^^^^^^^^^^^^^^^^^^^^^^^
  File "<frozen importlib._bootstrap>", line 1387, in _gcd_import
  File "<frozen importlib._bootstrap>", line 1360, in _find_and_load
  File "<frozen importlib._bootstrap>", line 1331, in _find_and_load_unlocked
  File "<frozen importlib._bootstrap>", line 935, in _load_unlocked
  File "<frozen importlib._bootstrap_external>", line 999, in exec_module
  File "<frozen importlib._bootstrap>", line 488, in _call_with_frames_removed
  File "/Users/win-win/Documents/workspace-tbs/UIT/Python-ML/uit-vietnamese-mrc/.venv/lib/python3.12/site-packages/transformers/models/pp_doclayout_v3/image_processing_pp_doclayout_v3.py", line 24, in <module>
    from torchvision.transforms.v2 import functional as tvF
ModuleNotFoundError: No module named 'torchvision'
2026-09-12 20:32:40.021 Examining the path of transformers.models.pp_formulanet.image_processing_pp_formulanet_fast raised:
Traceback (most recent call last):
  File "/Users/win-win/Documents/workspace-tbs/UIT/Python-ML/uit-vietnamese-mrc/.venv/lib/python3.12/site-packages/streamlit/watcher/local_sources_watcher.py", line 340, in get_module_paths
    potential_paths = extract_paths(module)
                      ^^^^^^^^^^^^^^^^^^^^^
  File "/Users/win-win/Documents/workspace-tbs/UIT/Python-ML/uit-vietnamese-mrc/.venv/lib/python3.12/site-packages/streamlit/watcher/local_sources_watcher.py", line 327, in <lambda>
    if hasattr(m, "__path__")
       ^^^^^^^^^^^^^^^^^^^^^^
  File "/Users/win-win/Documents/workspace-tbs/UIT/Python-ML/uit-vietnamese-mrc/.venv/lib/python3.12/site-packages/transformers/__init__.py", line 867, in _getattr
    return getattr(importlib.import_module(target, __name__), name)
                   ^^^^^^^^^^^^^^^^^^^^^^^^^^^^^^^^^^^^^^^^^
  File "/Users/win-win/.local/share/uv/python/cpython-3.12.13-macos-aarch64-none/lib/python3.12/importlib/__init__.py", line 90, in import_module
    return _bootstrap._gcd_import(name[level:], package, level)
           ^^^^^^^^^^^^^^^^^^^^^^^^^^^^^^^^^^^^^^^^^^^^^^^^^^^^
  File "<frozen importlib._bootstrap>", line 1387, in _gcd_import
  File "<frozen importlib._bootstrap>", line 1360, in _find_and_load
  File "<frozen importlib._bootstrap>", line 1331, in _find_and_load_unlocked
  File "<frozen importlib._bootstrap>", line 935, in _load_unlocked
  File "<frozen importlib._bootstrap_external>", line 999, in exec_module
  File "<frozen importlib._bootstrap>", line 488, in _call_with_frames_removed
  File "/Users/win-win/Documents/workspace-tbs/UIT/Python-ML/uit-vietnamese-mrc/.venv/lib/python3.12/site-packages/transformers/models/pp_formulanet/image_processing_pp_formulanet.py", line 23, in <module>
    from torchvision.transforms.v2 import functional as tvF
ModuleNotFoundError: No module named 'torchvision'
2026-09-12 20:32:40.022 Examining the path of transformers.models.pp_lcnet.image_processing_pp_lcnet_fast raised:
Traceback (most recent call last):
  File "/Users/win-win/Documents/workspace-tbs/UIT/Python-ML/uit-vietnamese-mrc/.venv/lib/python3.12/site-packages/streamlit/watcher/local_sources_watcher.py", line 340, in get_module_paths
    potential_paths = extract_paths(module)
                      ^^^^^^^^^^^^^^^^^^^^^
  File "/Users/win-win/Documents/workspace-tbs/UIT/Python-ML/uit-vietnamese-mrc/.venv/lib/python3.12/site-packages/streamlit/watcher/local_sources_watcher.py", line 327, in <lambda>
    if hasattr(m, "__path__")
       ^^^^^^^^^^^^^^^^^^^^^^
  File "/Users/win-win/Documents/workspace-tbs/UIT/Python-ML/uit-vietnamese-mrc/.venv/lib/python3.12/site-packages/transformers/__init__.py", line 867, in _getattr
    return getattr(importlib.import_module(target, __name__), name)
                   ^^^^^^^^^^^^^^^^^^^^^^^^^^^^^^^^^^^^^^^^^
  File "/Users/win-win/.local/share/uv/python/cpython-3.12.13-macos-aarch64-none/lib/python3.12/importlib/__init__.py", line 90, in import_module
    return _bootstrap._gcd_import(name[level:], package, level)
           ^^^^^^^^^^^^^^^^^^^^^^^^^^^^^^^^^^^^^^^^^^^^^^^^^^^^
  File "<frozen importlib._bootstrap>", line 1387, in _gcd_import
  File "<frozen importlib._bootstrap>", line 1360, in _find_and_load
  File "<frozen importlib._bootstrap>", line 1331, in _find_and_load_unlocked
  File "<frozen importlib._bootstrap>", line 935, in _load_unlocked
  File "<frozen importlib._bootstrap_external>", line 999, in exec_module
  File "<frozen importlib._bootstrap>", line 488, in _call_with_frames_removed
  File "/Users/win-win/Documents/workspace-tbs/UIT/Python-ML/uit-vietnamese-mrc/.venv/lib/python3.12/site-packages/transformers/models/pp_lcnet/image_processing_pp_lcnet.py", line 24, in <module>
    import torchvision.transforms.v2.functional as tvF
ModuleNotFoundError: No module named 'torchvision'
2026-09-12 20:32:40.022 Examining the path of transformers.models.pp_ocrv5_server_det.image_processing_pp_ocrv5_server_det_fast raised:
Traceback (most recent call last):
  File "/Users/win-win/Documents/workspace-tbs/UIT/Python-ML/uit-vietnamese-mrc/.venv/lib/python3.12/site-packages/streamlit/watcher/local_sources_watcher.py", line 340, in get_module_paths
    potential_paths = extract_paths(module)
                      ^^^^^^^^^^^^^^^^^^^^^
  File "/Users/win-win/Documents/workspace-tbs/UIT/Python-ML/uit-vietnamese-mrc/.venv/lib/python3.12/site-packages/streamlit/watcher/local_sources_watcher.py", line 327, in <lambda>
    if hasattr(m, "__path__")
       ^^^^^^^^^^^^^^^^^^^^^^
  File "/Users/win-win/Documents/workspace-tbs/UIT/Python-ML/uit-vietnamese-mrc/.venv/lib/python3.12/site-packages/transformers/__init__.py", line 867, in _getattr
    return getattr(importlib.import_module(target, __name__), name)
                   ^^^^^^^^^^^^^^^^^^^^^^^^^^^^^^^^^^^^^^^^^
  File "/Users/win-win/.local/share/uv/python/cpython-3.12.13-macos-aarch64-none/lib/python3.12/importlib/__init__.py", line 90, in import_module
    return _bootstrap._gcd_import(name[level:], package, level)
           ^^^^^^^^^^^^^^^^^^^^^^^^^^^^^^^^^^^^^^^^^^^^^^^^^^^^
  File "<frozen importlib._bootstrap>", line 1387, in _gcd_import
  File "<frozen importlib._bootstrap>", line 1360, in _find_and_load
  File "<frozen importlib._bootstrap>", line 1331, in _find_and_load_unlocked
  File "<frozen importlib._bootstrap>", line 935, in _load_unlocked
  File "<frozen importlib._bootstrap_external>", line 999, in exec_module
  File "<frozen importlib._bootstrap>", line 488, in _call_with_frames_removed
  File "/Users/win-win/Documents/workspace-tbs/UIT/Python-ML/uit-vietnamese-mrc/.venv/lib/python3.12/site-packages/transformers/models/pp_ocrv5_server_det/image_processing_pp_ocrv5_server_det.py", line 25, in <module>
    import torchvision.transforms.v2.functional as tvF
ModuleNotFoundError: No module named 'torchvision'
2026-09-12 20:32:40.022 Examining the path of transformers.models.pp_ocrv5_server_rec.image_processing_pp_ocrv5_server_rec_fast raised:
Traceback (most recent call last):
  File "/Users/win-win/Documents/workspace-tbs/UIT/Python-ML/uit-vietnamese-mrc/.venv/lib/python3.12/site-packages/streamlit/watcher/local_sources_watcher.py", line 340, in get_module_paths
    potential_paths = extract_paths(module)
                      ^^^^^^^^^^^^^^^^^^^^^
  File "/Users/win-win/Documents/workspace-tbs/UIT/Python-ML/uit-vietnamese-mrc/.venv/lib/python3.12/site-packages/streamlit/watcher/local_sources_watcher.py", line 327, in <lambda>
    if hasattr(m, "__path__")
       ^^^^^^^^^^^^^^^^^^^^^^
  File "/Users/win-win/Documents/workspace-tbs/UIT/Python-ML/uit-vietnamese-mrc/.venv/lib/python3.12/site-packages/transformers/__init__.py", line 867, in _getattr
    return getattr(importlib.import_module(target, __name__), name)
                   ^^^^^^^^^^^^^^^^^^^^^^^^^^^^^^^^^^^^^^^^^
  File "/Users/win-win/.local/share/uv/python/cpython-3.12.13-macos-aarch64-none/lib/python3.12/importlib/__init__.py", line 90, in import_module
    return _bootstrap._gcd_import(name[level:], package, level)
           ^^^^^^^^^^^^^^^^^^^^^^^^^^^^^^^^^^^^^^^^^^^^^^^^^^^^
  File "<frozen importlib._bootstrap>", line 1387, in _gcd_import
  File "<frozen importlib._bootstrap>", line 1360, in _find_and_load
  File "<frozen importlib._bootstrap>", line 1331, in _find_and_load_unlocked
  File "<frozen importlib._bootstrap>", line 935, in _load_unlocked
  File "<frozen importlib._bootstrap_external>", line 999, in exec_module
  File "<frozen importlib._bootstrap>", line 488, in _call_with_frames_removed
  File "/Users/win-win/Documents/workspace-tbs/UIT/Python-ML/uit-vietnamese-mrc/.venv/lib/python3.12/site-packages/transformers/models/pp_ocrv5_server_rec/image_processing_pp_ocrv5_server_rec.py", line 24, in <module>
    import torchvision.transforms.v2.functional as tvF
ModuleNotFoundError: No module named 'torchvision'
2026-09-12 20:32:40.023 Examining the path of transformers.models.pp_ocrv6_small_rec.image_processing_pp_ocrv6_small_rec_fast raised:
Traceback (most recent call last):
  File "/Users/win-win/Documents/workspace-tbs/UIT/Python-ML/uit-vietnamese-mrc/.venv/lib/python3.12/site-packages/streamlit/watcher/local_sources_watcher.py", line 340, in get_module_paths
    potential_paths = extract_paths(module)
                      ^^^^^^^^^^^^^^^^^^^^^
  File "/Users/win-win/Documents/workspace-tbs/UIT/Python-ML/uit-vietnamese-mrc/.venv/lib/python3.12/site-packages/streamlit/watcher/local_sources_watcher.py", line 327, in <lambda>
    if hasattr(m, "__path__")
       ^^^^^^^^^^^^^^^^^^^^^^
  File "/Users/win-win/Documents/workspace-tbs/UIT/Python-ML/uit-vietnamese-mrc/.venv/lib/python3.12/site-packages/transformers/__init__.py", line 867, in _getattr
    return getattr(importlib.import_module(target, __name__), name)
                   ^^^^^^^^^^^^^^^^^^^^^^^^^^^^^^^^^^^^^^^^^
  File "/Users/win-win/.local/share/uv/python/cpython-3.12.13-macos-aarch64-none/lib/python3.12/importlib/__init__.py", line 90, in import_module
    return _bootstrap._gcd_import(name[level:], package, level)
           ^^^^^^^^^^^^^^^^^^^^^^^^^^^^^^^^^^^^^^^^^^^^^^^^^^^^
  File "<frozen importlib._bootstrap>", line 1387, in _gcd_import
  File "<frozen importlib._bootstrap>", line 1360, in _find_and_load
  File "<frozen importlib._bootstrap>", line 1331, in _find_and_load_unlocked
  File "<frozen importlib._bootstrap>", line 935, in _load_unlocked
  File "<frozen importlib._bootstrap_external>", line 999, in exec_module
  File "<frozen importlib._bootstrap>", line 488, in _call_with_frames_removed
  File "/Users/win-win/Documents/workspace-tbs/UIT/Python-ML/uit-vietnamese-mrc/.venv/lib/python3.12/site-packages/transformers/models/pp_ocrv6_small_rec/image_processing_pp_ocrv6_small_rec.py", line 24, in <module>
    import torchvision.transforms.v2.functional as tvF
ModuleNotFoundError: No module named 'torchvision'
2026-09-12 20:32:40.023 Examining the path of transformers.models.prompt_depth_anything.image_processing_prompt_depth_anything_fast raised:
Traceback (most recent call last):
  File "/Users/win-win/Documents/workspace-tbs/UIT/Python-ML/uit-vietnamese-mrc/.venv/lib/python3.12/site-packages/streamlit/watcher/local_sources_watcher.py", line 340, in get_module_paths
    potential_paths = extract_paths(module)
                      ^^^^^^^^^^^^^^^^^^^^^
  File "/Users/win-win/Documents/workspace-tbs/UIT/Python-ML/uit-vietnamese-mrc/.venv/lib/python3.12/site-packages/streamlit/watcher/local_sources_watcher.py", line 327, in <lambda>
    if hasattr(m, "__path__")
       ^^^^^^^^^^^^^^^^^^^^^^
  File "/Users/win-win/Documents/workspace-tbs/UIT/Python-ML/uit-vietnamese-mrc/.venv/lib/python3.12/site-packages/transformers/__init__.py", line 867, in _getattr
    return getattr(importlib.import_module(target, __name__), name)
                   ^^^^^^^^^^^^^^^^^^^^^^^^^^^^^^^^^^^^^^^^^
  File "/Users/win-win/.local/share/uv/python/cpython-3.12.13-macos-aarch64-none/lib/python3.12/importlib/__init__.py", line 90, in import_module
    return _bootstrap._gcd_import(name[level:], package, level)
           ^^^^^^^^^^^^^^^^^^^^^^^^^^^^^^^^^^^^^^^^^^^^^^^^^^^^
  File "<frozen importlib._bootstrap>", line 1387, in _gcd_import
  File "<frozen importlib._bootstrap>", line 1360, in _find_and_load
  File "<frozen importlib._bootstrap>", line 1331, in _find_and_load_unlocked
  File "<frozen importlib._bootstrap>", line 935, in _load_unlocked
  File "<frozen importlib._bootstrap_external>", line 999, in exec_module
  File "<frozen importlib._bootstrap>", line 488, in _call_with_frames_removed
  File "/Users/win-win/Documents/workspace-tbs/UIT/Python-ML/uit-vietnamese-mrc/.venv/lib/python3.12/site-packages/transformers/models/prompt_depth_anything/image_processing_prompt_depth_anything.py", line 42, in <module>
    from torchvision.transforms.v2 import functional as tvF
ModuleNotFoundError: No module named 'torchvision'
2026-09-12 20:32:40.024 Examining the path of transformers.models.qwen2_vl.image_processing_qwen2_vl_fast raised:
Traceback (most recent call last):
  File "/Users/win-win/Documents/workspace-tbs/UIT/Python-ML/uit-vietnamese-mrc/.venv/lib/python3.12/site-packages/streamlit/watcher/local_sources_watcher.py", line 340, in get_module_paths
    potential_paths = extract_paths(module)
                      ^^^^^^^^^^^^^^^^^^^^^
  File "/Users/win-win/Documents/workspace-tbs/UIT/Python-ML/uit-vietnamese-mrc/.venv/lib/python3.12/site-packages/streamlit/watcher/local_sources_watcher.py", line 327, in <lambda>
    if hasattr(m, "__path__")
       ^^^^^^^^^^^^^^^^^^^^^^
  File "/Users/win-win/Documents/workspace-tbs/UIT/Python-ML/uit-vietnamese-mrc/.venv/lib/python3.12/site-packages/transformers/__init__.py", line 867, in _getattr
    return getattr(importlib.import_module(target, __name__), name)
                   ^^^^^^^^^^^^^^^^^^^^^^^^^^^^^^^^^^^^^^^^^
  File "/Users/win-win/.local/share/uv/python/cpython-3.12.13-macos-aarch64-none/lib/python3.12/importlib/__init__.py", line 90, in import_module
    return _bootstrap._gcd_import(name[level:], package, level)
           ^^^^^^^^^^^^^^^^^^^^^^^^^^^^^^^^^^^^^^^^^^^^^^^^^^^^
  File "<frozen importlib._bootstrap>", line 1387, in _gcd_import
  File "<frozen importlib._bootstrap>", line 1360, in _find_and_load
  File "<frozen importlib._bootstrap>", line 1331, in _find_and_load_unlocked
  File "<frozen importlib._bootstrap>", line 935, in _load_unlocked
  File "<frozen importlib._bootstrap_external>", line 999, in exec_module
  File "<frozen importlib._bootstrap>", line 488, in _call_with_frames_removed
  File "/Users/win-win/Documents/workspace-tbs/UIT/Python-ML/uit-vietnamese-mrc/.venv/lib/python3.12/site-packages/transformers/models/qwen2_vl/image_processing_qwen2_vl.py", line 25, in <module>
    from torchvision.transforms.v2 import functional as tvF
ModuleNotFoundError: No module named 'torchvision'
2026-09-12 20:32:40.024 Examining the path of transformers.models.rf_detr.image_processing_rf_detr_fast raised:
Traceback (most recent call last):
  File "/Users/win-win/Documents/workspace-tbs/UIT/Python-ML/uit-vietnamese-mrc/.venv/lib/python3.12/site-packages/streamlit/watcher/local_sources_watcher.py", line 340, in get_module_paths
    potential_paths = extract_paths(module)
                      ^^^^^^^^^^^^^^^^^^^^^
  File "/Users/win-win/Documents/workspace-tbs/UIT/Python-ML/uit-vietnamese-mrc/.venv/lib/python3.12/site-packages/streamlit/watcher/local_sources_watcher.py", line 327, in <lambda>
    if hasattr(m, "__path__")
       ^^^^^^^^^^^^^^^^^^^^^^
  File "/Users/win-win/Documents/workspace-tbs/UIT/Python-ML/uit-vietnamese-mrc/.venv/lib/python3.12/site-packages/transformers/__init__.py", line 867, in _getattr
    return getattr(importlib.import_module(target, __name__), name)
                   ^^^^^^^^^^^^^^^^^^^^^^^^^^^^^^^^^^^^^^^^^
  File "/Users/win-win/.local/share/uv/python/cpython-3.12.13-macos-aarch64-none/lib/python3.12/importlib/__init__.py", line 90, in import_module
    return _bootstrap._gcd_import(name[level:], package, level)
           ^^^^^^^^^^^^^^^^^^^^^^^^^^^^^^^^^^^^^^^^^^^^^^^^^^^^
  File "<frozen importlib._bootstrap>", line 1387, in _gcd_import
  File "<frozen importlib._bootstrap>", line 1360, in _find_and_load
  File "<frozen importlib._bootstrap>", line 1331, in _find_and_load_unlocked
  File "<frozen importlib._bootstrap>", line 935, in _load_unlocked
  File "<frozen importlib._bootstrap_external>", line 999, in exec_module
  File "<frozen importlib._bootstrap>", line 488, in _call_with_frames_removed
  File "/Users/win-win/Documents/workspace-tbs/UIT/Python-ML/uit-vietnamese-mrc/.venv/lib/python3.12/site-packages/transformers/models/rf_detr/image_processing_rf_detr.py", line 26, in <module>
    from torchvision.transforms.v2 import functional as tvF
ModuleNotFoundError: No module named 'torchvision'
2026-09-12 20:32:40.025 Examining the path of transformers.models.rt_detr.image_processing_rt_detr_fast raised:
Traceback (most recent call last):
  File "/Users/win-win/Documents/workspace-tbs/UIT/Python-ML/uit-vietnamese-mrc/.venv/lib/python3.12/site-packages/streamlit/watcher/local_sources_watcher.py", line 340, in get_module_paths
    potential_paths = extract_paths(module)
                      ^^^^^^^^^^^^^^^^^^^^^
  File "/Users/win-win/Documents/workspace-tbs/UIT/Python-ML/uit-vietnamese-mrc/.venv/lib/python3.12/site-packages/streamlit/watcher/local_sources_watcher.py", line 327, in <lambda>
    if hasattr(m, "__path__")
       ^^^^^^^^^^^^^^^^^^^^^^
  File "/Users/win-win/Documents/workspace-tbs/UIT/Python-ML/uit-vietnamese-mrc/.venv/lib/python3.12/site-packages/transformers/__init__.py", line 867, in _getattr
    return getattr(importlib.import_module(target, __name__), name)
                   ^^^^^^^^^^^^^^^^^^^^^^^^^^^^^^^^^^^^^^^^^
  File "/Users/win-win/.local/share/uv/python/cpython-3.12.13-macos-aarch64-none/lib/python3.12/importlib/__init__.py", line 90, in import_module
    return _bootstrap._gcd_import(name[level:], package, level)
           ^^^^^^^^^^^^^^^^^^^^^^^^^^^^^^^^^^^^^^^^^^^^^^^^^^^^
  File "<frozen importlib._bootstrap>", line 1387, in _gcd_import
  File "<frozen importlib._bootstrap>", line 1360, in _find_and_load
  File "<frozen importlib._bootstrap>", line 1331, in _find_and_load_unlocked
  File "<frozen importlib._bootstrap>", line 935, in _load_unlocked
  File "<frozen importlib._bootstrap_external>", line 999, in exec_module
  File "<frozen importlib._bootstrap>", line 488, in _call_with_frames_removed
  File "/Users/win-win/Documents/workspace-tbs/UIT/Python-ML/uit-vietnamese-mrc/.venv/lib/python3.12/site-packages/transformers/models/rt_detr/image_processing_rt_detr.py", line 24, in <module>
    from torchvision.transforms.v2 import functional as tvF
ModuleNotFoundError: No module named 'torchvision'
2026-09-12 20:32:40.025 Examining the path of transformers.models.sam.image_processing_sam_fast raised:
Traceback (most recent call last):
  File "/Users/win-win/Documents/workspace-tbs/UIT/Python-ML/uit-vietnamese-mrc/.venv/lib/python3.12/site-packages/streamlit/watcher/local_sources_watcher.py", line 340, in get_module_paths
    potential_paths = extract_paths(module)
                      ^^^^^^^^^^^^^^^^^^^^^
  File "/Users/win-win/Documents/workspace-tbs/UIT/Python-ML/uit-vietnamese-mrc/.venv/lib/python3.12/site-packages/streamlit/watcher/local_sources_watcher.py", line 327, in <lambda>
    if hasattr(m, "__path__")
       ^^^^^^^^^^^^^^^^^^^^^^
  File "/Users/win-win/Documents/workspace-tbs/UIT/Python-ML/uit-vietnamese-mrc/.venv/lib/python3.12/site-packages/transformers/__init__.py", line 867, in _getattr
    return getattr(importlib.import_module(target, __name__), name)
                   ^^^^^^^^^^^^^^^^^^^^^^^^^^^^^^^^^^^^^^^^^
  File "/Users/win-win/.local/share/uv/python/cpython-3.12.13-macos-aarch64-none/lib/python3.12/importlib/__init__.py", line 90, in import_module
    return _bootstrap._gcd_import(name[level:], package, level)
           ^^^^^^^^^^^^^^^^^^^^^^^^^^^^^^^^^^^^^^^^^^^^^^^^^^^^
  File "<frozen importlib._bootstrap>", line 1387, in _gcd_import
  File "<frozen importlib._bootstrap>", line 1360, in _find_and_load
  File "<frozen importlib._bootstrap>", line 1331, in _find_and_load_unlocked
  File "<frozen importlib._bootstrap>", line 935, in _load_unlocked
  File "<frozen importlib._bootstrap_external>", line 999, in exec_module
  File "<frozen importlib._bootstrap>", line 488, in _call_with_frames_removed
  File "/Users/win-win/Documents/workspace-tbs/UIT/Python-ML/uit-vietnamese-mrc/.venv/lib/python3.12/site-packages/transformers/models/sam/image_processing_sam.py", line 25, in <module>
    from torchvision.ops.boxes import batched_nms
ModuleNotFoundError: No module named 'torchvision'
2026-09-12 20:32:40.026 Examining the path of transformers.models.sam2.image_processing_sam2_fast raised:
Traceback (most recent call last):
  File "/Users/win-win/Documents/workspace-tbs/UIT/Python-ML/uit-vietnamese-mrc/.venv/lib/python3.12/site-packages/streamlit/watcher/local_sources_watcher.py", line 340, in get_module_paths
    potential_paths = extract_paths(module)
                      ^^^^^^^^^^^^^^^^^^^^^
  File "/Users/win-win/Documents/workspace-tbs/UIT/Python-ML/uit-vietnamese-mrc/.venv/lib/python3.12/site-packages/streamlit/watcher/local_sources_watcher.py", line 327, in <lambda>
    if hasattr(m, "__path__")
       ^^^^^^^^^^^^^^^^^^^^^^
  File "/Users/win-win/Documents/workspace-tbs/UIT/Python-ML/uit-vietnamese-mrc/.venv/lib/python3.12/site-packages/transformers/__init__.py", line 867, in _getattr
    return getattr(importlib.import_module(target, __name__), name)
                   ^^^^^^^^^^^^^^^^^^^^^^^^^^^^^^^^^^^^^^^^^
  File "/Users/win-win/.local/share/uv/python/cpython-3.12.13-macos-aarch64-none/lib/python3.12/importlib/__init__.py", line 90, in import_module
    return _bootstrap._gcd_import(name[level:], package, level)
           ^^^^^^^^^^^^^^^^^^^^^^^^^^^^^^^^^^^^^^^^^^^^^^^^^^^^
  File "<frozen importlib._bootstrap>", line 1387, in _gcd_import
  File "<frozen importlib._bootstrap>", line 1360, in _find_and_load
  File "<frozen importlib._bootstrap>", line 1331, in _find_and_load_unlocked
  File "<frozen importlib._bootstrap>", line 935, in _load_unlocked
  File "<frozen importlib._bootstrap_external>", line 999, in exec_module
  File "<frozen importlib._bootstrap>", line 488, in _call_with_frames_removed
  File "/Users/win-win/Documents/workspace-tbs/UIT/Python-ML/uit-vietnamese-mrc/.venv/lib/python3.12/site-packages/transformers/models/sam2/image_processing_sam2.py", line 28, in <module>
    from torchvision.ops.boxes import batched_nms
ModuleNotFoundError: No module named 'torchvision'
2026-09-12 20:32:40.026 Examining the path of transformers.models.sam3.image_processing_sam3_fast raised:
Traceback (most recent call last):
  File "/Users/win-win/Documents/workspace-tbs/UIT/Python-ML/uit-vietnamese-mrc/.venv/lib/python3.12/site-packages/streamlit/watcher/local_sources_watcher.py", line 340, in get_module_paths
    potential_paths = extract_paths(module)
                      ^^^^^^^^^^^^^^^^^^^^^
  File "/Users/win-win/Documents/workspace-tbs/UIT/Python-ML/uit-vietnamese-mrc/.venv/lib/python3.12/site-packages/streamlit/watcher/local_sources_watcher.py", line 327, in <lambda>
    if hasattr(m, "__path__")
       ^^^^^^^^^^^^^^^^^^^^^^
  File "/Users/win-win/Documents/workspace-tbs/UIT/Python-ML/uit-vietnamese-mrc/.venv/lib/python3.12/site-packages/transformers/__init__.py", line 867, in _getattr
    return getattr(importlib.import_module(target, __name__), name)
                   ^^^^^^^^^^^^^^^^^^^^^^^^^^^^^^^^^^^^^^^^^
  File "/Users/win-win/.local/share/uv/python/cpython-3.12.13-macos-aarch64-none/lib/python3.12/importlib/__init__.py", line 90, in import_module
    return _bootstrap._gcd_import(name[level:], package, level)
           ^^^^^^^^^^^^^^^^^^^^^^^^^^^^^^^^^^^^^^^^^^^^^^^^^^^^
  File "<frozen importlib._bootstrap>", line 1387, in _gcd_import
  File "<frozen importlib._bootstrap>", line 1360, in _find_and_load
  File "<frozen importlib._bootstrap>", line 1331, in _find_and_load_unlocked
  File "<frozen importlib._bootstrap>", line 935, in _load_unlocked
  File "<frozen importlib._bootstrap_external>", line 999, in exec_module
  File "<frozen importlib._bootstrap>", line 488, in _call_with_frames_removed
  File "/Users/win-win/Documents/workspace-tbs/UIT/Python-ML/uit-vietnamese-mrc/.venv/lib/python3.12/site-packages/transformers/models/sam3/image_processing_sam3.py", line 30, in <module>
    from torchvision.ops.boxes import batched_nms
ModuleNotFoundError: No module named 'torchvision'
2026-09-12 20:32:40.027 Examining the path of transformers.models.sapiens2.image_processing_sapiens2_fast raised:
Traceback (most recent call last):
  File "/Users/win-win/Documents/workspace-tbs/UIT/Python-ML/uit-vietnamese-mrc/.venv/lib/python3.12/site-packages/streamlit/watcher/local_sources_watcher.py", line 340, in get_module_paths
    potential_paths = extract_paths(module)
                      ^^^^^^^^^^^^^^^^^^^^^
  File "/Users/win-win/Documents/workspace-tbs/UIT/Python-ML/uit-vietnamese-mrc/.venv/lib/python3.12/site-packages/streamlit/watcher/local_sources_watcher.py", line 327, in <lambda>
    if hasattr(m, "__path__")
       ^^^^^^^^^^^^^^^^^^^^^^
  File "/Users/win-win/Documents/workspace-tbs/UIT/Python-ML/uit-vietnamese-mrc/.venv/lib/python3.12/site-packages/transformers/__init__.py", line 867, in _getattr
    return getattr(importlib.import_module(target, __name__), name)
                   ^^^^^^^^^^^^^^^^^^^^^^^^^^^^^^^^^^^^^^^^^
  File "/Users/win-win/.local/share/uv/python/cpython-3.12.13-macos-aarch64-none/lib/python3.12/importlib/__init__.py", line 90, in import_module
    return _bootstrap._gcd_import(name[level:], package, level)
           ^^^^^^^^^^^^^^^^^^^^^^^^^^^^^^^^^^^^^^^^^^^^^^^^^^^^
  File "<frozen importlib._bootstrap>", line 1387, in _gcd_import
  File "<frozen importlib._bootstrap>", line 1360, in _find_and_load
  File "<frozen importlib._bootstrap>", line 1331, in _find_and_load_unlocked
  File "<frozen importlib._bootstrap>", line 935, in _load_unlocked
  File "<frozen importlib._bootstrap_external>", line 999, in exec_module
  File "<frozen importlib._bootstrap>", line 488, in _call_with_frames_removed
  File "/Users/win-win/Documents/workspace-tbs/UIT/Python-ML/uit-vietnamese-mrc/.venv/lib/python3.12/site-packages/transformers/models/sapiens2/image_processing_sapiens2.py", line 23, in <module>
    from torchvision.transforms.v2 import functional as tvF
ModuleNotFoundError: No module named 'torchvision'
2026-09-12 20:32:40.027 Examining the path of transformers.models.segformer.image_processing_segformer_fast raised:
Traceback (most recent call last):
  File "/Users/win-win/Documents/workspace-tbs/UIT/Python-ML/uit-vietnamese-mrc/.venv/lib/python3.12/site-packages/streamlit/watcher/local_sources_watcher.py", line 340, in get_module_paths
    potential_paths = extract_paths(module)
                      ^^^^^^^^^^^^^^^^^^^^^
  File "/Users/win-win/Documents/workspace-tbs/UIT/Python-ML/uit-vietnamese-mrc/.venv/lib/python3.12/site-packages/streamlit/watcher/local_sources_watcher.py", line 327, in <lambda>
    if hasattr(m, "__path__")
       ^^^^^^^^^^^^^^^^^^^^^^
  File "/Users/win-win/Documents/workspace-tbs/UIT/Python-ML/uit-vietnamese-mrc/.venv/lib/python3.12/site-packages/transformers/__init__.py", line 867, in _getattr
    return getattr(importlib.import_module(target, __name__), name)
                   ^^^^^^^^^^^^^^^^^^^^^^^^^^^^^^^^^^^^^^^^^
  File "/Users/win-win/.local/share/uv/python/cpython-3.12.13-macos-aarch64-none/lib/python3.12/importlib/__init__.py", line 90, in import_module
    return _bootstrap._gcd_import(name[level:], package, level)
           ^^^^^^^^^^^^^^^^^^^^^^^^^^^^^^^^^^^^^^^^^^^^^^^^^^^^
  File "<frozen importlib._bootstrap>", line 1387, in _gcd_import
  File "<frozen importlib._bootstrap>", line 1360, in _find_and_load
  File "<frozen importlib._bootstrap>", line 1331, in _find_and_load_unlocked
  File "<frozen importlib._bootstrap>", line 935, in _load_unlocked
  File "<frozen importlib._bootstrap_external>", line 999, in exec_module
  File "<frozen importlib._bootstrap>", line 488, in _call_with_frames_removed
  File "/Users/win-win/Documents/workspace-tbs/UIT/Python-ML/uit-vietnamese-mrc/.venv/lib/python3.12/site-packages/transformers/models/segformer/image_processing_segformer.py", line 25, in <module>
    import torchvision.transforms.v2.functional as tvF
ModuleNotFoundError: No module named 'torchvision'
2026-09-12 20:32:40.027 Examining the path of transformers.models.seggpt.image_processing_seggpt_fast raised:
Traceback (most recent call last):
  File "/Users/win-win/Documents/workspace-tbs/UIT/Python-ML/uit-vietnamese-mrc/.venv/lib/python3.12/site-packages/streamlit/watcher/local_sources_watcher.py", line 340, in get_module_paths
    potential_paths = extract_paths(module)
                      ^^^^^^^^^^^^^^^^^^^^^
  File "/Users/win-win/Documents/workspace-tbs/UIT/Python-ML/uit-vietnamese-mrc/.venv/lib/python3.12/site-packages/streamlit/watcher/local_sources_watcher.py", line 327, in <lambda>
    if hasattr(m, "__path__")
       ^^^^^^^^^^^^^^^^^^^^^^
  File "/Users/win-win/Documents/workspace-tbs/UIT/Python-ML/uit-vietnamese-mrc/.venv/lib/python3.12/site-packages/transformers/__init__.py", line 867, in _getattr
    return getattr(importlib.import_module(target, __name__), name)
                   ^^^^^^^^^^^^^^^^^^^^^^^^^^^^^^^^^^^^^^^^^
  File "/Users/win-win/.local/share/uv/python/cpython-3.12.13-macos-aarch64-none/lib/python3.12/importlib/__init__.py", line 90, in import_module
    return _bootstrap._gcd_import(name[level:], package, level)
           ^^^^^^^^^^^^^^^^^^^^^^^^^^^^^^^^^^^^^^^^^^^^^^^^^^^^
  File "<frozen importlib._bootstrap>", line 1387, in _gcd_import
  File "<frozen importlib._bootstrap>", line 1360, in _find_and_load
  File "<frozen importlib._bootstrap>", line 1331, in _find_and_load_unlocked
  File "<frozen importlib._bootstrap>", line 935, in _load_unlocked
  File "<frozen importlib._bootstrap_external>", line 999, in exec_module
  File "<frozen importlib._bootstrap>", line 488, in _call_with_frames_removed
  File "/Users/win-win/Documents/workspace-tbs/UIT/Python-ML/uit-vietnamese-mrc/.venv/lib/python3.12/site-packages/transformers/models/seggpt/image_processing_seggpt.py", line 20, in <module>
    from torchvision.transforms.v2 import functional as tvF
ModuleNotFoundError: No module named 'torchvision'
2026-09-12 20:32:40.028 Examining the path of transformers.models.siglip2.image_processing_siglip2_fast raised:
Traceback (most recent call last):
  File "/Users/win-win/Documents/workspace-tbs/UIT/Python-ML/uit-vietnamese-mrc/.venv/lib/python3.12/site-packages/streamlit/watcher/local_sources_watcher.py", line 340, in get_module_paths
    potential_paths = extract_paths(module)
                      ^^^^^^^^^^^^^^^^^^^^^
  File "/Users/win-win/Documents/workspace-tbs/UIT/Python-ML/uit-vietnamese-mrc/.venv/lib/python3.12/site-packages/streamlit/watcher/local_sources_watcher.py", line 327, in <lambda>
    if hasattr(m, "__path__")
       ^^^^^^^^^^^^^^^^^^^^^^
  File "/Users/win-win/Documents/workspace-tbs/UIT/Python-ML/uit-vietnamese-mrc/.venv/lib/python3.12/site-packages/transformers/__init__.py", line 867, in _getattr
    return getattr(importlib.import_module(target, __name__), name)
                   ^^^^^^^^^^^^^^^^^^^^^^^^^^^^^^^^^^^^^^^^^
  File "/Users/win-win/.local/share/uv/python/cpython-3.12.13-macos-aarch64-none/lib/python3.12/importlib/__init__.py", line 90, in import_module
    return _bootstrap._gcd_import(name[level:], package, level)
           ^^^^^^^^^^^^^^^^^^^^^^^^^^^^^^^^^^^^^^^^^^^^^^^^^^^^
  File "<frozen importlib._bootstrap>", line 1387, in _gcd_import
  File "<frozen importlib._bootstrap>", line 1360, in _find_and_load
  File "<frozen importlib._bootstrap>", line 1331, in _find_and_load_unlocked
  File "<frozen importlib._bootstrap>", line 935, in _load_unlocked
  File "<frozen importlib._bootstrap_external>", line 999, in exec_module
  File "<frozen importlib._bootstrap>", line 488, in _call_with_frames_removed
  File "/Users/win-win/Documents/workspace-tbs/UIT/Python-ML/uit-vietnamese-mrc/.venv/lib/python3.12/site-packages/transformers/models/siglip2/image_processing_siglip2.py", line 17, in <module>
    from torchvision.transforms.v2 import functional as tvF
ModuleNotFoundError: No module named 'torchvision'
2026-09-12 20:32:40.028 Examining the path of transformers.models.slanext.image_processing_slanext_fast raised:
Traceback (most recent call last):
  File "/Users/win-win/Documents/workspace-tbs/UIT/Python-ML/uit-vietnamese-mrc/.venv/lib/python3.12/site-packages/streamlit/watcher/local_sources_watcher.py", line 340, in get_module_paths
    potential_paths = extract_paths(module)
                      ^^^^^^^^^^^^^^^^^^^^^
  File "/Users/win-win/Documents/workspace-tbs/UIT/Python-ML/uit-vietnamese-mrc/.venv/lib/python3.12/site-packages/streamlit/watcher/local_sources_watcher.py", line 327, in <lambda>
    if hasattr(m, "__path__")
       ^^^^^^^^^^^^^^^^^^^^^^
  File "/Users/win-win/Documents/workspace-tbs/UIT/Python-ML/uit-vietnamese-mrc/.venv/lib/python3.12/site-packages/transformers/__init__.py", line 867, in _getattr
    return getattr(importlib.import_module(target, __name__), name)
                   ^^^^^^^^^^^^^^^^^^^^^^^^^^^^^^^^^^^^^^^^^
  File "/Users/win-win/.local/share/uv/python/cpython-3.12.13-macos-aarch64-none/lib/python3.12/importlib/__init__.py", line 90, in import_module
    return _bootstrap._gcd_import(name[level:], package, level)
           ^^^^^^^^^^^^^^^^^^^^^^^^^^^^^^^^^^^^^^^^^^^^^^^^^^^^
  File "<frozen importlib._bootstrap>", line 1387, in _gcd_import
  File "<frozen importlib._bootstrap>", line 1360, in _find_and_load
  File "<frozen importlib._bootstrap>", line 1331, in _find_and_load_unlocked
  File "<frozen importlib._bootstrap>", line 935, in _load_unlocked
  File "<frozen importlib._bootstrap_external>", line 999, in exec_module
  File "<frozen importlib._bootstrap>", line 488, in _call_with_frames_removed
  File "/Users/win-win/Documents/workspace-tbs/UIT/Python-ML/uit-vietnamese-mrc/.venv/lib/python3.12/site-packages/transformers/models/slanext/image_processing_slanext.py", line 23, in <module>
    import torchvision.transforms.v2.functional as tvF
ModuleNotFoundError: No module named 'torchvision'
2026-09-12 20:32:40.028 Examining the path of transformers.models.smolvlm.image_processing_smolvlm_fast raised:
Traceback (most recent call last):
  File "/Users/win-win/Documents/workspace-tbs/UIT/Python-ML/uit-vietnamese-mrc/.venv/lib/python3.12/site-packages/streamlit/watcher/local_sources_watcher.py", line 340, in get_module_paths
    potential_paths = extract_paths(module)
                      ^^^^^^^^^^^^^^^^^^^^^
  File "/Users/win-win/Documents/workspace-tbs/UIT/Python-ML/uit-vietnamese-mrc/.venv/lib/python3.12/site-packages/streamlit/watcher/local_sources_watcher.py", line 327, in <lambda>
    if hasattr(m, "__path__")
       ^^^^^^^^^^^^^^^^^^^^^^
  File "/Users/win-win/Documents/workspace-tbs/UIT/Python-ML/uit-vietnamese-mrc/.venv/lib/python3.12/site-packages/transformers/__init__.py", line 867, in _getattr
    return getattr(importlib.import_module(target, __name__), name)
                   ^^^^^^^^^^^^^^^^^^^^^^^^^^^^^^^^^^^^^^^^^
  File "/Users/win-win/.local/share/uv/python/cpython-3.12.13-macos-aarch64-none/lib/python3.12/importlib/__init__.py", line 90, in import_module
    return _bootstrap._gcd_import(name[level:], package, level)
           ^^^^^^^^^^^^^^^^^^^^^^^^^^^^^^^^^^^^^^^^^^^^^^^^^^^^
  File "<frozen importlib._bootstrap>", line 1387, in _gcd_import
  File "<frozen importlib._bootstrap>", line 1360, in _find_and_load
  File "<frozen importlib._bootstrap>", line 1331, in _find_and_load_unlocked
  File "<frozen importlib._bootstrap>", line 935, in _load_unlocked
  File "<frozen importlib._bootstrap_external>", line 999, in exec_module
  File "<frozen importlib._bootstrap>", line 488, in _call_with_frames_removed
  File "/Users/win-win/Documents/workspace-tbs/UIT/Python-ML/uit-vietnamese-mrc/.venv/lib/python3.12/site-packages/transformers/models/smolvlm/image_processing_smolvlm.py", line 27, in <module>
    from torchvision.transforms.v2 import functional as tvF
ModuleNotFoundError: No module named 'torchvision'
2026-09-12 20:32:40.029 Examining the path of transformers.models.superglue.image_processing_superglue_fast raised:
Traceback (most recent call last):
  File "/Users/win-win/Documents/workspace-tbs/UIT/Python-ML/uit-vietnamese-mrc/.venv/lib/python3.12/site-packages/streamlit/watcher/local_sources_watcher.py", line 340, in get_module_paths
    potential_paths = extract_paths(module)
                      ^^^^^^^^^^^^^^^^^^^^^
  File "/Users/win-win/Documents/workspace-tbs/UIT/Python-ML/uit-vietnamese-mrc/.venv/lib/python3.12/site-packages/streamlit/watcher/local_sources_watcher.py", line 327, in <lambda>
    if hasattr(m, "__path__")
       ^^^^^^^^^^^^^^^^^^^^^^
  File "/Users/win-win/Documents/workspace-tbs/UIT/Python-ML/uit-vietnamese-mrc/.venv/lib/python3.12/site-packages/transformers/__init__.py", line 867, in _getattr
    return getattr(importlib.import_module(target, __name__), name)
                   ^^^^^^^^^^^^^^^^^^^^^^^^^^^^^^^^^^^^^^^^^
  File "/Users/win-win/.local/share/uv/python/cpython-3.12.13-macos-aarch64-none/lib/python3.12/importlib/__init__.py", line 90, in import_module
    return _bootstrap._gcd_import(name[level:], package, level)
           ^^^^^^^^^^^^^^^^^^^^^^^^^^^^^^^^^^^^^^^^^^^^^^^^^^^^
  File "<frozen importlib._bootstrap>", line 1387, in _gcd_import
  File "<frozen importlib._bootstrap>", line 1360, in _find_and_load
  File "<frozen importlib._bootstrap>", line 1331, in _find_and_load_unlocked
  File "<frozen importlib._bootstrap>", line 935, in _load_unlocked
  File "<frozen importlib._bootstrap_external>", line 999, in exec_module
  File "<frozen importlib._bootstrap>", line 488, in _call_with_frames_removed
  File "/Users/win-win/Documents/workspace-tbs/UIT/Python-ML/uit-vietnamese-mrc/.venv/lib/python3.12/site-packages/transformers/models/superglue/image_processing_superglue.py", line 47, in <module>
    from torchvision.transforms.v2 import functional as tvF
ModuleNotFoundError: No module named 'torchvision'
2026-09-12 20:32:40.029 Examining the path of transformers.models.superpoint.image_processing_superpoint_fast raised:
Traceback (most recent call last):
  File "/Users/win-win/Documents/workspace-tbs/UIT/Python-ML/uit-vietnamese-mrc/.venv/lib/python3.12/site-packages/streamlit/watcher/local_sources_watcher.py", line 340, in get_module_paths
    potential_paths = extract_paths(module)
                      ^^^^^^^^^^^^^^^^^^^^^
  File "/Users/win-win/Documents/workspace-tbs/UIT/Python-ML/uit-vietnamese-mrc/.venv/lib/python3.12/site-packages/streamlit/watcher/local_sources_watcher.py", line 327, in <lambda>
    if hasattr(m, "__path__")
       ^^^^^^^^^^^^^^^^^^^^^^
  File "/Users/win-win/Documents/workspace-tbs/UIT/Python-ML/uit-vietnamese-mrc/.venv/lib/python3.12/site-packages/transformers/__init__.py", line 867, in _getattr
    return getattr(importlib.import_module(target, __name__), name)
                   ^^^^^^^^^^^^^^^^^^^^^^^^^^^^^^^^^^^^^^^^^
  File "/Users/win-win/.local/share/uv/python/cpython-3.12.13-macos-aarch64-none/lib/python3.12/importlib/__init__.py", line 90, in import_module
    return _bootstrap._gcd_import(name[level:], package, level)
           ^^^^^^^^^^^^^^^^^^^^^^^^^^^^^^^^^^^^^^^^^^^^^^^^^^^^
  File "<frozen importlib._bootstrap>", line 1387, in _gcd_import
  File "<frozen importlib._bootstrap>", line 1360, in _find_and_load
  File "<frozen importlib._bootstrap>", line 1331, in _find_and_load_unlocked
  File "<frozen importlib._bootstrap>", line 935, in _load_unlocked
  File "<frozen importlib._bootstrap_external>", line 999, in exec_module
  File "<frozen importlib._bootstrap>", line 488, in _call_with_frames_removed
  File "/Users/win-win/Documents/workspace-tbs/UIT/Python-ML/uit-vietnamese-mrc/.venv/lib/python3.12/site-packages/transformers/models/superpoint/image_processing_superpoint.py", line 31, in <module>
    from torchvision.transforms.v2 import functional as tvF
ModuleNotFoundError: No module named 'torchvision'
2026-09-12 20:32:40.030 Examining the path of transformers.models.swin2sr.image_processing_swin2sr_fast raised:
Traceback (most recent call last):
  File "/Users/win-win/Documents/workspace-tbs/UIT/Python-ML/uit-vietnamese-mrc/.venv/lib/python3.12/site-packages/streamlit/watcher/local_sources_watcher.py", line 340, in get_module_paths
    potential_paths = extract_paths(module)
                      ^^^^^^^^^^^^^^^^^^^^^
  File "/Users/win-win/Documents/workspace-tbs/UIT/Python-ML/uit-vietnamese-mrc/.venv/lib/python3.12/site-packages/streamlit/watcher/local_sources_watcher.py", line 327, in <lambda>
    if hasattr(m, "__path__")
       ^^^^^^^^^^^^^^^^^^^^^^
  File "/Users/win-win/Documents/workspace-tbs/UIT/Python-ML/uit-vietnamese-mrc/.venv/lib/python3.12/site-packages/transformers/__init__.py", line 867, in _getattr
    return getattr(importlib.import_module(target, __name__), name)
                   ^^^^^^^^^^^^^^^^^^^^^^^^^^^^^^^^^^^^^^^^^
  File "/Users/win-win/.local/share/uv/python/cpython-3.12.13-macos-aarch64-none/lib/python3.12/importlib/__init__.py", line 90, in import_module
    return _bootstrap._gcd_import(name[level:], package, level)
           ^^^^^^^^^^^^^^^^^^^^^^^^^^^^^^^^^^^^^^^^^^^^^^^^^^^^
  File "<frozen importlib._bootstrap>", line 1387, in _gcd_import
  File "<frozen importlib._bootstrap>", line 1360, in _find_and_load
  File "<frozen importlib._bootstrap>", line 1331, in _find_and_load_unlocked
  File "<frozen importlib._bootstrap>", line 935, in _load_unlocked
  File "<frozen importlib._bootstrap_external>", line 999, in exec_module
  File "<frozen importlib._bootstrap>", line 488, in _call_with_frames_removed
  File "/Users/win-win/Documents/workspace-tbs/UIT/Python-ML/uit-vietnamese-mrc/.venv/lib/python3.12/site-packages/transformers/models/swin2sr/image_processing_swin2sr.py", line 17, in <module>
    from torchvision.transforms.v2 import functional as tvF
ModuleNotFoundError: No module named 'torchvision'
2026-09-12 20:32:40.030 Examining the path of transformers.models.textnet.image_processing_textnet_fast raised:
Traceback (most recent call last):
  File "/Users/win-win/Documents/workspace-tbs/UIT/Python-ML/uit-vietnamese-mrc/.venv/lib/python3.12/site-packages/streamlit/watcher/local_sources_watcher.py", line 340, in get_module_paths
    potential_paths = extract_paths(module)
                      ^^^^^^^^^^^^^^^^^^^^^
  File "/Users/win-win/Documents/workspace-tbs/UIT/Python-ML/uit-vietnamese-mrc/.venv/lib/python3.12/site-packages/streamlit/watcher/local_sources_watcher.py", line 327, in <lambda>
    if hasattr(m, "__path__")
       ^^^^^^^^^^^^^^^^^^^^^^
  File "/Users/win-win/Documents/workspace-tbs/UIT/Python-ML/uit-vietnamese-mrc/.venv/lib/python3.12/site-packages/transformers/__init__.py", line 867, in _getattr
    return getattr(importlib.import_module(target, __name__), name)
                   ^^^^^^^^^^^^^^^^^^^^^^^^^^^^^^^^^^^^^^^^^
  File "/Users/win-win/.local/share/uv/python/cpython-3.12.13-macos-aarch64-none/lib/python3.12/importlib/__init__.py", line 90, in import_module
    return _bootstrap._gcd_import(name[level:], package, level)
           ^^^^^^^^^^^^^^^^^^^^^^^^^^^^^^^^^^^^^^^^^^^^^^^^^^^^
  File "<frozen importlib._bootstrap>", line 1387, in _gcd_import
  File "<frozen importlib._bootstrap>", line 1360, in _find_and_load
  File "<frozen importlib._bootstrap>", line 1331, in _find_and_load_unlocked
  File "<frozen importlib._bootstrap>", line 935, in _load_unlocked
  File "<frozen importlib._bootstrap_external>", line 999, in exec_module
  File "<frozen importlib._bootstrap>", line 488, in _call_with_frames_removed
  File "/Users/win-win/Documents/workspace-tbs/UIT/Python-ML/uit-vietnamese-mrc/.venv/lib/python3.12/site-packages/transformers/models/textnet/image_processing_textnet.py", line 17, in <module>
    from torchvision.transforms.v2 import functional as tvF
ModuleNotFoundError: No module named 'torchvision'
2026-09-12 20:32:40.030 Examining the path of transformers.models.tvp.image_processing_tvp_fast raised:
Traceback (most recent call last):
  File "/Users/win-win/Documents/workspace-tbs/UIT/Python-ML/uit-vietnamese-mrc/.venv/lib/python3.12/site-packages/streamlit/watcher/local_sources_watcher.py", line 340, in get_module_paths
    potential_paths = extract_paths(module)
                      ^^^^^^^^^^^^^^^^^^^^^
  File "/Users/win-win/Documents/workspace-tbs/UIT/Python-ML/uit-vietnamese-mrc/.venv/lib/python3.12/site-packages/streamlit/watcher/local_sources_watcher.py", line 327, in <lambda>
    if hasattr(m, "__path__")
       ^^^^^^^^^^^^^^^^^^^^^^
  File "/Users/win-win/Documents/workspace-tbs/UIT/Python-ML/uit-vietnamese-mrc/.venv/lib/python3.12/site-packages/transformers/__init__.py", line 867, in _getattr
    return getattr(importlib.import_module(target, __name__), name)
                   ^^^^^^^^^^^^^^^^^^^^^^^^^^^^^^^^^^^^^^^^^
  File "/Users/win-win/.local/share/uv/python/cpython-3.12.13-macos-aarch64-none/lib/python3.12/importlib/__init__.py", line 90, in import_module
    return _bootstrap._gcd_import(name[level:], package, level)
           ^^^^^^^^^^^^^^^^^^^^^^^^^^^^^^^^^^^^^^^^^^^^^^^^^^^^
  File "<frozen importlib._bootstrap>", line 1387, in _gcd_import
  File "<frozen importlib._bootstrap>", line 1360, in _find_and_load
  File "<frozen importlib._bootstrap>", line 1331, in _find_and_load_unlocked
  File "<frozen importlib._bootstrap>", line 935, in _load_unlocked
  File "<frozen importlib._bootstrap_external>", line 999, in exec_module
  File "<frozen importlib._bootstrap>", line 488, in _call_with_frames_removed
  File "/Users/win-win/Documents/workspace-tbs/UIT/Python-ML/uit-vietnamese-mrc/.venv/lib/python3.12/site-packages/transformers/models/tvp/image_processing_tvp.py", line 17, in <module>
    from torchvision.transforms.v2 import functional as tvF
ModuleNotFoundError: No module named 'torchvision'
2026-09-12 20:32:40.031 Examining the path of transformers.models.video_llama_3.image_processing_video_llama_3_fast raised:
Traceback (most recent call last):
  File "/Users/win-win/Documents/workspace-tbs/UIT/Python-ML/uit-vietnamese-mrc/.venv/lib/python3.12/site-packages/streamlit/watcher/local_sources_watcher.py", line 340, in get_module_paths
    potential_paths = extract_paths(module)
                      ^^^^^^^^^^^^^^^^^^^^^
  File "/Users/win-win/Documents/workspace-tbs/UIT/Python-ML/uit-vietnamese-mrc/.venv/lib/python3.12/site-packages/streamlit/watcher/local_sources_watcher.py", line 327, in <lambda>
    if hasattr(m, "__path__")
       ^^^^^^^^^^^^^^^^^^^^^^
  File "/Users/win-win/Documents/workspace-tbs/UIT/Python-ML/uit-vietnamese-mrc/.venv/lib/python3.12/site-packages/transformers/__init__.py", line 867, in _getattr
    return getattr(importlib.import_module(target, __name__), name)
                   ^^^^^^^^^^^^^^^^^^^^^^^^^^^^^^^^^^^^^^^^^
  File "/Users/win-win/.local/share/uv/python/cpython-3.12.13-macos-aarch64-none/lib/python3.12/importlib/__init__.py", line 90, in import_module
    return _bootstrap._gcd_import(name[level:], package, level)
           ^^^^^^^^^^^^^^^^^^^^^^^^^^^^^^^^^^^^^^^^^^^^^^^^^^^^
  File "<frozen importlib._bootstrap>", line 1387, in _gcd_import
  File "<frozen importlib._bootstrap>", line 1360, in _find_and_load
  File "<frozen importlib._bootstrap>", line 1331, in _find_and_load_unlocked
  File "<frozen importlib._bootstrap>", line 935, in _load_unlocked
  File "<frozen importlib._bootstrap_external>", line 999, in exec_module
  File "<frozen importlib._bootstrap>", line 488, in _call_with_frames_removed
  File "/Users/win-win/Documents/workspace-tbs/UIT/Python-ML/uit-vietnamese-mrc/.venv/lib/python3.12/site-packages/transformers/models/video_llama_3/image_processing_video_llama_3.py", line 24, in <module>
    import torchvision.transforms.v2.functional as tvF
ModuleNotFoundError: No module named 'torchvision'
2026-09-12 20:32:40.031 Examining the path of transformers.models.videomae.image_processing_videomae_fast raised:
Traceback (most recent call last):
  File "/Users/win-win/Documents/workspace-tbs/UIT/Python-ML/uit-vietnamese-mrc/.venv/lib/python3.12/site-packages/streamlit/watcher/local_sources_watcher.py", line 340, in get_module_paths
    potential_paths = extract_paths(module)
                      ^^^^^^^^^^^^^^^^^^^^^
  File "/Users/win-win/Documents/workspace-tbs/UIT/Python-ML/uit-vietnamese-mrc/.venv/lib/python3.12/site-packages/streamlit/watcher/local_sources_watcher.py", line 327, in <lambda>
    if hasattr(m, "__path__")
       ^^^^^^^^^^^^^^^^^^^^^^
  File "/Users/win-win/Documents/workspace-tbs/UIT/Python-ML/uit-vietnamese-mrc/.venv/lib/python3.12/site-packages/transformers/__init__.py", line 867, in _getattr
    return getattr(importlib.import_module(target, __name__), name)
                   ^^^^^^^^^^^^^^^^^^^^^^^^^^^^^^^^^^^^^^^^^
  File "/Users/win-win/.local/share/uv/python/cpython-3.12.13-macos-aarch64-none/lib/python3.12/importlib/__init__.py", line 90, in import_module
    return _bootstrap._gcd_import(name[level:], package, level)
           ^^^^^^^^^^^^^^^^^^^^^^^^^^^^^^^^^^^^^^^^^^^^^^^^^^^^
  File "<frozen importlib._bootstrap>", line 1387, in _gcd_import
  File "<frozen importlib._bootstrap>", line 1360, in _find_and_load
  File "<frozen importlib._bootstrap>", line 1331, in _find_and_load_unlocked
  File "<frozen importlib._bootstrap>", line 935, in _load_unlocked
  File "<frozen importlib._bootstrap_external>", line 999, in exec_module
  File "<frozen importlib._bootstrap>", line 488, in _call_with_frames_removed
  File "/Users/win-win/Documents/workspace-tbs/UIT/Python-ML/uit-vietnamese-mrc/.venv/lib/python3.12/site-packages/transformers/models/videomae/image_processing_videomae.py", line 17, in <module>
    from torchvision.transforms.v2 import functional as tvF
ModuleNotFoundError: No module named 'torchvision'
2026-09-12 20:32:40.031 Examining the path of transformers.models.vilt.image_processing_vilt_fast raised:
Traceback (most recent call last):
  File "/Users/win-win/Documents/workspace-tbs/UIT/Python-ML/uit-vietnamese-mrc/.venv/lib/python3.12/site-packages/streamlit/watcher/local_sources_watcher.py", line 340, in get_module_paths
    potential_paths = extract_paths(module)
                      ^^^^^^^^^^^^^^^^^^^^^
  File "/Users/win-win/Documents/workspace-tbs/UIT/Python-ML/uit-vietnamese-mrc/.venv/lib/python3.12/site-packages/streamlit/watcher/local_sources_watcher.py", line 327, in <lambda>
    if hasattr(m, "__path__")
       ^^^^^^^^^^^^^^^^^^^^^^
  File "/Users/win-win/Documents/workspace-tbs/UIT/Python-ML/uit-vietnamese-mrc/.venv/lib/python3.12/site-packages/transformers/__init__.py", line 867, in _getattr
    return getattr(importlib.import_module(target, __name__), name)
                   ^^^^^^^^^^^^^^^^^^^^^^^^^^^^^^^^^^^^^^^^^
  File "/Users/win-win/.local/share/uv/python/cpython-3.12.13-macos-aarch64-none/lib/python3.12/importlib/__init__.py", line 90, in import_module
    return _bootstrap._gcd_import(name[level:], package, level)
           ^^^^^^^^^^^^^^^^^^^^^^^^^^^^^^^^^^^^^^^^^^^^^^^^^^^^
  File "<frozen importlib._bootstrap>", line 1387, in _gcd_import
  File "<frozen importlib._bootstrap>", line 1360, in _find_and_load
  File "<frozen importlib._bootstrap>", line 1331, in _find_and_load_unlocked
  File "<frozen importlib._bootstrap>", line 935, in _load_unlocked
  File "<frozen importlib._bootstrap_external>", line 999, in exec_module
  File "<frozen importlib._bootstrap>", line 488, in _call_with_frames_removed
  File "/Users/win-win/Documents/workspace-tbs/UIT/Python-ML/uit-vietnamese-mrc/.venv/lib/python3.12/site-packages/transformers/models/vilt/image_processing_vilt.py", line 17, in <module>
    from torchvision.transforms.v2 import functional as tvF
ModuleNotFoundError: No module named 'torchvision'
2026-09-12 20:32:40.032 Examining the path of transformers.models.vitmatte.image_processing_vitmatte_fast raised:
Traceback (most recent call last):
  File "/Users/win-win/Documents/workspace-tbs/UIT/Python-ML/uit-vietnamese-mrc/.venv/lib/python3.12/site-packages/streamlit/watcher/local_sources_watcher.py", line 340, in get_module_paths
    potential_paths = extract_paths(module)
                      ^^^^^^^^^^^^^^^^^^^^^
  File "/Users/win-win/Documents/workspace-tbs/UIT/Python-ML/uit-vietnamese-mrc/.venv/lib/python3.12/site-packages/streamlit/watcher/local_sources_watcher.py", line 327, in <lambda>
    if hasattr(m, "__path__")
       ^^^^^^^^^^^^^^^^^^^^^^
  File "/Users/win-win/Documents/workspace-tbs/UIT/Python-ML/uit-vietnamese-mrc/.venv/lib/python3.12/site-packages/transformers/__init__.py", line 867, in _getattr
    return getattr(importlib.import_module(target, __name__), name)
                   ^^^^^^^^^^^^^^^^^^^^^^^^^^^^^^^^^^^^^^^^^
  File "/Users/win-win/.local/share/uv/python/cpython-3.12.13-macos-aarch64-none/lib/python3.12/importlib/__init__.py", line 90, in import_module
    return _bootstrap._gcd_import(name[level:], package, level)
           ^^^^^^^^^^^^^^^^^^^^^^^^^^^^^^^^^^^^^^^^^^^^^^^^^^^^
  File "<frozen importlib._bootstrap>", line 1387, in _gcd_import
  File "<frozen importlib._bootstrap>", line 1360, in _find_and_load
  File "<frozen importlib._bootstrap>", line 1331, in _find_and_load_unlocked
  File "<frozen importlib._bootstrap>", line 935, in _load_unlocked
  File "<frozen importlib._bootstrap_external>", line 999, in exec_module
  File "<frozen importlib._bootstrap>", line 488, in _call_with_frames_removed
  File "/Users/win-win/Documents/workspace-tbs/UIT/Python-ML/uit-vietnamese-mrc/.venv/lib/python3.12/site-packages/transformers/models/vitmatte/image_processing_vitmatte.py", line 19, in <module>
    from torchvision.transforms.v2 import functional as tvF
ModuleNotFoundError: No module named 'torchvision'
2026-09-12 20:32:40.032 Examining the path of transformers.models.vitpose.image_processing_vitpose_fast raised:
Traceback (most recent call last):
  File "/Users/win-win/Documents/workspace-tbs/UIT/Python-ML/uit-vietnamese-mrc/.venv/lib/python3.12/site-packages/streamlit/watcher/local_sources_watcher.py", line 340, in get_module_paths
    potential_paths = extract_paths(module)
                      ^^^^^^^^^^^^^^^^^^^^^
  File "/Users/win-win/Documents/workspace-tbs/UIT/Python-ML/uit-vietnamese-mrc/.venv/lib/python3.12/site-packages/streamlit/watcher/local_sources_watcher.py", line 327, in <lambda>
    if hasattr(m, "__path__")
       ^^^^^^^^^^^^^^^^^^^^^^
  File "/Users/win-win/Documents/workspace-tbs/UIT/Python-ML/uit-vietnamese-mrc/.venv/lib/python3.12/site-packages/transformers/__init__.py", line 867, in _getattr
    return getattr(importlib.import_module(target, __name__), name)
                   ^^^^^^^^^^^^^^^^^^^^^^^^^^^^^^^^^^^^^^^^^
  File "/Users/win-win/.local/share/uv/python/cpython-3.12.13-macos-aarch64-none/lib/python3.12/importlib/__init__.py", line 90, in import_module
    return _bootstrap._gcd_import(name[level:], package, level)
           ^^^^^^^^^^^^^^^^^^^^^^^^^^^^^^^^^^^^^^^^^^^^^^^^^^^^
  File "<frozen importlib._bootstrap>", line 1387, in _gcd_import
  File "<frozen importlib._bootstrap>", line 1360, in _find_and_load
  File "<frozen importlib._bootstrap>", line 1331, in _find_and_load_unlocked
  File "<frozen importlib._bootstrap>", line 935, in _load_unlocked
  File "<frozen importlib._bootstrap_external>", line 999, in exec_module
  File "<frozen importlib._bootstrap>", line 488, in _call_with_frames_removed
  File "/Users/win-win/Documents/workspace-tbs/UIT/Python-ML/uit-vietnamese-mrc/.venv/lib/python3.12/site-packages/transformers/models/vitpose/image_processing_vitpose.py", line 22, in <module>
    from torchvision.transforms.v2 import functional as tvF
ModuleNotFoundError: No module named 'torchvision'
2026-09-12 20:32:40.033 Examining the path of transformers.models.yolos.image_processing_yolos_fast raised:
Traceback (most recent call last):
  File "/Users/win-win/Documents/workspace-tbs/UIT/Python-ML/uit-vietnamese-mrc/.venv/lib/python3.12/site-packages/streamlit/watcher/local_sources_watcher.py", line 340, in get_module_paths
    potential_paths = extract_paths(module)
                      ^^^^^^^^^^^^^^^^^^^^^
  File "/Users/win-win/Documents/workspace-tbs/UIT/Python-ML/uit-vietnamese-mrc/.venv/lib/python3.12/site-packages/streamlit/watcher/local_sources_watcher.py", line 327, in <lambda>
    if hasattr(m, "__path__")
       ^^^^^^^^^^^^^^^^^^^^^^
  File "/Users/win-win/Documents/workspace-tbs/UIT/Python-ML/uit-vietnamese-mrc/.venv/lib/python3.12/site-packages/transformers/__init__.py", line 867, in _getattr
    return getattr(importlib.import_module(target, __name__), name)
                   ^^^^^^^^^^^^^^^^^^^^^^^^^^^^^^^^^^^^^^^^^
  File "/Users/win-win/.local/share/uv/python/cpython-3.12.13-macos-aarch64-none/lib/python3.12/importlib/__init__.py", line 90, in import_module
    return _bootstrap._gcd_import(name[level:], package, level)
           ^^^^^^^^^^^^^^^^^^^^^^^^^^^^^^^^^^^^^^^^^^^^^^^^^^^^
  File "<frozen importlib._bootstrap>", line 1387, in _gcd_import
  File "<frozen importlib._bootstrap>", line 1360, in _find_and_load
  File "<frozen importlib._bootstrap>", line 1331, in _find_and_load_unlocked
  File "<frozen importlib._bootstrap>", line 935, in _load_unlocked
  File "<frozen importlib._bootstrap_external>", line 999, in exec_module
  File "<frozen importlib._bootstrap>", line 488, in _call_with_frames_removed
  File "/Users/win-win/Documents/workspace-tbs/UIT/Python-ML/uit-vietnamese-mrc/.venv/lib/python3.12/site-packages/transformers/models/yolos/image_processing_yolos.py", line 12, in <module>
    from torchvision.io import read_image
ModuleNotFoundError: No module named 'torchvision'
2026-09-12 20:32:40.033 Examining the path of transformers.models.zoedepth.image_processing_zoedepth_fast raised:
Traceback (most recent call last):
  File "/Users/win-win/Documents/workspace-tbs/UIT/Python-ML/uit-vietnamese-mrc/.venv/lib/python3.12/site-packages/streamlit/watcher/local_sources_watcher.py", line 340, in get_module_paths
    potential_paths = extract_paths(module)
                      ^^^^^^^^^^^^^^^^^^^^^
  File "/Users/win-win/Documents/workspace-tbs/UIT/Python-ML/uit-vietnamese-mrc/.venv/lib/python3.12/site-packages/streamlit/watcher/local_sources_watcher.py", line 327, in <lambda>
    if hasattr(m, "__path__")
       ^^^^^^^^^^^^^^^^^^^^^^
  File "/Users/win-win/Documents/workspace-tbs/UIT/Python-ML/uit-vietnamese-mrc/.venv/lib/python3.12/site-packages/transformers/__init__.py", line 867, in _getattr
    return getattr(importlib.import_module(target, __name__), name)
                   ^^^^^^^^^^^^^^^^^^^^^^^^^^^^^^^^^^^^^^^^^
  File "/Users/win-win/.local/share/uv/python/cpython-3.12.13-macos-aarch64-none/lib/python3.12/importlib/__init__.py", line 90, in import_module
    return _bootstrap._gcd_import(name[level:], package, level)
           ^^^^^^^^^^^^^^^^^^^^^^^^^^^^^^^^^^^^^^^^^^^^^^^^^^^^
  File "<frozen importlib._bootstrap>", line 1387, in _gcd_import
  File "<frozen importlib._bootstrap>", line 1360, in _find_and_load
  File "<frozen importlib._bootstrap>", line 1331, in _find_and_load_unlocked
  File "<frozen importlib._bootstrap>", line 935, in _load_unlocked
  File "<frozen importlib._bootstrap_external>", line 999, in exec_module
  File "<frozen importlib._bootstrap>", line 488, in _call_with_frames_removed
  File "/Users/win-win/Documents/workspace-tbs/UIT/Python-ML/uit-vietnamese-mrc/.venv/lib/python3.12/site-packages/transformers/models/zoedepth/image_processing_zoedepth.py", line 43, in <module>
    from torchvision.transforms.v2 import functional as tvF
ModuleNotFoundError: No module named 'torchvision'
